headline,snippet,published_at,source,date
SBI's $289 million Bitbank deal is symptomatic of Japan's crypto consolidation: Architect Partners,The investment bank said the purchase of Japanese crypto exchange Bitbank is a bet on regulated scale as sweeping reforms reshape the country's digital asset market.,2026-06-28T15:00:00Z,CoinDesk,2026-06-28 15:00:00
"Stacks ranks 40th in Coinbase’s COIN50 Index, putting Bitcoin’s top Layer 2 on institutional radar","Stacks' inclusion in Coinbase's COIN50 Index enhances its visibility among institutional investors, potentially boosting its market liquidity.
The post Stacks ranks 40th in Coinbase’s COIN50 Index, putting Bitcoin’s top Layer 2 on institutional radar appeared…",2026-06-28T13:23:58Z,Crypto Briefing,2026-06-28 13:23:58
XRP investors capitulate at fastest pace since the 2022 crypto crash amid slide to $1,"XRP’s retreat toward $1 is testing whether one of the cryptocurrency market’s largest tokens can hold a level that has become increasingly important after months of declining prices. Data from CryptoSlate shows that the digital asset fell to $1.02 on Friday, …",2026-06-28T12:05:22Z,CryptoSlate,2026-06-28 12:05:22
"Bitcoin falls below $60,000, on track for a rare back-to-back quarterly loss","The token is down nearly 7% on the week with the altcoins falling harder. Bitcoin and ether are both ending the second quarter in the red, a back-to-back losing first half that runs against the usual pattern.",2026-06-28T07:10:52Z,CoinDesk,2026-06-28 07:10:52
Ripple Secures Preliminary Luxembourg Approval to Prepare MiCA-Compliant XRP and RLUSD Operations,"Ripple Secures Preliminary Luxembourg Approval to Prepare MiCA-Compliant XRP and RLUSD Operations: a fresh look at Ripple MiCA Luxembourg CASP, market cont",2026-06-28T01:05:00Z,Bitcoinist,2026-06-28 01:05:00
Stellar Has 9 Times More Tokenized Assets Than XRP but XRP Is Worth 11 Times More,"The post Stellar Has 9 Times More Tokenized Assets Than XRP but XRP Is Worth 11 Times More appeared first on 24/7 Wall St..
XRP (CRYPTO:XRP) and Stellar have always been chasing the same prize, which is moving money and assets across borders without the old b…",2026-06-28T00:17:02Z,Biztoc.com,2026-06-28 00:17:02
Ripple Partners With SBI Holdings for Japan RLUSD Stablecoin Launch After JFSA Green Light,"Ripple Partners With SBI Holdings for Japan RLUSD Stablecoin Launch After JFSA Green Light: a fresh look at Ripple RLUSD Japan, market context, key risks,",2026-06-27T23:35:00Z,Bitcoinist,2026-06-27 23:35:00
XRP Prepares for July Bounce-Back as Price History Points to Positive Third Quarter Seasonality,"XRP Prepares for July Bounce-Back as Price History Points to Positive Third Quarter Seasonality: a fresh look at XRP July seasonality, market context, key",2026-06-27T22:00:00Z,newsBTC,2026-06-27 22:00:00
Analyst Warns of Warren-Led Push to Cut Ripple’s XRP Off From Banks,Concerns are mounting in the crypto community that amendments tied to Senator Elizabeth Warren could impede XRP's access to traditional banking.,2026-06-27T19:43:17Z,ZyCrypto,2026-06-27 19:43:17
Caleb & Brown Integrates Ripple Payments to Speed Up Client Fiat Settlements,"Caleb & Brown Integrates Ripple Payments to Speed Up Client Fiat Settlements: a fresh look at Caleb Brown Ripple Payments, market context, key risks, and w",2026-06-27T18:20:00Z,Bitcoinist,2026-06-27 18:20:00
Ripple CEO Brad Garlinghouse Slams Michael Saylor’s Bitcoin Buying Model as “Financial Engineering”,"Ripple CEO Brad Garlinghouse Slams Michael Saylor’s Bitcoin Buying Model as ""Financial Engineering"": a fresh look at Garlinghouse Saylor Bitcoin leverage,",2026-06-27T17:30:00Z,newsBTC,2026-06-27 17:30:00
Standard Chartered Says XRP Hits $28 by 2030 but Ripple’s Own Stablecoin May Have Other Plans,"The post Standard Chartered Says XRP Hits $28 by 2030 but Ripple’s Own Stablecoin May Have Other Plans appeared first on 24/7 Wall St..
XRP’s (CRYPTO:XRP) price action this year has been nothing short of underwhelming. The news around Ripple’s network kept ge…",2026-06-27T17:10:51Z,Biztoc.com,2026-06-27 17:10:51
Standard Chartered Says XRP Hits $28 by 2030 but Ripple’s Own Stablecoin May Have Other Plans,,2026-06-27T16:56:01Z,Yahoo Entertainment,2026-06-27 16:56:01
US Spot Bitcoin ETFs See $445 Million in Single-Day Outflows as Institutional Pressure Builds,"US Spot Bitcoin ETFs See $445 Million in Single-Day Outflows as Institutional Pressure Builds: key Bitcoin market levels, on-chain context, risk notes, and",2026-06-27T15:30:00Z,newsBTC,2026-06-27 15:30:00
Ripple CEO stays bullish on bitcoin but says Saylor's strategy has hurt crypto,"Ripple CEO stays bullish on bitcoin but says Saylor's strategy has hurt crypto
Ripple's Brad Garlinghouse called Strategy's preferred-stock funding model ""financial engineering"" that distracted the market, pointing to STRC's slide to a record low as the evide…",2026-06-27T08:19:20Z,Biztoc.com,2026-06-27 08:19:20
Ripple CEO stays bullish on bitcoin but says Saylor's strategy has hurt crypto,"Ripple's Brad Garlinghouse called Strategy's preferred-stock funding model ""financial engineering"" that distracted the market, pointing to STRC's slide to a record low as the evidence. He runs the company behind XRP, a bitcoin rival.",2026-06-27T07:58:35Z,CoinDesk,2026-06-27 07:58:35
Dogecoin and Hyperliquid's HYPE led weekly crypto losses as AI stocks lure buyers,"A rotation out of chipmakers lifted much of the stock market, with the equal-weight S&P 500 at a record. Crypto was not part of it. Ether fell 8% on the week and the memecoins dropped harder.",2026-06-27T07:43:58Z,CoinDesk,2026-06-27 07:43:58
"Bitcoin struggles under $60,000 amid persistent ETF withdrawals. Here is what experts say","Bitcoin hovers below $60,000 as investors withdraw from spot ETFs, driven by concerns over rising US interest rates. Major altcoins saw mixed movements, with some gaining up to 4%. Analysts suggest a potential dip to $55,500-$56,000 if Bitcoin breaks key supp…",2026-06-27T07:25:38Z,The Times of India,2026-06-27 07:25:38
Ripple’s $1.6 Billion RLUSD Stablecoin Launches in Japan Following JFSA Approval,Ripple has officially introduced its U.S. dollar-backed stablecoin RLUSD to the Japanese market after securing regulatory approval from the JFSA.,2026-06-27T07:24:07Z,ZyCrypto,2026-06-27 07:24:07
Crypto News: Pepeto Nears Binance Listing While XRP Price Holders Ask Whether $100 Is Possible,"DUBAI, United Arab Emirates, June 27, 2026 (GLOBE NEWSWIRE) -- Pepeto is closing in on its Binance listing and the presale just crossed $10.336 million, placing it among the fastest-filling token sales in crypto news this cycle. Presales remain the one catego…",2026-06-27T07:11:00Z,GlobeNewswire,2026-06-27 07:11:00
1 Brand New Big Green Flag for XRP (Ripple) in 2026 and Beyond,"Right before the European Union plans to shut the door on unlicensed crypto companies, Ripple, the company behind XRP (CRYPTO: XRP), was issued a key. On June 23, the Commission de Surveillance du Secteur Financier (CSSF) of Luxembourg granted Ripple prelimin…",2026-06-27T06:18:48Z,Biztoc.com,2026-06-27 06:18:48
Securitize expects to raise $400M ahead of public debut,"Securitize says it expects to receive $400 million when it debuts on Thursday, July 2, as it plans to go public via a SPAC merger with a company backed by Cantor Fitzgerald.",2026-06-27T05:35:27Z,Cointelegraph,2026-06-27 05:35:27
Crypto News Today: AlphaPepe Binance Listing Update While XRP Price Prediction Targets $8,"MONACO, June 26, 2026 (GLOBE NEWSWIRE) -- Crypto news today is turning toward AlphaPepe as Binance listing speculation grows after the project announced two CEX partnerships before launch. AlphaPepe has already revealed Azbit and BiFinance, while the presale …",2026-06-27T01:00:00Z,GlobeNewswire,2026-06-27 01:00:00
Weekly Wrap: Bitcoin Nears Two-Year Low,Leading cryptocurrencies such as Bitcoin (CRYPTO: $BTC) and Ethereum (CRYPTO: $ETH) reached their lowest levels of...,2026-06-26T23:52:00Z,Cryptoprowl.com,2026-06-26 23:52:00
Where Will XRP Be in 3 Years?,"Right now, crypto industry sentiment on XRP (CRYPTO: XRP) is at rock-bottom lows. The world's sixth-largest cryptocurrency is now trading at just $1.03, down a head-spinning 70% from its high last year.
But things could be about to turn around for XRP. Invest…",2026-06-26T22:57:39Z,Biztoc.com,2026-06-26 22:57:39
"Old Ether wallets move 37,806 ETH as whale conviction faces key test at $1.5K","Old Ether wallets moved 37,806 ETH as long-term whale profitability turned negative for the first time since 2019, signaling mixed sentiment among large holders.",2026-06-26T22:18:07Z,Cointelegraph,2026-06-26 22:18:07
US crypto perps are live but Bitcoin may be the only market many traders can actually use,"Kalshi’s broader board is now visible, but depth, spreads, funding, and venue habit will decide whether alt markets matter.
The post US crypto perps are live but Bitcoin may be the only market many traders can actually use appeared first on CryptoSlate.",2026-06-26T22:00:40Z,CryptoSlate,2026-06-26 22:00:40
Ripple CEO criticizes Strategy’s Michael Saylor as STRC trades 26% below par,"The STRC's decline highlights risks in financial engineering over utility, potentially deterring similar corporate Bitcoin strategies.
The post Ripple CEO criticizes Strategy’s Michael Saylor as STRC trades 26% below par appeared first on Crypto Briefing.",2026-06-26T20:52:38Z,Crypto Briefing,2026-06-26 20:52:38
Israel and Lebanon sign trilateral framework agreement in Washington as Hezbollah rejects key terms,"The agreement's success hinges on Lebanon's control over Hezbollah, impacting regional stability and risk asset markets, including crypto.
The post Israel and Lebanon sign trilateral framework agreement in Washington as Hezbollah rejects key terms appeared fi…",2026-06-26T19:01:11Z,Crypto Briefing,2026-06-26 19:01:11
XRP Tests $1 Support As Long Liquidations Surge Inside Multi-Month Wedge,XRP tested $1 support as long liquidations surged and traders watched a multi-month falling wedge pattern for signs of a reclaim.,2026-06-26T19:00:53Z,newsBTC,2026-06-26 19:00:53
Ripple CTO David Schwartz Clarifies XRP And Bitcoin Origins In Timeline Debate,"Ripple CTO Emeritus David Schwartz pushed back on claims that XRP predates Bitcoin, separating RipplePay’s 2004 concept from the 2012 XRP Ledger.",2026-06-26T18:00:52Z,newsBTC,2026-06-26 18:00:52
"SEC, CFTC seek input on unified portfolio margin rules across securities and derivatives","The regulatory agencies are seeking public feedback on cross-margining, collateral and risk management as cryptocurrency derivatives and multi-asset trading continue to expand.",2026-06-26T17:43:33Z,Cointelegraph,2026-06-26 17:43:33
US senators push to end CFTC ‘assault’ on state oversight of prediction markets,Senators Richard Blumenthal and Senator Jeff Merkley sent a letter to the Senate Appropriations Subcommittee on Financial Services and General Government this week to address the CFTC’s legal battles involving prediction markets.,2026-06-26T16:10:37Z,Cointelegraph,2026-06-26 16:10:37
"Ripple got RLUSD into Japan, now the stablecoin race begins as Circle and Nomura join","Ripple and SBI announced the official launch of RLUSD in Japan on June 24, following JFSA approval, with the stablecoin available to institutional and retail users through SBI VC Trade. Ripple categorized RLUSD under Japan's Payment Services Act as a new type…",2026-06-26T16:00:16Z,CryptoSlate,2026-06-26 16:00:16
"Could the Cryptocurrency XRP Turn $1,000 Into $10,000?","The cryptocurrency market is full of examples of coins returning 900% or more. XRP (CRYPTO: XRP) has done it in the past. Can it do so again?
Many investors hope so. And XRP definitely seems like a good choice at first blush: It has a loyal following and a co…",2026-06-26T15:31:42Z,Biztoc.com,2026-06-26 15:31:42
"Could the Cryptocurrency XRP Turn $1,000 Into $10,000?",,2026-06-26T15:05:00Z,Yahoo Entertainment,2026-06-26 15:05:00
Tech selloff drags crypto to its lowest levels of the year,"The tech selloff highlights crypto's vulnerability to market shifts, emphasizing its correlation with tech stocks and risk sensitivity.
The post Tech selloff drags crypto to its lowest levels of the year appeared first on Crypto Briefing.",2026-06-26T14:48:05Z,Crypto Briefing,2026-06-26 14:48:05
Framework Ventures raises $400M to invest beyond crypto: Report,"Framework Ventures raises $400 million fourth fund as it expands into AI, robotics and energy while reportedly planning to continue crypto investments.",2026-06-26T13:58:28Z,Cointelegraph,2026-06-26 13:58:28
XRP Power Announces Enhanced New User Access Program and AI-Powered Onboarding Experience,"New Initiative Aims to Improve Accessibility, Simplify Registration, and Support Global Platform Growth New Initiative Aims to Improve Accessibility, Simplify Registration, and Support Global Platform Growth",2026-06-26T13:17:00Z,GlobeNewswire,2026-06-26 13:17:00
"Ether, XRP and dogecoin lead a broad crypto selloff as tech stocks tumble","Ether, XRP and dogecoin lead a broad crypto selloff as tech stocks tumble
Bitcoin slipped near $58,000 before recovering, and CF Benchmarks says the $50,000 to $60,000 zone is where buyers have always stepped in.
- Major cryptocurrencies led by ether, XRP and…",2026-06-26T13:11:41Z,Biztoc.com,2026-06-26 13:11:41
How to Use Ledger Nano & Hardware Wallets: Step-by-Step Guide to Secure Your Crypto in 2026,"With increased cryptocurrency online usage, protecting the user’s private keys has become one of the most important aspects of self-custody.  What Is a Hardware Wallet...
The post How to Use Ledger Nano & Hardware Wallets: Step-by-Step Guide to Secure Your Cr…",2026-06-26T11:47:06Z,Bitcoinfoundation.org,2026-06-26 11:47:06
AscendEX withdrawal complaints mount as ZachXBT questions reserves,Multiple users reported delayed AscendEX withdrawals after ZachXBT flagged potential liquidity issues and urged the exchange to explain its reserves.,2026-06-26T11:47:02Z,Cointelegraph,2026-06-26 11:47:02
"Bitcoin bounces from $58,000 as derivatives signal more pain in the pipeline","BTC touched its lowest level since September 2024 before rebounding to $59,770, while ETH slipped further and another $1 billion in futures positions were wiped out.",2026-06-26T11:03:20Z,CoinDesk,2026-06-26 11:03:20
Bitcoin ETFs post June's biggest daily outflows as BTC falls below $60K,"US spot Bitcoin ETFs saw $696 million in daily outflows as Bitcoin fell below $60,000, marking the largest withdrawals of June and pushing monthly outflows above $3.6 billion.",2026-06-26T09:36:34Z,Cointelegraph,2026-06-26 09:36:34
Is XRP Finally a Buy?,,2026-06-26T09:24:00Z,Yahoo Entertainment,2026-06-26 09:24:00
"Bitcoin, Solana or XRP? The best performing crypto asset of 2026 so far","Crypto prices may have corrected sharply in 2026, but underlying trends suggest growing maturity. Institutional participation, stronger blockchain activity, improving regulation and broader adoption indicate that Bitcoin, Solana and XRP are increasingly being…",2026-06-26T07:51:27Z,The Times of India,2026-06-26 07:51:27
"Crypto Market Flashes Recovery Signs Ahead of $10.8B Bitcoin, ETH, XRP, SOL Options Expiry",,2026-06-26T06:53:11Z,Yahoo Entertainment,2026-06-26 06:53:11
Tether stablecoin flips Ether by market cap as ETH routs to $1.5K,"Tether’s USDt flipped Ether to become crypto’s second-largest asset by market cap as ETH fell towards $1,500 in a broad crypto selloff.",2026-06-26T06:02:01Z,Cointelegraph,2026-06-26 06:02:01
"Ether, XRP and dogecoin lead a broad crypto selloff as tech stocks tumble","Ether, XRP and dogecoin lead a broad crypto selloff as tech stocks tumble
Bitcoin slipped near $58,000 before recovering, and CF Benchmarks says the $50,000 to $60,000 zone is where buyers have always stepped in.
- Major cryptocurrencies led by ether, XRP and…",2026-06-26T05:52:03Z,Biztoc.com,2026-06-26 05:52:03
"Ether, XRP and dogecoin lead a broad crypto selloff as tech stocks tumble","Bitcoin slipped near $58,000 before recovering, and CF Benchmarks says the $50,000 to $60,000 zone is where buyers have always stepped in.",2026-06-26T05:41:51Z,CoinDesk,2026-06-26 05:41:51
Coinbase's Base resumes block production after 2-hour outage,The Coinbase-backed blockchain Base returned online after two hours of downtime due to a consensus problem that prevented the creation of new blocks.,2026-06-26T05:10:44Z,Cointelegraph,2026-06-26 05:10:44
XRP sinks to 19-month low amid weak ETF flows,"XRP's price crashed to another new low of $1.02 on June 25 as the sixth-largest cryptocurrency hit a level it last touched in mid-November 2024.
However, that was a different time as Donald Trump had just won the presidential election for the second time and …",2026-06-26T00:13:28Z,Biztoc.com,2026-06-26 00:13:28
XRP sinks to 19-month low amid weak ETF flows,,2026-06-25T23:47:49Z,Yahoo Entertainment,2026-06-25 23:47:49
XRP Quietly Loses Its Last Line of Support,,2026-06-25T22:30:00Z,Yahoo Entertainment,2026-06-25 22:30:00
"Over $1B in crypto positions liquidated in 24 hours as leverage wipes out 138,000 traders","The liquidation highlights the risks of high leverage in volatile markets, potentially deterring future speculative trading and impacting market stability.
The post Over $1B in crypto positions liquidated in 24 hours as leverage wipes out 138,000 traders appe…",2026-06-25T19:00:09Z,Crypto Briefing,2026-06-25 19:00:09
Ripple And SBI Launch RLUSD Stablecoin In Japan After Regulatory Approval,"Ripple’s dollar-backed RLUSD stablecoin is now available in Japan through SBI VC Trade, adding a regulated Asian market to Ripple’s stablecoin push.",2026-06-25T18:00:14Z,newsBTC,2026-06-25 18:00:14
How Japan’s Public Companies Are Quietly Becoming Digital Asset Treasury Giants,"Japan DATs:- Picture this. An Asian economic giant. The world’s fourth-largest economy. A country with one of the largest equity markets in the world, with l...",2026-06-25T17:33:26Z,Coingape,2026-06-25 17:33:26
AAVE May Outperform Bitcoin and Ethereum by 2030: Standard Chartered,Decentralized finance (DeFi) growth will usher in new capital to crypto and remains pivotal for the next bull case.,2026-06-25T17:13:48Z,ZyCrypto,2026-06-25 17:13:48
"XRP risks drop below $1, but onchain data highlights silver lining","XRP’s chance of a daily close below $1 are rising, but whale accumulation and shrinking exchange supply may be a sign that traders are buying.",2026-06-25T17:11:33Z,Cointelegraph,2026-06-25 17:11:33
"WhiteBIT Launches Crypto Bundles, Offering Thematic Crypto Portfolios Through Auto-Invest","VILNIUS, Lithuania, June 25, 2026 (GLOBE NEWSWIRE) -- WhiteBIT, the largest European exchange by traffic, has launched Crypto Bundles
, a new investment product that allows users to gain exposure to portfolios of digital assets built around specific market t…",2026-06-25T16:41:00Z,GlobeNewswire,2026-06-25 16:41:00
Crypto News: Pepeto Presale Crosses $10.3 Million While the XRP Price Prediction Targets $12.50,"DUBAI, United Arab Emirates, June 25, 2026 (GLOBE NEWSWIRE) -- Pepeto's latest presale stage cleared ahead of schedule and new wallets are now joining at twice last month's rate, which is why the project just crossed $10.3 million raised with the listing appr…",2026-06-25T16:39:00Z,GlobeNewswire,2026-06-25 16:39:00
Project Pangea Targets $150B Trade Corridor: Can Chainlink Challenge XRP and XLM in Cross-Border Payments?,,2026-06-25T16:12:15Z,Yahoo Entertainment,2026-06-25 16:12:15
XRP Weekly RSI Flashes Oversold Signal As Traders Watch $1.10 Support,XRP has pushed into an oversold technical setup that some traders are comparing with prior cycle-bottom conditions.,2026-06-25T15:30:16Z,Bitcoinist,2026-06-25 15:30:16
Bitcoin Hits 21-Month Low As Expiring Crypto Bets Threaten More Selling,The world’s leading cryptocurrency has lost more than half its value since peaking last fall.,2026-06-25T15:29:15Z,Forbes,2026-06-25 15:29:15
XRP and Ethereum Share This 1 Critical Problem. Should You Sell Them?,"Two of the largest cryptocurrencies destroy a portion of every transaction fee incurred on their blockchains. But contrary to what most investors expect, those mechanisms aren't meaningfully boosting returns for holders.
Ethereum (CRYPTO: ETH) has seen its su…",2026-06-25T15:03:39Z,Biztoc.com,2026-06-25 15:03:39
XRP and Ethereum Share This 1 Critical Problem. Should You Sell Them?,,2026-06-25T14:45:00Z,Yahoo Entertainment,2026-06-25 14:45:00
"BTCC Exchange Sets New Record with $118 Million Single-Day SpaceX Futures Volume, Alongside Strong June 2026 Proof of Reserves","LODZ, Poland, June 25, 2026 (GLOBE NEWSWIRE) -- BTCC, the world’s longest-serving crypto exchange, announced that its SpaceX futures (SPCX) achieved a record single-day trading volume of over 118 million USDT on June 16, 2026. The strong demand reflects extra…",2026-06-25T14:04:00Z,GlobeNewswire,2026-06-25 14:04:00
"Bitcoin crash below $60,000 triggers $1 billion loss as markets now price Fed rate hike by October","Bitcoin price fell below $60,000 this week and touched its lowest level since October 2024 as traders abandoned expectations for interest-rate cuts and began preparing for the Federal Reserve to raise borrowing costs later this year. According to CryptoSlate'…",2026-06-25T13:30:19Z,CryptoSlate,2026-06-25 13:30:19
RLUSD Just Overtook Ethereum on the XRP Ledger: Can It Help XRP this Time?,"The post RLUSD Just Overtook Ethereum on the XRP Ledger: Can It Help XRP this Time? appeared first on 24/7 Wall St..
When Ripple launched its own dollar stablecoin in late 2024, the whole point was to give the XRP Ledger a regulated dollar to run on. Then it …",2026-06-25T13:28:53Z,Biztoc.com,2026-06-25 13:28:53
RLUSD Just Overtook Ethereum on the XRP Ledger: Can It Help XRP this Time?,,2026-06-25T13:24:43Z,Yahoo Entertainment,2026-06-25 13:24:43
SBI to acquire Bitbank in $289M deal creating Japan's biggest crypto exchange,"The Japanese financial conglomerate plans to take full control of Bitbank as it expands an ecosystem spanning crypto trading, stablecoins, tokenization and blockchain infrastructure.",2026-06-25T13:08:11Z,Cointelegraph,2026-06-25 13:08:11
"US economy grows at 2.1% annual rate in Q1, but crypto markets barely flinch","Crypto's muted response to GDP contraction suggests a decoupling from traditional economic metrics, highlighting a shift in market dynamics.
The post US economy grows at 2.1% annual rate in Q1, but crypto markets barely flinch appeared first on Crypto Briefin…",2026-06-25T12:57:42Z,Crypto Briefing,2026-06-25 12:57:42
Crypto relief rally fails to shake persistent bearish derivatives signal,"A relief rally tied to recovering U.S. equities lifted BTC and ETH off weekly lows, but bearish derivatives positioning and negative CVD suggest the rebound may be fragile.",2026-06-25T10:53:24Z,CoinDesk,2026-06-25 10:53:24
Ripple Launches RLUSD Stablecoin in Japan as XRP Price Tests Historically Oversold Levels,"Another positive development for Ripple–its RLUSD stablecoin is now officially available to Japanese users. Yet XRP’s price hasn’t reacted with a rally. Ripple has received...
The post Ripple Launches RLUSD Stablecoin in Japan as XRP Price Tests Historically …",2026-06-25T09:23:44Z,Bitcoinfoundation.org,2026-06-25 09:23:44
Matt ‘Fortune Favors the Brave’ Damon Is Back for More Crypto Fun,This time Ripple is laundering its reputation through Matt Damon and his Water.org charity.,2026-06-25T09:00:43Z,Gizmodo.com,2026-06-25 09:00:43
"Bitcoin slides toward $61,000 as profit booking and cautious sentiment weigh on crypto markets","Bitcoin slipped towards the $61,000 level as profit booking and cautious sentiment weighed on crypto markets. Broader weakness across major tokens reflected risk aversion, although analysts noted continued institutional participation and long-term adoption tr…",2026-06-25T07:21:59Z,The Times of India,2026-06-25 07:21:59
Ripple's RLUSD stablecoin goes live in Japan after regulatory approval,"Japan's financial regulator cleared the U.S. dollar-backed token as a new category of payment instrument, letting SBI VC Trade offer it to institutions and retail. RLUSD remains small, at about $1.7 billion.",2026-06-25T05:02:34Z,CoinDesk,2026-06-25 05:02:34
XRP slides 2.8% as weak bounce keeps $1 support in focus,"XRP slides 2.8% as weak bounce keeps $1 support in focus
Sellers broke another support level on heavy volume, while the recovery failed to reclaim the zone that would ease downside pressure.
- XRP slid 2.8 percent to about $1.07, losing key support at $1.0850…",2026-06-25T04:39:49Z,Biztoc.com,2026-06-25 04:39:49
XRP slides 2.8% as weak bounce keeps $1 support in focus,"Sellers broke another support level on heavy volume, while the recovery failed to reclaim the zone that would ease downside pressure.",2026-06-25T04:32:00Z,CoinDesk,2026-06-25 04:32:00
"Bitcoin Hits 20-Month Low, Ethereum, Dogecoin, XRP Also Decline: Analyst Identifies 'Genuine Battleground' For Beleaguered BTC Amid 'Extreme Fear'",Leading cryptocurrencies retreated further on Wednesday as investors awaited the crucial inflation report for guidance on the direction of interest rate cuts...,2026-06-25T01:58:33Z,Yahoo Entertainment,2026-06-25 01:58:33
Is XRP a Better Investment Than Bitcoin Right Now?,"The post Is XRP a Better Investment Than Bitcoin Right Now? appeared first on 24/7 Wall St..
If you’ve got cash to put to work and you’re weighing XRP (CRYPTO:XRP) against Bitcoin (CRYPTO:BTC) right now, you’ve probably already searched for it and gotten the …",2026-06-24T21:18:09Z,Biztoc.com,2026-06-24 21:18:09
Is XRP a Better Investment Than Bitcoin Right Now?,,2026-06-24T21:16:26Z,Yahoo Entertainment,2026-06-24 21:16:26
"'Painful' Bitcoin Sell-Off Drags Ethereum, XRP and Dogecoin Lower as Crypto Stocks Dive","Investors continued to dump digital assets on Wednesday, aggravating a sell-off that pushed Bitcoin’s price to its lowest point in 21 months.
The leading digital asset by market cap fell as low as $59,2175 before firming to $60,700, a 2.7% decrease over the p…",2026-06-24T21:05:36Z,Biztoc.com,2026-06-24 21:05:36
"'Painful' Bitcoin Sell-Off Drags Ethereum, XRP and Dogecoin Lower as Crypto Stocks Dive",,2026-06-24T20:50:14Z,Yahoo Entertainment,2026-06-24 20:50:14
"Bitcoin, XRP crash as fear reaches peak","Bitcoin (BTC) and XRP fell sharply on June 24 as a broader risk-off mood swept through financial markets. The sell-off pushed Bitcoin below the $60,000 mark,...",2026-06-24T20:41:56Z,TheStreet,2026-06-24 20:41:56
"Bitcoin falls below $60,000 as crypto liquidations top $650M","Bitcoin dropped below $60,000 as more than $650 million in crypto positions were liquidated and crypto related stocks sold off.
The post Bitcoin falls below $60,000 as crypto liquidations top $650M appeared first on Crypto Briefing.",2026-06-24T17:11:59Z,Crypto Briefing,2026-06-24 17:11:59
What Will XRP Be Worth in 3 Years?,"The post What Will XRP Be Worth in 3 Years? appeared first on 24/7 Wall St..
XRP (CRYPTO:XRP) has been on a wild ride over the past three years. Around the middle of 2023, it traded near $0.50. By July 2025 it had run all the way up to $3.65, about seven time…",2026-06-24T16:58:09Z,Biztoc.com,2026-06-24 16:58:09
Tech rout spills into crypto as Bitcoin nears the $60K danger zone,"The tech selloff's impact on crypto highlights its vulnerability to broader market sentiment, challenging its role as a diversification tool.
The post Tech rout spills into crypto as Bitcoin nears the $60K danger zone appeared first on Crypto Briefing.",2026-06-24T15:52:20Z,Crypto Briefing,2026-06-24 15:52:20
XRP News: Why Ripple’s 9-Year Clock Divides the Community,Australian lawyer and prominent XRP community commentator Bill Morgan has been in the news headlines as he called on Ripple to relock less of its monthly 1 b...,2026-06-24T14:58:59Z,Cryptonews,2026-06-24 14:58:59
DeFi TVL drops 39% in 2026 amid market downturn and record hack activity,"DeFi TVL fell 39% to erase $45 billion in value so far in 2026, but the decline signals a more mature crypto market structure compared to the 2021-2022 bear market drawdown.",2026-06-24T14:14:39Z,Cointelegraph,2026-06-24 14:14:39
XRP Binance Withdrawals Hit Highest Share Since 2024 As Traders Watch Accumulation Signal,"XRP Binance Withdrawals Hit Highest Share Since 2024 As Traders Watch Accumulation Signal 
 TL;DR 
 
 XRP withdrawal activity on Binance has reportedly rea",2026-06-24T13:20:38Z,Bitcoinist,2026-06-24 13:20:38
Not Just USDT and USDC: These Top 3 New Stablecoins Are Quietly Taking Over Crypto in 2026,"Though the USDT vs USDC rivalry defines the sector, Tether’s supremacy by supply persists, with a market cap nearing $190 billion in 2026, far ahead...
The post Not Just USDT and USDC: These Top 3 New Stablecoins Are Quietly Taking Over Crypto in 2026 appeare…",2026-06-24T13:00:19Z,Bitcoinfoundation.org,2026-06-24 13:00:19
CryptoQuant warns on Strategy's dividend coverage as cash reserve falls 38%,"As Strategy's cash reserves are now enough to only pay 14 months of dividends from the previous seven-year level, CryptoQuant that the company should pause Bitcoin purchases and rebuild the reserve.",2026-06-24T11:31:11Z,Cointelegraph,2026-06-24 11:31:11
England poised to face Scotland in World Cup knockout stage as crypto prediction markets heat up,"The rise of crypto prediction markets amid World Cup drama highlights evolving financial landscapes, regulatory challenges, and fan engagement.
The post England poised to face Scotland in World Cup knockout stage as crypto prediction markets heat up appeared …",2026-06-24T10:59:39Z,Crypto Briefing,2026-06-24 10:59:39
"Sensex today | Stock Market Highlights: Sensex jumps 790 points, Nifty reclaims 24,000 as banking and IT stocks power rally","Sensex Today, Nifty 50 | Stock Market Highlights: Indian equity markets ended higher on Wednesday as benchmark indices recovered sharply, supported by gains in banking and IT stocks and a decline in global crude oil prices. The Sensex climbed 790.54 points, o…",2026-06-24T10:48:28Z,BusinessLine,2026-06-24 10:48:28
XRP struggles below key resistance amid geopolitical tensions,"Key takeaways Risk sentiment across financial markets remained fragile following conflicting statements from US and Iranian officials. XRP risks dropping below $1.0 if the bearish trend persists.  Ripple’s XRP remained under pressure on Wednesday, trading bel…",2026-06-24T10:09:09Z,Coinjournal.net,2026-06-24 10:09:09
Binance XRP Outflows Signal Accumulation While MoneyGram’s Stellar Move Is Old News,,2026-06-24T09:49:56Z,Yahoo Entertainment,2026-06-24 09:49:56
Bitcoin faces choppy summer as capital rotates into AI stocks and tech IPOs,"The shift of capital from crypto to AI and tech IPOs may lead to increased volatility and reduced institutional support for Bitcoin.
The post Bitcoin faces choppy summer as capital rotates into AI stocks and tech IPOs appeared first on Crypto Briefing.",2026-06-24T07:17:14Z,Crypto Briefing,2026-06-24 07:17:14
"Blockchain.com, KuCoin expand payment rails across emerging markets","Blockchain.com and KuCoin expanded payment infrastructure across emerging markets, linking digital assets with banking and mobile-money networks as stablecoin adoption grows for cross-border payments and settlement.",2026-06-24T06:00:00Z,Cointelegraph,2026-06-24 06:00:00
Altseason Call Returns As Ash Crypto Points To July Window,"Ash Crypto has pointed to a bullish altseason window into early July, reviving debate over whether altcoins can outperform Bitcoin.",2026-06-22T22:45:03Z,Bitcoinist,2026-06-22 22:45:03
XRP Analyst Says Multi-Year Support Could Decide Next Major Move,"XRP is retesting a long-term support structure, with one analyst watching whether buyers can defend a major demand zone.",2026-06-22T21:45:54Z,newsBTC,2026-06-22 21:45:54
"Down More Than 40% in the Past Year, Is XRP Overdue for a Rally?","There's been a broad sell-off in the crypto markets over the past year. Not only is Bitcoin down more than 35% during the past 12 months, but other, smaller cryptocurrencies are doing even worse. Dogecoin is down around 45%.
XRP (CRYPTO: XRP), one of the top …",2026-06-22T21:10:59Z,Biztoc.com,2026-06-22 21:10:59
XRP Adoption Takes A Hit as Network Activity Drops by Nearly 50%,XRP traded largely sideways Monday as broader crypto markets showed signs of hesitation and fading momentum.,2026-06-22T20:52:53Z,ZyCrypto,2026-06-22 20:52:53
"Analyst Claims Cardano Could Mirror Past Trump-Driven Rally, Eyes Fast Move to $3 ADA Price",Cardano (ADA) traded largely sideways Monday as broader crypto markets showed signs of hesitation and fading momentum.,2026-06-22T20:38:19Z,ZyCrypto,2026-06-22 20:38:19
Franklin Templeton launches dedicated crypto division after closing 250 Digital acquisition,"The new unit arrives amid rapid growth in tokenized assets, with Franklin Templeton's onchain product suite expanding from roughly $768 million to more than $2.5 billion over the past year.",2026-06-22T20:36:53Z,Cointelegraph,2026-06-22 20:36:53
Better Buy: XRP vs. Chainlink (LINK),"XRP (CRYPTO: XRP) and LINK (CRYPTO: LINK) are different from conventional cryptocurrencies. XRP is the native token of the XRP Ledger, a blockchain that primarily supports financial transactions on Ripple's payment network. LINK is the native token of Chainli…",2026-06-22T16:34:36Z,Biztoc.com,2026-06-22 16:34:36
"MoneyGram becomes Solana validator, expands blockchain payments strategy","MoneyGram's move to validate on Solana signals a shift towards public blockchain infrastructure, highlighting its growing role in global payments.
The post MoneyGram becomes Solana validator, expands blockchain payments strategy appeared first on Crypto Brief…",2026-06-22T15:49:34Z,Crypto Briefing,2026-06-22 15:49:34
"Crypto News: Pepeto Presale Stage Closes in Hours While Ex-Goldman Analyst Sets XRP Price Prediction at $1,000","DUBAI, United Arab Emirates, June 22, 2026 (GLOBE NEWSWIRE) -- Pepeto's latest presale stage opened and filled in hours after the team confirmed a new senior Binance figure has joined the build, and the whale wallets responded right away. Big buys started flo…",2026-06-22T15:30:00Z,GlobeNewswire,2026-06-22 15:30:00
The XRP Ledger Is Getting a Major Overhaul. Will Any of It Move XRP?,"The post The XRP Ledger Is Getting a Major Overhaul. Will Any of It Move XRP? appeared first on 24/7 Wall St..
Most of the chatter around XRP (CRYPTO:XRP) right now is about where the price goes next and whether the CLARITY Act clears the Senate. Both are wor…",2026-06-22T15:29:58Z,Biztoc.com,2026-06-22 15:29:58
The XRP Ledger Is Getting a Major Overhaul. Will Any of It Move XRP?,,2026-06-22T15:26:11Z,Yahoo Entertainment,2026-06-22 15:26:11
Expected to Skyrocket?,"Expected to Skyrocket? appeared first on 24/7 Wall St..
There’s always been a belief that the XRP (CRYPTO:XRP) price would skyrocket someday. A lot of discussions on social forums and news feeds say it’ll explode soon, some promise triple digits, and somewher…",2026-06-22T14:28:28Z,Biztoc.com,2026-06-22 14:28:28
Is XRP (Ripple) Expected to Skyrocket?,,2026-06-22T14:21:18Z,Yahoo Entertainment,2026-06-22 14:21:18
Here's How Much Profit $1 Million of Ripple (XRP) Would Have Made You Since 2013,"Ripple (CRYPTO: XRP) has been an incredible long-term investment. The crypto token launched in 2013 and has since become one of the largest crypto assets globally. Today, Ripple's market cap is around $70 billion, making it the seventh-largest crypto project …",2026-06-22T12:43:14Z,Biztoc.com,2026-06-22 12:43:14
Here's How Much Profit $1 Million of Ripple (XRP) Would Have Made You Since 2013,,2026-06-22T12:17:00Z,Yahoo Entertainment,2026-06-22 12:17:00
These XRP price charts hint at a potential 25% relief rally in July,"An XRP death cross and liquidation signals align for a possible 25% relief rally in the short term, while one analyst eyes a longer-term rebound toward $8.",2026-06-22T11:39:19Z,Cointelegraph,2026-06-22 11:39:19
"As bitcoin, altcoin prices gain, derivatives signal skepticism over a sustained rally","Analysts noted bitcoin is stuck between key support near $60,000 and resistance around $68,000, and a bearish chart pattern could send prices toward $54,000.",2026-06-22T11:05:38Z,CoinDesk,2026-06-22 11:05:38
"Sensex today | Stock Market Highlights: Sensex rises 291 points, Nifty above 24,100; markets rebound on global cues","Sensex Today, Nifty 50 | Stock Market Highlights: Stock markets rebounded on Monday, with benchmark indices ending higher amid easing crude oil prices and supportive global cues following hopes of progress in US–Iran diplomatic talks. The BSE Sensex rose 291.…",2026-06-22T10:56:47Z,BusinessLine,2026-06-22 10:56:47
Bitcoin Stuck Near $64K — ETF Outflows Continue for Sixth Straight Week. What’s Happening in Crypto on June 22,"The final week of June continues the negative trend that began in the digital asset market. Major cryptocurrencies are showing no signs of a reversal,...
The post Bitcoin Stuck Near $64K — ETF Outflows Continue for Sixth Straight Week. What’s Happening in Cry…",2026-06-22T10:54:13Z,Bitcoinfoundation.org,2026-06-22 10:54:13
Bitcoin holds above key support as momentum indicators hint at stabilization,"Key takeaways Bitcoin (BTC), Ethereum (ETH), and XRP are starting the week on a more stable footing after last week’s declines. BTC is trading above $64,000 but remains below major moving averages, keeping the broader trend bearish. Crypto market opens new we…",2026-06-22T10:49:39Z,Coinjournal.net,2026-06-22 10:49:39
"Bitcoin stabilises near $64,000 as long-term holders continue accumulation despite ETF inflow pause","Bitcoin held near the $64,000 level on Monday, with mixed short-term price signals as long-term holders accumulated despite weak ETF inflows. Broader crypto markets remained subdued, with fear-driven sentiment persisting. Analysts noted short-term volatility,…",2026-06-22T07:30:21Z,The Times of India,2026-06-22 07:30:21
"Best NFT API Providers In 2026: Data, Pricing, Chains, and Developer Fit","Picture this: NFTs aren’t just digital pictures anymore. Handling who owns what matters more these days. Moving tokens around needs to work smoothly, too. Characteristics...
The post Best NFT API Providers In 2026: Data, Pricing, Chains, and Developer Fit app…",2026-06-22T07:17:10Z,Bitcoinfoundation.org,2026-06-22 07:17:10
"MoneyGram joins Solana as validator, expanding role in blockchain infrastructure","MoneyGram has become a validator on the Solana blockchain, expanding its role in digital asset infrastructure as stablecoin adoption grows across the remittance industry.",2026-06-22T06:00:00Z,Cointelegraph,2026-06-22 06:00:00
XRP briefly loses $1.14 support before buyers drive sharp rebound,"XRP briefly loses $1.14 support before buyers drive sharp rebound
Heavy selling pushed XRP to its lowest level of the weekend session, but strong buying quickly erased most of the decline and returned the token to its recent trading range.
- XRP briefly broke…",2026-06-22T05:35:23Z,Biztoc.com,2026-06-22 05:35:23
XRP briefly loses $1.14 support before buyers drive sharp rebound,"Heavy selling pushed XRP to its lowest level of the weekend session, but strong buying quickly erased most of the decline and returned the token to its recent trading range.",2026-06-22T05:17:18Z,CoinDesk,2026-06-22 05:17:18
"Bitcoin holds near $64,000 as US-Iran talks progress but crypto sits out the rally","sian stocks and tech climbed as the US and Iran agreed a roadmap to a final peace deal, sending oil below $80. Crypto stayed soft, with bitcoin down 2% on the week and the memecoins leading the losses.",2026-06-22T04:58:49Z,CoinDesk,2026-06-22 04:58:49
The Great XRP Retirement: Testing the Math Behind the Hoax,"Despite crypto’s volatility, XRP is still viewed by some investors as a long-term asset that could help them retire or protect their capital from inflation and currency devaluation.
But is there any math behind that argument? Some analysts have projected path…",2026-06-21T19:16:29Z,Biztoc.com,2026-06-21 19:16:29
The Great XRP Retirement: Testing the Math Behind the Hoax,XRP for retirement: how many tokens you would need to hit one million dollars by 2035 and the real risks behind it.,2026-06-21T19:10:49Z,BeInCrypto,2026-06-21 19:10:49
Can XRP Hit $500?,"The post Can XRP Hit $500? appeared first on 24/7 Wall St..
If you are an investor who spends a lot of time in XRP (CRYPTO:XRP) circles, you must’ve run into a certain price forecast over and over—$500. It’s the price that would turn a small stake into a fort…",2026-06-21T17:59:53Z,Biztoc.com,2026-06-21 17:59:53
Kraken Pro to Launch First CFTC-Regulated Perpetual Futures in the US Within 30 Days,"Kraken announces plans to launch the first CFTC-regulated perpetual futures for US traders on Kraken Pro within 30 days, bringing key crypto derivatives onshore.",2026-06-21T14:25:39Z,newsBTC,2026-06-21 14:25:39
a Strong Buy at $1.15?,"a Strong Buy at $1.15? appeared first on 24/7 Wall St..
If you hold XRP (CRYPTO:XRP), the cryptocurrency’s performance within the past year has been frustrating. Ripple has stacked up one win after another and it just secured a federal banking charter. Yet, t…",2026-06-21T11:56:14Z,Biztoc.com,2026-06-21 11:56:14
Morgan Stanley’s proposed 0.14% ETH and SOL fees could turn the next crypto ETF race into a price fight,"Morgan Stanley filed amended registration statements for proposed Ethereum and Solana ETF trusts on June 18, setting a 0.14% annual delegated sponsor fee on both products. Bloomberg senior ETF analyst Eric Balchunas described the proposed fee as the lowest am…",2026-06-21T09:10:09Z,CryptoSlate,2026-06-21 09:10:09
Japanese corporate pension fund plans 1% crypto allocation: Nikkei,"A Japanese corporate pension fund serving about 1,200 small and medium-sized businesses plans to allocate roughly 1% of its assets to crypto as part of a currency diversification strategy.",2026-06-21T08:54:41Z,Cointelegraph,2026-06-21 08:54:41
Crypto News: Pepeto Bridge Goes Live as the XRP Price Builds Toward a Fresh All-Time High,"DUBAI, United Arab Emirates, June 21, 2026 (GLOBE NEWSWIRE) -- Pepeto just cleared a full exchange stress test and pushed past $10.28 million raised with the weekly pace still picking up, and what is building around this project is unlike anything the meme co…",2026-06-21T01:00:00Z,GlobeNewswire,2026-06-21 01:00:00
XRP Reversal Setup Forms Around Harmonic Pattern And Key Support Zone,A TradingView analyst says XRP is testing a technically important support zone supported by Fibonacci and point-of-control confluence.,2026-06-20T23:00:22Z,Bitcoinist,2026-06-20 23:00:22
"XRP Ledger Tops RWAs With $1.9B Inflows, Outpacing Ethereum and Stellar in Tokenization Race",The XRP Ledger (XRPL) is quickly establishing itself as a leading blockchain for real-world assets (RWAs).,2026-06-20T19:28:26Z,ZyCrypto,2026-06-20 19:28:26
Bitcoin rotations into altcoins collapses: Have altseasons 'disappeared'?,"BTC's crypto market dominance is holding above a key support, signaling Bitcoin may keep absorbing capital from altcoins and delay a broader altseason.",2026-06-20T19:09:21Z,Cointelegraph,2026-06-20 19:09:21
Hit $20 Before the End of This Cycle?,"Hit $20 Before the End of This Cycle? appeared first on 24/7 Wall St..
XRP (CRYPTO:XRP) has never come close to $20. Its all-time high came in January 2018, when it hit $3.84, and that’s more than eight years ago. The crypto trades around $1.13 today, which i…",2026-06-20T18:15:30Z,Biztoc.com,2026-06-20 18:15:30
Will XRP (Ripple) Hit $20 Before the End of This Cycle?,,2026-06-20T18:04:13Z,Yahoo Entertainment,2026-06-20 18:04:13
Kraken To Launch First CFTC-Regulated Crypto Perpetual Futures In The US,Kraken says eligible US clients will soon get access to CFTC-regulated crypto perpetual futures through Bitnomial.,2026-06-20T17:08:02Z,newsBTC,2026-06-20 17:08:02
Israeli airstrikes kill family of four in Lebanon as crypto markets shed $1B in liquidations,"The airstrikes exacerbate geopolitical tensions, destabilizing markets and highlighting the fragility of recent diplomatic efforts.
The post Israeli airstrikes kill family of four in Lebanon as crypto markets shed $1B in liquidations appeared first on Crypto …",2026-06-20T16:58:28Z,Crypto Briefing,2026-06-20 16:58:28
Bitcoin Income Revolution: From BlackRock’s Monthly ETF to AIXAlpha’s Daily AI Strategy Contracts,"As BlackRock’s new Bitcoin income ETF draws global attention, AIXAlpha’s AI‑Powered Automated BTC Strategy Contracts offer a faster, daily‑settled alternative—no installation, no manual trading, no experience required. As BlackRock’s new Bitcoin income ETF dr…",2026-06-20T15:45:00Z,GlobeNewswire,2026-06-20 15:45:00
XRP ETFs vs. HYPE ETFs: Which Is the Better Buy Right Now?,"The post XRP ETFs vs. HYPE ETFs: Which Is the Better Buy Right Now? appeared first on 24/7 Wall St..
A year ago, you couldn’t buy either of these cryptocurrencies in a normal brokerage account. Now, both XRP (CRYPTO:XRP) and Hyperliquid have spot ETFs trading…",2026-06-20T13:42:25Z,Biztoc.com,2026-06-20 13:42:25
XRP ETFs vs. HYPE ETFs: Which Is the Better Buy Right Now?,,2026-06-20T13:30:04Z,Yahoo Entertainment,2026-06-20 13:30:04
Should You Trade Your XRP for Hyperliquid?,"The decentralized crypto exchange for financial derivatives, Hyperliquid (CRYPTO: HYPE), just breached its all-time highs after climbing 190% in 2026 so far, while XRP (CRYPTO: XRP), Ripple's institutional finance coin, has been tumbling lower and lower this …",2026-06-20T10:57:06Z,Biztoc.com,2026-06-20 10:57:06
Should You Trade Your XRP for Hyperliquid?,,2026-06-20T10:26:00Z,Yahoo Entertainment,2026-06-20 10:26:00
"Bitcoin remains resilient at $63,600 amid steady ETF inflows and institutional buying","In the past 24 hours, Bitcoin was up 1.30% whereas Ethereum was up 1.67% to trade at $1,723 mark. Among the major altcoins, BNB, XRP, Solana, Tron, Hyperliquid, Dogecoin and Cardano gained upto 4.85%.",2026-06-20T08:08:45Z,The Times of India,2026-06-20 08:08:45
XRP ETF Demand Faces Leverage Test As Traders Cut Risk In Market Pullback,"XRP is under pressure as leveraged traders reduce exposure, testing whether institutional demand can offset short-term selling.",2026-06-20T00:45:18Z,Bitcoinist,2026-06-20 00:45:18
"Tokyo-listed Gumi Bets Big on XRP, Plans to Become Japan’s Largest Institutional Holder","Tokyo-listed game developer Gumi is doubling down on XRP, consolidating ¥14B, worth more than $90M, in assets to become Japan’s largest institutional holder.",2026-06-19T20:33:47Z,ZyCrypto,2026-06-19 20:33:47
Whales dump XRP worth millions,"XRP has been on a tumultuous journey this June, losing more than 15% of its value in the month. But as the news of the peace deal between the United States a...",2026-06-19T20:02:13Z,TheStreet,2026-06-19 20:02:13
Ripple’s Swell conference returns to New York this fall with its biggest event yet,"Ripple's expanded conference signals a maturing dialogue between crypto and traditional finance, highlighting increased institutional engagement.
The post Ripple’s Swell conference returns to New York this fall with its biggest event yet appeared first on Cry…",2026-06-19T19:09:19Z,Crypto Briefing,2026-06-19 19:09:19
BTC/USD Volatility Creates Fast-Moving Opportunities; AIXAlpha Launches Automated BTC Strategy Contracts,"AI‑Powered Automated BTC Strategy Contracts help users capture volatility‑driven opportunities instantly—no installation, no manual trading, no experience required. AI‑Powered Automated BTC Strategy Contracts help users capture volatility‑driven opportunities…",2026-06-19T19:00:00Z,GlobeNewswire,2026-06-19 19:00:00
Ripple Swell 2026: What XRP Holders Should Expect From Ripple’s Biggest Event Yet,"The post Ripple Swell 2026: What XRP Holders Should Expect From Ripple’s Biggest Event Yet appeared first on 24/7 Wall St..
Ripple’s flagship event is heading back to New York, and this year’s is the biggest the company has ever staged. Swell runs from Octobe…",2026-06-19T17:45:13Z,Biztoc.com,2026-06-19 17:45:13
Ripple Swell 2026: What XRP Holders Should Expect From Ripple’s Biggest Event Yet,"Ripple’s flagship event is heading back to New York, and this year’s is the biggest the company has ever staged. Swell runs from October 27 to 29, and it loo...",2026-06-19T17:43:22Z,24/7 Wall St.,2026-06-19 17:43:22
Crypto Biz: Is AI the exit strategy for miners?,"Bitcoin miners embrace AI infrastructure as Nvidia eyes a $20 billion bond sale, tokenized RWAs hit $43 billion, Ripple expands in Africa and Sam Bankman-Fried loses appeal.",2026-06-19T17:03:40Z,Cointelegraph,2026-06-19 17:03:40
"XRP, Bitcoin, and Ethereum Slip as Lebanon Strikes Threaten to Unravel the Iran Ceasefire","The post XRP, Bitcoin, and Ethereum Slip as Lebanon Strikes Threaten to Unravel the Iran Ceasefire appeared first on 24/7 Wall St..
After months of war headlines weighing on crypto, the U.S. and Iran finally signed the peace deal everyone had been waiting for…",2026-06-19T16:44:32Z,Biztoc.com,2026-06-19 16:44:32
"XRP, Bitcoin, and Ethereum Slip as Lebanon Strikes Threaten to Unravel the Iran Ceasefire","After months of war headlines weighing on crypto, the U.S. and Iran finally signed the peace deal everyone had been waiting for this week. Crypto prices popp...",2026-06-19T16:31:26Z,24/7 Wall St.,2026-06-19 16:31:26
"Best Web3 Wallets 2026: Secure Picks for DeFi, XRP and Beginners","The best web3 wallets 2026 shortlist compares MetaMask, Phantom, Trust Wallet, Base Wallet, and Ledger for DeFi, NFTs, XRP, beginners, and cold storage. The best...
The post Best Web3 Wallets 2026: Secure Picks for DeFi, XRP and Beginners appeared first on Bi…",2026-06-19T15:04:43Z,Bitcoinfoundation.org,2026-06-19 15:04:43
"XRP Has an NVIDIA Connection, But is It Strong Enough This Cycle?","XRP has spent years losing ground against NVIDIA, one of the strongest assets in global markets. Now, a widely shared analyst chart suggests a break above a long-running resistance line could mark the start of XRP’s next major move.
The setup sounds bullish, …",2026-06-19T14:13:56Z,Biztoc.com,2026-06-19 14:13:56
"XRP Has an NVIDIA Connection, But is It Strong Enough This Cycle?",,2026-06-19T13:44:07Z,Yahoo Entertainment,2026-06-19 13:44:07
Smart-contract and DeFi coins lead losses as bitcoin wilts for 4th straight day,"Concerns about STRC, the dividend-paying preferred stock from Strategy continue to dominate market sentiment.",2026-06-19T10:47:03Z,CoinDesk,2026-06-19 10:47:03
"Bitcoin, Ethereum spot ETFs see over $102M in net outflows on June 18","The significant outflows from Bitcoin and Ethereum ETFs highlight ongoing volatility and may shift investor focus towards alternative crypto assets.
The post Bitcoin, Ethereum spot ETFs see over $102M in net outflows on June 18 appeared first on Crypto Briefi…",2026-06-19T09:55:39Z,Crypto Briefing,2026-06-19 09:55:39
Currency traders pile into dollar call options after hawkish Fed holds rates steady,"The Fed's hawkish stance signals potential dollar strength, impacting global markets and prompting strategic shifts in currency trading.
The post Currency traders pile into dollar call options after hawkish Fed holds rates steady appeared first on Crypto Brie…",2026-06-19T07:33:05Z,Crypto Briefing,2026-06-19 07:33:05
"Bitcoin remains under pressure near $62,500 amid Fed uncertainty and subdued institutional flows","Bitcoin hovered near $62,500 on Friday, weighed by Federal Reserve uncertainty and weak institutional inflows. Ethereum and major altcoins declined, while analysts flagged cautious sentiment, ETF outflows, and resistance near key technical levels. Despite som…",2026-06-19T06:01:07Z,The Times of India,2026-06-19 06:01:07
Franklin Templeton files ETFs that turn stock dividends into Bitcoin exposure,"The proposed funds would allocate stock dividends to Bitcoin-linked investments, using a dividend reinvestment strategy to build crypto exposure over time.",2026-06-19T06:00:00Z,Cointelegraph,2026-06-19 06:00:00
XRP falls 3% after losing $1.15 support as breakout attempt fades,"XRP falls 3% after losing $1.15 support as breakout attempt fades
Heavy selling pushed XRP back below a key support zone, reinforcing a downtrend that has repeatedly stalled rallies near $1.25.
- XRP slid 3.4 percent to about $1.15, breaking key support at $1…",2026-06-19T05:51:48Z,Biztoc.com,2026-06-19 05:51:48
XRP falls 3% after losing $1.15 support as breakout attempt fades,"Heavy selling pushed XRP back below a key support zone, reinforcing a downtrend that has repeatedly stalled rallies near $1.25.",2026-06-19T05:14:20Z,CoinDesk,2026-06-19 05:14:20
"Live markets: Bitcoin has traded below its mining cost for five months, squeezing miners","Leader in cryptocurrency, Bitcoin, Ethereum, XRP, blockchain, DeFi, digital finance and Web 3.0 news with analysis, video and live price updates.",2026-06-19T05:04:22Z,CoinDesk,2026-06-19 05:04:22
"Bitcoin, Ethereum, XRP, Dogecoin Slide Further Amid Fed's Hawkish Shift: Analyst Paints This Upside Target For BTC If It Holds $64,000 As Support","Leading cryptocurrencies fell, while stocks rebounded on Thursday as investors parsed the hawkish pivot in the Federal Reserve’s policy.
Cryptocurrency
24-Hour Gains +/-
Price (Recorded at 9:25 p.m. EDT)
Bitcoin (CRYPTO: BTC)
-2.49%
$63,012.93
Ethereum (CRYPT…",2026-06-19T02:19:46Z,Biztoc.com,2026-06-19 02:19:46
"Bitcoin, Ethereum, XRP, Dogecoin Slide Further Amid Fed's Hawkish Shift: Analyst Paints This Upside Target For BTC If It Holds $64,000 As Support",,2026-06-19T02:15:37Z,Yahoo Entertainment,2026-06-19 02:15:37
We Asked Claude What Would Have to Break for XRP to Fall to $1,"The post We Asked Claude What Would Have to Break for XRP to Fall to $1 appeared first on 24/7 Wall St..
XRP (CRYPTO:XRP) is trading around $1.14, which is close enough to the $1 support level. The coin already touched $1.07 earlier this month, its lowest sin…",2026-06-19T00:17:38Z,Biztoc.com,2026-06-19 00:17:38
Litecoin ETF’s Slow Start Shows Altcoin Funds Still Face A Demand Test,"Canary Capital’s LTCC fund shows how far secondary crypto ETF demand still trails Bitcoin and Ethereum products, despite spot ETF availability.",2026-06-18T22:30:10Z,Bitcoinist,2026-06-18 22:30:10
Money Simpler Launches Multi-Strategy AI Quantitative Trading Platform for Digital Asset Investors,Money Simpler Launches Multi-Strategy AI Quantitative Trading Platform for Digital Asset Investors...,2026-06-18T22:22:00Z,GlobeNewswire,2026-06-18 22:22:00
"Bitcoin Plunges To $63,000 Ethereum, XRP, Dogecoin Retreat 5% The Day After Chair Warsh Takes Over","Bitcoin extended losses as markets reacted to a hawkish Federal Reserve stance under new Chair Kevin Warsh, boosting the U.S. dollar and weighing on risk assets.
Cryptocurrency
Ticker
Price
Bitcoin
(CRYPTO: BTC)
$63,077
Ethereum
(CRYPTO: ETH)
$1,712
Solana
(C…",2026-06-18T20:47:35Z,Biztoc.com,2026-06-18 20:47:35
"Iran secures historic US deal, reshaping Middle East dynamics and rattling crypto sanctions landscape","The US-Iran deal could stabilize oil markets and reduce regional conflict risk, but raises concerns over Iran's potential increased influence.
The post Iran secures historic US deal, reshaping Middle East dynamics and rattling crypto sanctions landscape appea…",2026-06-18T19:54:33Z,Crypto Briefing,2026-06-18 19:54:33
XRP/USD Volatility Signals Bigger Opportunities Ahead; AIXAlpha Launches Free XRP Strategy Contracts,"As XRP Price Volatility Continues, Free AI Strategy Contracts Help Everyday Users Capture Daily Market Opportunities As XRP Price Volatility Continues, Free AI Strategy Contracts Help Everyday Users Capture Daily Market Opportunities",2026-06-18T19:00:00Z,GlobeNewswire,2026-06-18 19:00:00
"Ripple Drops 6%, Bitcoin Falls 5% in Crypto Pullback Defying Stock Rally","The post Ripple Drops 6%, Bitcoin Falls 5% in Crypto Pullback Defying Stock Rally appeared first on 24/7 Wall St.. 
 
 
 
 Ripple's XRP fell 6% to $1.14 in 24 hours as Bitcoin dropped 5% to $62,500, driven by hawkish Fed stance and stronger dollar. 
 
 XRP fa…",2026-06-18T18:29:17Z,Biztoc.com,2026-06-18 18:29:17
"Iran and US reach 60-day cease-fire, reshaping energy markets","The cease-fire could stabilize global energy prices, impacting inflation and monetary policy, but unresolved nuclear issues pose future risks.
The post Iran and US reach 60-day cease-fire, reshaping energy markets appeared first on Crypto Briefing.",2026-06-18T18:10:39Z,Crypto Briefing,2026-06-18 18:10:39
"Bitcoin Plunges To $62,500, Ethereum, XRP Lose 5%: What Is Going?","Bitcoin (CRYPTO: BTC) dropped back below $63,000 on Thursday as the broader crypto market shed 4%.
Why Is Crypto Falling While AI Stocks Hit New Highs?
The divergence between crypto and AI-linked equities is widening sharply. 
Cipher Digital (NASDAQ:CIFR) hit…",2026-06-18T17:14:54Z,Biztoc.com,2026-06-18 17:14:54
JD Vance confirms start of 60-day Iran-US MoU negotiation period,"The negotiation period could reshape geopolitical dynamics, impacting global energy markets and regional trade, while testing diplomatic resilience.
The post JD Vance confirms start of 60-day Iran-US MoU negotiation period appeared first on Crypto Briefing.",2026-06-18T15:42:12Z,Crypto Briefing,2026-06-18 15:42:12
Stocks open higher after Iran and US sign initial deal to end war,"The interim US-Iran deal eases market tensions, but unresolved nuclear issues and fragile ceasefire pose risks to sustained economic stability.
The post Stocks open higher after Iran and US sign initial deal to end war appeared first on Crypto Briefing.",2026-06-18T13:48:28Z,Crypto Briefing,2026-06-18 13:48:28
"Why Trust PayPal? 'XRP Is In A Prime Position To Be A Winner', Evernorth CEO Says","Evernorth CEO Ashish Birla says blockchain is no longer a futuristic concept but a technology solving real financial problems today. 
According to Birla, networks like Bitcoin (CRYPTO: BTC), Ethereum (CRYPTO: ETH) and XRP (CRYPTO: XRP) are increasingly becomi…",2026-06-18T12:55:53Z,Biztoc.com,2026-06-18 12:55:53
Capital B shareholders approve up to $120B in financing capacity for Bitcoin strategy,"Capital B shareholders approved up to $120 billion in financing capacity, including equity and credit instruments, to support the company's Bitcoin accumulation strategy.",2026-06-18T12:46:47Z,Cointelegraph,2026-06-18 12:46:47
Can XRP Reclaim $1.30?,"The post Can XRP Reclaim $1.30? appeared first on 24/7 Wall St..
XRP (CRYPTO:XRP) has clawed its way off the lows it hit earlier this month, but it’s still stuck below $1.30—a level it hasn’t traded above since the start of June. Every rally since then keeps …",2026-06-18T12:25:31Z,Biztoc.com,2026-06-18 12:25:31
"Crypto market positioning is 'defensive and thin' after Fed, Marex  analysts say","While the Federal Reserve held interest rates, Chair Kevin Warsh made it clear the U.S. central bank is more worried about inflation than growth.",2026-06-18T10:56:50Z,CoinDesk,2026-06-18 10:56:50
XRP News: Everything XRP Holders Need to Know About Ripple Swell 2026,,2026-06-18T10:38:35Z,Yahoo Entertainment,2026-06-18 10:38:35
"XRP's Bull And Bear Cases Are 'Pretty Easy To Make,' Analyst Says—Here Are The Key Levels To Watch","XRP (CRYPTO: XRP) has pulled back from this week's gains, but analysts believe the recovery structure stays “intact” as long as the coin defends the key support at $1.20.
The Headwinds And Tailwinds
In a note shared with Benzinga, Shawn Young, Chief Analyst a…",2026-06-18T08:21:51Z,Biztoc.com,2026-06-18 08:21:51
"Bitcoin trades near $64,000 despite hawkish Fed outlook; recovery attempt loses momentum","Bitcoin hovered near $64,000 as a hawkish Federal Reserve outlook and risk-off sentiment capped recovery momentum. Liquidations, ETF outflows and weak institutional participation weighed on prices. Key support lies between $61,000 and $63,500, while resistanc…",2026-06-18T08:10:33Z,The Times of India,2026-06-18 08:10:33
XRP slips 4% below $1.20 after breakout rally stalls near key resistance,"XRP slips 4% below $1.20 after breakout rally stalls near key resistance
Heavy selling pushed XRP back through a closely watched support level, though buyers stepped in above $1.17 to prevent a deeper pullback.
- XRP slipped 2.5 percent to about $1.19 after b…",2026-06-18T05:20:00Z,Biztoc.com,2026-06-18 05:20:00
XRP slips 4% below $1.20 after breakout rally stalls near key resistance,"Heavy selling pushed XRP back through a closely watched support level, though buyers stepped in above $1.17 to prevent a deeper pullback.",2026-06-18T05:08:12Z,CoinDesk,2026-06-18 05:08:12
"Bitcoin, Ethereum, XRP, Dogecoin In Red Even As Trump Signs Iran Peace Deal: Analyst Says BTC In 'Fragile Recovery Phase'","Leading cryptocurrencies were red, while stock futures rallied overnight on Wednesday after President Donald Trump signed a historic ""Memorandum of Understanding"" with Iran to end all hostilities.
Cryptocurrency
24-Hour Gains +/-
Price (Recorded at 9:25 p.m. …",2026-06-18T02:17:41Z,Biztoc.com,2026-06-18 02:17:41
"Bitcoin, Ethereum, XRP, Dogecoin In Red Even As Trump Signs Iran Peace Deal: Analyst Says BTC In 'Fragile Recovery Phase'",,2026-06-18T02:06:32Z,Yahoo Entertainment,2026-06-18 02:06:32
New Crypto: AlphaPepe Presale Secures Azbit CEX Partnership as XRP Price Prediction Eyes $5,"MONACO, June 17, 2026 (GLOBE NEWSWIRE) -- New crypto attention is turning toward AlphaPepe after the project announced its Azbit CEX partnership, marking the first confirmed centralized exchange partnership in its launch preparation phase. The presale has rai…",2026-06-18T01:00:00Z,GlobeNewswire,2026-06-18 01:00:00
"Iran and US agree to end Gulf conflict, and crypto markets are already celebrating","The agreement signals a temporary easing of geopolitical tensions, boosting investor confidence and highlighting crypto's role in global finance.
The post Iran and US agree to end Gulf conflict, and crypto markets are already celebrating appeared first on Cry…",2026-06-17T22:40:30Z,Crypto Briefing,2026-06-17 22:40:30
XRP eyes bigger move as Binance open interest hits 2026 high,,2026-06-17T21:10:00Z,Yahoo Entertainment,2026-06-17 21:10:00
"New Fed Chairman Warsh holds rates steady, announces five task forces in debut press conference","Warsh's data-driven focus and task forces may reshape market dynamics, challenging traditional Fed communication strategies and impacting crypto.
The post New Fed Chairman Warsh holds rates steady, announces five task forces in debut press conference appeared…",2026-06-17T20:02:13Z,Crypto Briefing,2026-06-17 20:02:13
Blockchain.com deepens onchain stock offerings as tokenized equities market grows,"Blockchain.com launched 173 tokenized stocks and ETFs through Ondo Finance, adding to a tokenized equities market that has grown nearly fivefold over the past year.",2026-06-17T19:32:34Z,Cointelegraph,2026-06-17 19:32:34
"Bitcoin, Ethereum, XRP, Dogecoin Stay Rangebound As Kevin Warsh Takes Helm At The Fed","Bitcoin and major cryptocurrencies traded largely unchanged ahead of Kevin Warsh's first FOMC meeting, supported by improving ETF inflows as traders brace for potential volatility around the Fed decision.
Cryptocurrency
Ticker
Price
Bitcoin
(CRYPTO: BTC)
$65,…",2026-06-17T18:58:32Z,Biztoc.com,2026-06-17 18:58:32
"Iran’s Supreme National Security Council approves MOU with US, Bitcoin rallies to two-week high","The MOU's approval could stabilize oil markets, influencing global inflation and potentially impacting Federal Reserve policy and crypto trends.
The post Iran’s Supreme National Security Council approves MOU with US, Bitcoin rallies to two-week high appeared …",2026-06-17T18:46:51Z,Crypto Briefing,2026-06-17 18:46:51
Ripple Contributes to Flutterwave’s Series E Round,"African payments infrastructure company Flutterwave revealed that it has received an undisclosed amount of funding from digital asset company Ripple, which contributed to its Series E Round this week. The funds boost Flutterwave’s total raised to more than $5…",2026-06-17T18:25:07Z,Finovate.com,2026-06-17 18:25:07
Morgan Stanley executive sends strong prediction on Bitcoin,"Bitcoin (BTC), which hit the all-time high (ATH) of $126,080 on Oct. 6 last year, is still struggling on the charts due to the market turmoil. Though the rec...",2026-06-15T23:45:00Z,TheStreet,2026-06-15 23:45:00
Crypto News: Pepeto Binance Listing Update While Standard Chartered Maps $8 XRP Price Prediction for 2026,"DUBAI, United Arab Emirates, June 15, 2026 (GLOBE NEWSWIRE) -- The biggest crypto news this week is Pepeto, where the Binance listing is advancing behind the scenes according to sources close to the project and the timeline moves closer to going live each wee…",2026-06-15T22:44:00Z,GlobeNewswire,2026-06-15 22:44:00
XRP Surges Beyond $1.25 As $6M In Shorts Get Wiped: What's Going On?,"XRP (CRYPTO: XRP) surged to $1.27 Monday, breaking decisively out of the June descending triangle as $6.07 million in short positions got liquidated in 24 hours.
Descending Triangle Breaks Out With Volume Exploding 129%
XRP pushed through $1.14, then $1.18, a…",2026-06-15T21:52:06Z,Biztoc.com,2026-06-15 21:52:06
CFTC hires SEC crypto task force adviser with blockchain forensics chops,"A former CFTC staff member, SEC crypto task force adviser, and FinCEN enforcement specialist with expertise in blockchain will join the Commodity Futures Trading Commission again under Chair Michael Selig.",2026-06-15T19:41:24Z,Cointelegraph,2026-06-15 19:41:24
"Bitcoin climbs as traders eye Fed, Iran deal","Bitcoin (BTC) starts the new trading week on a bullish note, gaining nearly 4.9% over the past 24 hours. At the time of writing, Bitcoin is trading at $67,17...",2026-06-15T19:34:07Z,TheStreet,2026-06-15 19:34:07
"XRP FUD Reaches Extreme Levels, Historically Linked To Strong Price Rebounds","XRP traded sideways on Monday after a recent liquidity boost, indicating relative stability even as broader selling pressure weighed on major cryptocurrencies. Notably, over the past week, the cryptocurrency surged by nearly 4%, a modest but notable gain that…",2026-06-15T19:17:59Z,ZyCrypto,2026-06-15 19:17:59
"Bitcoin, Ethereum, XRP, Dogecoin Surge Up To 13% Off The Back Of Iran Peace Deal","Bitcoin surged back above $66,000 on Monday, with the U.S.-Iran peace deal boosting risk appetite.
Cryptocurrency
Ticker
Price
Bitcoin
(CRYPTO: BTC)
$66,790.46
Ethereum
(CRYPTO: ETH)
$1,828.17
Solana
(CRYPTO: SOL)
$75.42
XRP
(CRYPTO: XRP)
$1.28
Dogecoin
(CRYP…",2026-06-15T19:05:42Z,Biztoc.com,2026-06-15 19:05:42
Kraken rolls out perpetual futures for US traders through CFTC-regulated venue,"Kraken launched perpetual futures for eligible US traders through Bitnomial, joining a broader push by exchanges and regulators to bring crypto derivatives trading onshore.",2026-06-15T18:53:15Z,Cointelegraph,2026-06-15 18:53:15
US to finalize peace deal with Iran as Strait of Hormuz reopens Friday,"The peace deal's immediate impact stabilizes global oil and crypto markets, but unresolved nuclear issues could reignite geopolitical tensions.
The post US to finalize peace deal with Iran as Strait of Hormuz reopens Friday appeared first on Crypto Briefing.",2026-06-15T18:33:12Z,Crypto Briefing,2026-06-15 18:33:12
JD Vance to lead technical negotiations with Iran for next 30 days,"The ongoing negotiations could impact global oil markets and geopolitical stability, influencing investor sentiment and market volatility.
The post JD Vance to lead technical negotiations with Iran for next 30 days appeared first on Crypto Briefing.",2026-06-15T17:20:05Z,Crypto Briefing,2026-06-15 17:20:05
Trump announces agreement with Iranian officials to end three-and-a-half-month conflict,"The agreement's potential to stabilize global markets and influence crypto investments highlights the interconnectedness of geopolitics and finance.
The post Trump announces agreement with Iranian officials to end three-and-a-half-month conflict appeared firs…",2026-06-15T17:06:37Z,Crypto Briefing,2026-06-15 17:06:37
"Bitcoin, XRP surge as U.S.-Iran near peace deal","Cryptocurrencies climbed across the board on June 15 after the United States and Iran agreed to a deal aimed at ending their conflict.
The de-escalation comes after weeks of stalled conversations and renewed attacks in pockets.
What the U.S.-Iran deal include…",2026-06-15T17:04:27Z,Biztoc.com,2026-06-15 17:04:27
T. Rowe Price’s TKNZ ETF gains SEC approval for active crypto rotation among 15 tokens,"T. Rowe Price's ETF approval could reshape crypto investment strategies, influencing market dynamics and sparking competition among asset managers.
The post T. Rowe Price’s TKNZ ETF gains SEC approval for active crypto rotation among 15 tokens appeared first …",2026-06-15T16:39:42Z,Crypto Briefing,2026-06-15 16:39:42
"100x Leverage, No KYC, $50 Welcome Bonus, and Double Deposit Bonus — Trade Crypto Futures on BexBack","SINGAPORE, June 15, 2026 (GLOBE NEWSWIRE) -- With progress in negotiations between the US and Iran and the Strait of Hormuz reopening to navigation, cryptocurrencies surged, with ETH rising by over 10% in just 24 hours, many analysts agree that a new crypto b…",2026-06-15T16:14:00Z,GlobeNewswire,2026-06-15 16:14:00
XRP rallies 10% as US–Iran peace deal boosts risk appetite,"Key takeaways Ripple’s XRP is up nearly 11%, making it the second-best performer among the top 10 cryptocurrencies. The coin could extend its rally past the $1.366 resistance level.  XRP approaches $1.30 Cryptocurrency markets remained broadly higher on Monda…",2026-06-15T15:53:47Z,Coinjournal.net,2026-06-15 15:53:47
Kraken launches CFTC-regulated perpetual futures for US customers,"Kraken's launch of CFTC-regulated perpetual futures could shift significant trading volume onshore, enhancing US market compliance and accessibility.
The post Kraken launches CFTC-regulated perpetual futures for US customers appeared first on Crypto Briefing.",2026-06-15T15:53:17Z,Crypto Briefing,2026-06-15 15:53:17
"XRP Up 11%, But One Trader Takes On The Bulls: 'Even $1 Is Expensive For XRP'","XRP (CRYPTO: XRP) is facing renewed criticism over its tokenomics and valuation, even as Ripple pushes the XRP Ledger into the emerging market for AI-agent payments.
‘Token Is Optional Infrastructure, Not Essential Utility' 
Crypto trader Moody Hank argued on…",2026-06-15T15:46:46Z,Biztoc.com,2026-06-15 15:46:46
Iran peace deal lifts crypto markets across the board,"The Iran peace deal's impact on crypto markets highlights the sensitivity of digital assets to geopolitical events, underscoring their volatility.
The post Iran peace deal lifts crypto markets across the board appeared first on Crypto Briefing.",2026-06-15T15:45:58Z,Crypto Briefing,2026-06-15 15:45:58
"Ripple XRP CEO Targets $1B Revenue Run Rate by 2026, Excluding XRP Holdings",,2026-06-15T15:18:34Z,Yahoo Entertainment,2026-06-15 15:18:34
Should You Buy XRP Directly or a Spot XRP ETF?,"The post Should You Buy XRP Directly or a Spot XRP ETF? appeared first on 24/7 Wall St..
Until late 2025, owning XRP (CRYPTO:XRP) meant one thing: you opened an account on a crypto exchange, bought the coin, and figured out how to keep it safe. Now there’s a …",2026-06-15T15:14:26Z,Biztoc.com,2026-06-15 15:14:26
Should You Buy XRP Directly or a Spot XRP ETF?,"Until late 2025, owning XRP (CRYPTO:XRP) meant one thing: you opened an account on a crypto exchange, bought the coin, and figured out how to keep it safe. N...",2026-06-15T15:11:10Z,24/7 Wall St.,2026-06-15 15:11:10
Global crypto market cap rises 4% amid US-Iran peace talks,"The crypto market's sensitivity to geopolitical shifts highlights its volatility and potential for rapid gains amid global diplomatic developments.
The post Global crypto market cap rises 4% amid US-Iran peace talks appeared first on Crypto Briefing.",2026-06-15T14:40:51Z,Crypto Briefing,2026-06-15 14:40:51
XRP Jumps 7% to Reclaim $1.20 as the Iran War Winds Down,"The post XRP Jumps 7% to Reclaim $1.20 as the Iran War Winds Down appeared first on 24/7 Wall St..
For the first time in a while, XRP (CRYPTO:XRP) is the best performer among the major coins, and the reason is good news instead of bad. The token is up about 7…",2026-06-15T14:28:55Z,Biztoc.com,2026-06-15 14:28:55
"Ripple and Ethereum Jump 9%, Bitcoin Gains 4% as Iran Truce Sparks Crypto Rally","The post Ripple and Ethereum Jump 9%, Bitcoin Gains 4% as Iran Truce Sparks Crypto Rally appeared first on 24/7 Wall St..
 
 
 
 
 Ripple (XRP) surged 10% to $1.2453 in 24 hours, leading crypto higher on U.S.-Iran peace deal announcement; Ethereum up 9% to $1…",2026-06-15T14:28:48Z,Biztoc.com,2026-06-15 14:28:48
Kraken launches crypto perpetual futures trading for US clients on Kraken Pro,"Kraken's move could reshape US crypto trading by legitimizing perpetual futures, attracting institutional investors, and increasing market competition.
The post Kraken launches crypto perpetual futures trading for US clients on Kraken Pro appeared first on Cr…",2026-06-15T14:10:55Z,Crypto Briefing,2026-06-15 14:10:55
Kraken debuts U.S. perpetual futures as crypto derivatives move onshore,"Perpetual futures generated more than $60 trillion in volume last year, according to the crypto exchange, largely outside the U.S.",2026-06-15T14:07:22Z,CoinDesk,2026-06-15 14:07:22
XRP rockets 8% above $1.20 in first major breakout since June selloff,"XRP rockets 8% above $1.20 in first major breakout since June selloff
Heavy volume pushed XRP through multiple resistance levels, with traders now focused on whether the rally can extend toward $1.30 after weeks of defensive positioning.
- XRP broke above res…",2026-06-15T13:59:06Z,Biztoc.com,2026-06-15 13:59:06
"Saylor’s Strategy buys 1,587 BTC for $100M, holdings hit 846.8K","Strategy acquired 1,587 Bitcoin for $100 million last week, lifting holdings to 846,842 BTC after raising $209 million through MSTR stock sales.",2026-06-15T13:52:12Z,Cointelegraph,2026-06-15 13:52:12
US-Iran Deal Sends Shockwaves Through Markets — Is Bitcoin The Biggest Winner?,"Overnight, headlines about the U.S. and Iran deal softened jitters everywhere, including Bitcoin. With oil tensions easing, investors started eyeing riskier plays again – Bitcoin...
The post US-Iran Deal Sends Shockwaves Through Markets — Is Bitcoin The Bigge…",2026-06-15T13:34:51Z,Bitcoinfoundation.org,2026-06-15 13:34:51
XRP rockets 8% above $1.20 in first major breakout since June selloff,"Heavy volume pushed XRP through multiple resistance levels, with traders now focused on whether the rally can extend toward $1.30 after weeks of defensive positioning.",2026-06-15T13:26:20Z,CoinDesk,2026-06-15 13:26:20
"VP Vance confirms toll-free reopening of Hormuz Strait, Israel included in talks","The reopening of the Strait of Hormuz without tolls could stabilize global oil prices and reduce geopolitical tensions, impacting energy and crypto markets.
The post VP Vance confirms toll-free reopening of Hormuz Strait, Israel included in talks appeared fir…",2026-06-15T13:10:59Z,Crypto Briefing,2026-06-15 13:10:59
"Ripple Targets $1 Billion Revenue Run Rate by 2026, Excluding XRP","Key Takeaways
- Ripple is targeting a $1 billion revenue run rate by the end of 2026. 
- CEO Brad Garlinghouse emphasized that the figure excludes XRP holdings on the company’s balance sheet. 
- Garlinghouse’s comments reinforce the separation between Ripple’…",2026-06-15T12:13:06Z,Biztoc.com,2026-06-15 12:13:06
"Ripple Targets $1 Billion Revenue Run Rate by 2026, Excluding XRP",,2026-06-15T11:34:45Z,Yahoo Entertainment,2026-06-15 11:34:45
Hezbollah has not conducted operations since Iran-US deal announcement,"Hezbollah's operational pause may signal a shift in regional power dynamics, impacting global oil markets and geopolitical stability.
The post Hezbollah has not conducted operations since Iran-US deal announcement appeared first on Crypto Briefing.",2026-06-15T11:34:39Z,Crypto Briefing,2026-06-15 11:34:39
"Sensex today | Stock Market Highlights: Sensex gains 736 points, Nifty closes above 23,850 as US-Iran deal drives crude prices lower","Sensex, Nifty, Share Prices Highlights: Benchmark equity indices ended higher for the second consecutive session on Monday, although they pared some gains in the latter half of the session amid profit booking. BSE Sensex settled 736.38 points, or 0.97 per cen…",2026-06-15T11:17:15Z,BusinessLine,2026-06-15 11:17:15
XRP Eyes $1.20 Breakout As Upbit Flows Hit Highest Share Since May 2024,XRP traders are watching the $1.20 area as Upbit-linked wallet-flow dominance rises sharply.,2026-06-15T09:16:08Z,Bitcoinist,2026-06-15 09:16:08
"Bitcoin trades near $65,600 as weakening institutional demand keeps prices range-bound","Bitcoin is trading near $65,600 as weakening institutional demand keeps prices range-bound amid mixed market signals. Crypto markets saw modest gains, supported by easing geopolitical tensions and improved risk sentiment, while investors now turn their focus …",2026-06-15T06:59:06Z,The Times of India,2026-06-15 06:59:06
XRP climbs 4% above $1.18 as traders test next resistance zone,"XRP climbs 4% above $1.18 as traders test next resistance zone
XRP extended its rebound from recent lows on the strongest buying activity in weeks, with institutional flows and ETF demand supporting a push toward the $1.20 level.
- XRP has broken back above k…",2026-06-15T04:51:01Z,Biztoc.com,2026-06-15 04:51:01
XRP Price Next Chapter Could Be A Strong Move To The Upside,XRP price started a steady increase above $1.1650. The price is now consolidating gains and might aim for more gains above the $1.20 zone. XRP price started a steady increase above the $1.150 zone. The price is now trading above $1.160 and the 100-hourly Simp…,2026-06-15T04:28:43Z,newsBTC,2026-06-15 04:28:43
XRP climbs 4% above $1.18 as traders test next resistance zone,"XRP extended its rebound from recent lows on the strongest buying activity in weeks, with institutional flows and ETF demand supporting a push toward the $1.20 level.",2026-06-15T04:25:42Z,CoinDesk,2026-06-15 04:25:42
Bitcoin rallies to two-week high after US-Iran Hormuz deal,"Risk appetite returned to markets after President Donald Trump said on social media that a peace deal with Iran “is now complete” and that the US would end its blockade of the strait, a critical trade waterway",2026-06-15T04:25:17Z,Bloomberg,2026-06-15 04:25:17
"Bitcoin hits a two-week high above $65,500 as the US-Iran deal sends oil sliding",A peace agreement that reopens the Strait of Hormuz pulled the geopolitical premium out of oil and put back into risk assets.,2026-06-15T03:56:27Z,CoinDesk,2026-06-15 03:56:27
"Bitcoin spot ETFs see $316M outflows, marking fifth week of decline","Institutional investors are reallocating within crypto, favoring altcoins like XRP and HYPE, indicating a shift in market dynamics.
The post Bitcoin spot ETFs see $316M outflows, marking fifth week of decline appeared first on Crypto Briefing.",2026-06-15T03:51:48Z,Crypto Briefing,2026-06-15 03:51:48
"Bitcoin, Ethereum, XRP, Dogecoin Climb Trump Declares Iran Deal 'Complete': Analyst Predicts BTC Move Above Key Level To Fuel 'Risk-On Appetite'","Leading cryptocurrencies lifted alongside stock futures overnight on Sunday after President Donald Trump said that a framework agreement to end the conflict with Iran had been completed.
Cryptocurrency
24-Hour Gains +/-
Price (Recorded at 10:30 p.m. EDT)
Bitc…",2026-06-15T03:04:14Z,Biztoc.com,2026-06-15 03:04:14
"VP Vance thanks Americans for patience on Iran deal, calls it a new era","The Iran deal's progress could stabilize geopolitical tensions, indirectly influencing global markets and digital asset volatility.
The post VP Vance thanks Americans for patience on Iran deal, calls it a new era appeared first on Crypto Briefing.",2026-06-15T02:06:15Z,Crypto Briefing,2026-06-15 02:06:15
"Bitcoin, Ethereum, XRP, ADA, SOL, DOGE Record Lowest Trading Volume in 2 Years; What’s Behind This Trend?","The crypto market is currently grappling with a liquidity drought, as the trading volumes of major coins and altcoins have dropped to their lowest levels in two years.",2026-06-14T19:39:25Z,ZyCrypto,2026-06-14 19:39:25
"XRP Ledger Cracks Top 15 as Stablecoin Supply Explodes by 22% in a Week, Hitting $762 Million","The XRP Ledger (XRPL) is in overdrive as it undergoes a liquidity paradigm shift, with stablecoin supply recently accelerating after a prolonged period of stagnation. Per DeFiLlama data, total stablecoin capitalization climbed to $762 million, representing a …",2026-06-14T19:21:23Z,ZyCrypto,2026-06-14 19:21:23
"StanChart looks for 3 signs of BTC bottom, including Strategy’s Monday news","Standard Chartered Geoff Kendrick on Friday told clients that he believes crypto asset prices have seen the low in the current cycle and he is looking for confirmation in three indicators, including Strategy’s reporting that it bought more Bitcoin last week.",2026-06-14T19:05:46Z,Cointelegraph,2026-06-14 19:05:46
HYPE ETFs quietly pulled $161M in one month as Wall Street buys crypto’s on-chain exchange bet,"One month after THYP launched on Nasdaq, the three US-traded spot HYPE ETFs have pulled in $161 million in net inflows. June 5 was the only session to register an outflow, a $2.9 million redemption from BHYP, and every other trading day has closed in the gree…",2026-06-14T19:05:22Z,CryptoSlate,2026-06-14 19:05:22
"What Is the Best Crypto to Buy Right Now in 2026: Bitcoin, XRP, Solana, or Hyperliquid?","The post What Is the Best Crypto to Buy Right Now in 2026: Bitcoin, XRP, Solana, or Hyperliquid? appeared first on 24/7 Wall St..
Almost every coin on the board is red right now, and that makes buying look easy. When prices fall this far, “buy the dip” starts…",2026-06-14T18:41:02Z,Biztoc.com,2026-06-14 18:41:02
"What Is the Best Crypto to Buy Right Now in 2026: Bitcoin, XRP, Solana, or Hyperliquid?","Almost every coin on the board is red right now, and that makes buying look easy. When prices fall this far, “buy the dip” starts to sound like free money...",2026-06-14T18:38:53Z,24/7 Wall St.,2026-06-14 18:38:53
Trump urges Israel and Hezbollah to stand down as Iran deal hangs in the balance,"Trump's call for de-escalation highlights the fragile balance in Middle East diplomacy, with global economic and market stability at stake.
The post Trump urges Israel and Hezbollah to stand down as Iran deal hangs in the balance appeared first on Crypto Brie…",2026-06-14T16:31:28Z,Crypto Briefing,2026-06-14 16:31:28
Bitcoin Meets AI Trading: AIXAlpha Launches Free AI Strategy Contracts with Daily Settlement,Join BTC and top assets through AI-driven automated strategies with daily settlement—no manual trading needed. Join BTC and top assets through AI-driven automated strategies with daily settlement—no manual trading needed.,2026-06-14T13:00:00Z,GlobeNewswire,2026-06-14 13:00:00
XRP Ledger Daily Fees Drop Below $400 As Network Activity Question Returns,DefiLlama data shows low daily fee generation on the XRP Ledger.,2026-06-14T12:02:58Z,Bitcoinist,2026-06-14 12:02:58
A $1.9 Trillion Manager Can Now Hold XRP: What T. Rowe Price’s New Crypto ETF Means for XRP,"The post A $1.9 Trillion Manager Can Now Hold XRP: What T. Rowe Price’s New Crypto ETF Means for XRP appeared first on 24/7 Wall St..
 Rowe Price is one of the most established names in traditional money management. It’s 89 years old, runs about $1.9 trillion…",2026-06-14T11:20:23Z,Biztoc.com,2026-06-14 11:20:23
A $1.9 Trillion Manager Can Now Hold XRP: What T. Rowe Price’s New Crypto ETF Means for XRP,"Rowe Price is one of the most established names in traditional money management. It’s 89 years old, runs about $1.9 trillion, and built its name on mutual fu...",2026-06-14T11:17:31Z,24/7 Wall St.,2026-06-14 11:17:31
Ripple Launches XRPL AI Starter Kit For XRP And RLUSD Agent Payments,Ripple launched the XRPL AI Starter Kit for autonomous agent payments.,2026-06-14T10:02:56Z,Bitcoinist,2026-06-14 10:02:56
"Trump says Iran peace deal to be signed Sunday, contradicting Tehran","Crypto analyst Michaël van de Poppe said a peace deal, which would reopen the Strait of Hormuz, would likely send liquidity back to risk-on assets such as cryptocurrencies.",2026-06-14T05:07:31Z,Cointelegraph,2026-06-14 05:07:31
Amazon warning triggered US crackdown on Anthropic AI models: Reports,Calls from Amazon CEO Andy Jassy and other tech firms prompted the Trump administration to suspend foreign access to Anthropic’s Fable 5 and Mythos 5 AI models on Friday.,2026-06-14T03:36:49Z,Cointelegraph,2026-06-14 03:36:49
Why Is Institutional Money Pouring Into XRP ETFs While Fleeing Bitcoin and Ethereum?,"The post Why Is Institutional Money Pouring Into XRP ETFs While Fleeing Bitcoin and Ethereum? appeared first on 24/7 Wall St..
Something strange has been happening in the crypto ETF market over the past several weeks. Investors pulled billions of dollars out …",2026-06-13T22:26:27Z,Biztoc.com,2026-06-13 22:26:27
Why Is Institutional Money Pouring Into XRP ETFs While Fleeing Bitcoin and Ethereum?,Something strange has been happening in the crypto ETF market over the past several weeks. Investors pulled billions of dollars out of Bitcoin and Ethereum...,2026-06-13T22:16:03Z,24/7 Wall St.,2026-06-13 22:16:03
"If CLARITY Clears the Senate by August, Where Does XRP Trade by Q4?","The post If CLARITY Clears the Senate by August, Where Does XRP Trade by Q4? appeared first on 24/7 Wall St..
The CLARITY Act is one vote away from giving XRP (CRYPTO:XRP) the thing its holders have wanted for years: a federal law that settles XRP’s legal sta…",2026-06-13T19:39:25Z,Biztoc.com,2026-06-13 19:39:25
"Ripple’s XRP Current Weakness May Be Final Accumulation Phase Before $8-$27 Cycle Targets, Say Analysts",XRP continued to trade sideways Tuesday as the crypto market struggled to recover from a turbulent week marked by widespread selling pressure.,2026-06-13T19:32:30Z,ZyCrypto,2026-06-13 19:32:30
Kraken Prepares CFTC-Regulated Perpetual Futures Launch For US Traders,"Kraken is preparing a regulated US perpetual futures launch through Bitnomial, potentially bringing one of crypto’s largest derivatives products onshore.",2026-06-13T15:00:11Z,newsBTC,2026-06-13 15:00:11
Ripple’s XRP Meets AI Trading: AIXAlpha Launches Free AI Strategy Contracts with Daily Settlement,Join XRP and top assets through AI-driven automated strategies with daily settlement—no manual trading needed. Join XRP and top assets through AI-driven automated strategies with daily settlement—no manual trading needed.,2026-06-13T13:20:00Z,GlobeNewswire,2026-06-13 13:20:00
Ripple wants AI agents to pay in XRP and RLUSD. The market is still mostly USDC,"Ripple wants AI agents to pay in XRP and RLUSD. The market is still mostly USDC
The XRPL AI Starter Kit gives developers tools for agent payments, but early x402 activity has clustered on Base and Solana. Ripple’s bet is that XRPL’s speed, low fees and RLUSD …",2026-06-13T11:33:01Z,Biztoc.com,2026-06-13 11:33:01
Ripple wants AI agents to pay in XRP and RLUSD. The market is still mostly USDC,"The XRPL AI Starter Kit gives developers tools for agent payments, but early x402 activity has clustered on Base and Solana. Ripple’s bet is that XRPL’s speed, low fees and RLUSD can win a piece of that flow.",2026-06-13T11:30:00Z,CoinDesk,2026-06-13 11:30:00
Here's What to Do If XRP Drops Below $1 During the Summer,"Right now, XRP (CRYPTO: XRP) is teetering on the edge of $1, and crypto investors are understandably concerned. If XRP breaks through the psychologically important $1 price level, it could go into free fall as investors abandon it entirely.
However, let's tak…",2026-06-13T10:33:38Z,Biztoc.com,2026-06-13 10:33:38
Is Cardano Too Risky to Own -- or Too Cheap to Ignore?,"Five years ago, Cardano (CRYPTO: ADA) ranked as one of the top five cryptocurrencies in the world. It had a higher market cap than XRP (CRYPTO: XRP) or Solana (CRYPTO: SOL) and a bright, shiny future.
Fast forward to today, however, and the picture is incredi…",2026-06-13T07:15:08Z,Biztoc.com,2026-06-13 07:15:08
"Bitcoin holds near $64,000 as falling oil prices and US-Iran peace hopes lift risk sentiment","Bitcoin hovered near $64,000, buoyed by falling oil prices and optimism for a US-Iran peace deal, which lifted overall risk sentiment. While Bitcoin saw a slight gain, Ethereum experienced a minor dip. Major altcoins showed mixed performance, with some fallin…",2026-06-13T07:10:53Z,The Times of India,2026-06-13 07:10:53
Trump expects Iran deal finalization within days after call with Netanyahu,"The potential US-Iran deal could ease geopolitical tensions, impacting global markets and energy security, but faces significant diplomatic hurdles.
The post Trump expects Iran deal finalization within days after call with Netanyahu appeared first on Crypto B…",2026-06-13T06:04:59Z,Crypto Briefing,2026-06-13 06:04:59
"Bitcoin, XRP spot ETFs see inflows while Ethereum records outflows on June 12","Bitcoin and XRP ETF inflows suggest cautious optimism, while Ethereum's outflows highlight potential liquidity and investor confidence issues.
The post Bitcoin, XRP spot ETFs see inflows while Ethereum records outflows on June 12 appeared first on Crypto Brie…",2026-06-13T05:06:25Z,Crypto Briefing,2026-06-13 05:06:25
ward-protocol 0.2.10,Deterministic default resolution for XLS-66 lending vaults on the XRP Ledger,2026-06-13T02:35:50Z,Pypi.org,2026-06-13 02:35:50
Is XRP About to Bounce? XRP FUD Just Hit the Same Low That Sparked a 50% Rally,"The post Is XRP About to Bounce? XRP FUD Just Hit the Same Low That Sparked a 50% Rally appeared first on 24/7 Wall St..
Mastercard named Ripple (CRYPTO:XRP) a settlement partner in its new AI-payments network this week, a deal that puts the XRP Ledger inside…",2026-06-12T22:52:34Z,Biztoc.com,2026-06-12 22:52:34
"Bitcoin At $63,000 While Ethereum, XRP, Dogecoin Hold Ground On Potential US-Iran Peace Deal","Bitcoin is holding $63,000 as optimism around a peace deal in the middle East fuels positive social sentiment.
Cryptocurrency
Ticker
Price
Bitcoin
(CRYPTO: BTC)
$63,674
Ethereum
(CRYPTO: ETH)
$1,664
Solana
(CRYPTO: SOL)
$67.30
XRP
(CRYPTO: XRP)
$1.13
Dogecoin…",2026-06-12T18:34:52Z,Biztoc.com,2026-06-12 18:34:52
Jay Clayton emerges as key advisor to President Trump in second term,"Clayton's nomination as DNI could stabilize intelligence leadership, impacting national security policy and potentially influencing crypto regulation indirectly.
The post Jay Clayton emerges as key advisor to President Trump in second term appeared first on C…",2026-06-12T18:17:06Z,Crypto Briefing,2026-06-12 18:17:06
Ripple CEO Says JPMorgan Boss Jamie Dimon's CLARITY Act Criticism Was 'A Disservice' To Crypto Regulation,"Ripple (CRYPTO: XRP) CEO Brad Garlinghouse sharply criticized JPMorgan (NYSE:JPM) CEO Jamie Dimon's opposition to cryptocurrency legislation, accusing the banking executive of either intentionally misrepresenting or negligently misunderstanding the implicatio…",2026-06-12T17:34:32Z,Biztoc.com,2026-06-12 17:34:32
XRP aims for $0.90 as ETF demand battles selling pressure from whales,"XRP is trading at $1.11, down roughly 17% from its June opening, having set a new 2026 low on June 5 and shed $8 billion in market cap over three sessions. The correction happens as the asset posted its strongest ETF inflow month of the year, with $131.94 mil…",2026-06-12T16:05:32Z,CryptoSlate,2026-06-12 16:05:32
Kalshi’s crypto perpetuals ignite debate on futures versus swaps,"Kalshi's regulated crypto perpetuals could reshape US trading dynamics, challenging existing market structures and regulatory frameworks.
The post Kalshi’s crypto perpetuals ignite debate on futures versus swaps appeared first on Crypto Briefing.",2026-06-12T15:44:01Z,Crypto Briefing,2026-06-12 15:44:01
SpaceX IPO debut and geopolitical signals fuel risk appetite across crypto markets,"The SpaceX IPO and geopolitical optimism boost risk appetite, potentially driving sustained crypto market growth amid cautious sentiment.
The post SpaceX IPO debut and geopolitical signals fuel risk appetite across crypto markets appeared first on Crypto Brie…",2026-06-12T15:34:53Z,Crypto Briefing,2026-06-12 15:34:53
Are Cardano and XRP Whales Preparing for a Rocket Move? On-Chain Metrics Spotlights New Development,On-chain metrics suggest large holders of XRP and Cardano (ADA) may be preparing for a major run despite a broader market downturn.,2026-06-12T15:28:12Z,ZyCrypto,2026-06-12 15:28:12
Ripple Just Plugged the XRP Ledger Into AI Payments and America’s Biggest Remittance Corridor: What It Means for XRP,"The post Ripple Just Plugged the XRP Ledger Into AI Payments and America’s Biggest Remittance Corridor: What It Means for XRP appeared first on 24/7 Wall St..
Mastercard launched a payment network for AI agents this week and made the XRP Ledger one of its set…",2026-06-12T14:30:07Z,Biztoc.com,2026-06-12 14:30:07
XRP Network Upgrade Coincides with SurgeXRP Presale Surpassing 30% of Soft Cap,"GEORGE TOWN, Cayman Islands, June 12, 2026 (GLOBE NEWSWIRE) -- SurgeXRP
, a real estate tokenization marketplace built on the XRP Ledger (XRPL), today announced that its ongoing $SGP token presale has surpassed 30% of its soft cap milestone. The development …",2026-06-12T14:16:00Z,GlobeNewswire,2026-06-12 14:16:00
"XRP sentiment falls to 8-month low, and that has been a buy signal before","XRP sentiment falls to 8-month low, and that has been a buy signal before
Santiment's weighted sentiment gauge for XRP just hit its weakest reading since October 2025. The firm notes the token's strongest rebounds have tended to start when the crowd was this …",2026-06-12T14:15:23Z,Biztoc.com,2026-06-12 14:15:23
"XRP sentiment falls to 8-month low, and that has been a buy signal before",Santiment's weighted sentiment gauge for XRP just hit its weakest reading since October 2025. The firm notes the token's strongest rebounds have tended to start when the crowd was this checked out.,2026-06-12T14:08:03Z,CoinDesk,2026-06-12 14:08:03
XRP Sentiment Hits Lowest Level Since October 2025: What's Going On?,"XRP (CRYPTO: XRP) sentiment has dropped to its lowest level since October 2025, with whale selling raising questions about whether the latest buy signal can produce a sustained rally.
XRP Sentiment Has “Fallen Off A Cliff“
Santiment data said that ""XRP sentim…",2026-06-12T13:59:27Z,Biztoc.com,2026-06-12 13:59:27
Kraken Plans CFTC-Regulated Perpetual Futures For US Crypto Traders,"Kraken says it plans to launch CFTC-regulated perpetual futures for eligible U.S. traders, covering major crypto assets including BTC, ETH, SOL, and XRP.",2026-06-12T12:48:26Z,Bitcoinist,2026-06-12 12:48:26
Metaplanet to form securities arm through Siiibo acquisition,The Bitcoin treasury firm said Siiibo’s securities license and corporate bond platform will help it develop BTC-linked yield products for Japanese investors.,2026-06-12T12:05:09Z,Cointelegraph,2026-06-12 12:05:09
Vanguard overtakes BlackRock as largest ETF issuer in US,"Vanguard's rise as the largest US ETF issuer highlights a shift towards long-term investment strategies over diversified product offerings.
The post Vanguard overtakes BlackRock as largest ETF issuer in US appeared first on Crypto Briefing.",2026-06-12T11:51:03Z,Crypto Briefing,2026-06-12 11:51:03
Ripple chases AI’s machine economy as XRPL stablecoins near $1 billion,"Stablecoin liquidity on the XRP Ledger (XRPL) has nearly doubled over the past month, putting the network within reach of a $1 billion supply milestone as Ripple tries to position its blockchain for automated payments. The surge gives Ripple a stronger base f…",2026-06-12T11:25:51Z,CryptoSlate,2026-06-12 11:25:51
"New Documents Detail Nine-Figure, Silicon Valley–Funded Abundance Movement","The Prospect has obtained a fundraising pitch and historical manifesto from inside the movement.
The post New Documents Detail Nine-Figure, Silicon Valley–Funded Abundance Movement appeared first on The American Prospect.",2026-06-12T09:30:00Z,The American Prospect,2026-06-12 09:30:00
Ripple Bitso Partnership Expansion Brings Peso Stablecoin to XRP Ledger,"Ripple Bitso partnership expansion will bring Bitso’s peso-backed MXNB stablecoin to the XRP Ledger for enterprise settlement across the U.S.-Mexico corridor. Crypto payments company Ripple,...
The post Ripple Bitso Partnership Expansion Brings Peso Stablecoi…",2026-06-12T09:16:34Z,Bitcoinfoundation.org,2026-06-12 09:16:34
XRP Price Sentiment Hits 8-Month Low as Traders Lose Patience,"XRP price sentiment has fallen to its lowest level since October 2025 as traders grow tired of weak price action and a lack of fresh...
The post XRP Price Sentiment Hits 8-Month Low as Traders Lose Patience appeared first on Bitcoin Foundation.",2026-06-12T07:54:19Z,Bitcoinfoundation.org,2026-06-12 07:54:19
"Bitcoin trades near $63,600 as sentiment nears 2022 bottom levels. Here is what experts say","Bitcoin hovered near the $63,600 level as technical indicators stayed cautious despite improving sentiment. Major cryptocurrencies posted modest gains, while extreme fear persisted across markets. Analysts pointed to macro uncertainty, ETF outflows and capita…",2026-06-12T07:09:55Z,The Times of India,2026-06-12 07:09:55
XRP jumps 3% above $1.14 as institutional buying meets key resistance test,"XRP posted its strongest session in days on a sharp volume surge, though traders remain focused on whether the rally can break a longer-term downtrend that still points lower.",2026-06-12T06:38:32Z,CoinDesk,2026-06-12 06:38:32
"Live updates: Bitcoin in volatile trading above $63,000, DOGE unchanged","Crypto firmed across the board on the largest listing in history, but the token most tied to Elon Musk traded right in line with the market.",2026-06-12T06:32:02Z,CoinDesk,2026-06-12 06:32:02
"Bitcoin, Ethereum, XRP, Dogecoin Jump After Trump Sparks Optimism On Iran Deal: Analyst Says SpaceX IPO Would Be 'Tricky' For The Markets",Leading cryptocurrencies climbed alongside stocks on Thursday after President Donald Trump called off “scheduled” strikes on Iran amid hopes for a peace deal...,2026-06-12T01:59:24Z,Yahoo Entertainment,2026-06-12 01:59:24
The 3-Part Impulse That Shows Where The XRP Price Is Headed Next,"XRP bulls are trying to turn a brutal selloff into something bigger than a relief bounce. An interesting setup shows a possible three-part impulse from the recent low around $1.05, but the entire setup still depends on whether buyers can force the price throu…",2026-06-11T23:00:17Z,newsBTC,2026-06-11 23:00:17
How Low Will XRP Go in 2026? Prediction Markets Give XRP a 70% Chance of Falling Below $1,,2026-06-11T22:39:44Z,Yahoo Entertainment,2026-06-11 22:39:44
XRP Pundit Says These Factors Will Drive An Explosive Price Action,XRP pundit SMQKE has predicted that utility will drive the next wave of explosive price action for the token. This came as he highlighted what had previously driven these parabolic rallies in the altcoin and noted a shift from speculation to utility-driven ra…,2026-06-11T20:30:14Z,Bitcoinist,2026-06-11 20:30:14
XRP’s Face-Melting Phase: The Numbers Say Price Is Headed Above $10,"XRP’s price action has come under heavy pressure in recent days alongside the rest of the market, falling back into a major support region around $1.10 with sellers still controlling short-term momentum.  The decline has placed XRP directly inside a notable z…",2026-06-08T22:30:41Z,newsBTC,2026-06-08 22:30:41
Ripple Partner Bank of America Unveils Global Payments Expansion Strategy,"Bank of America is expanding its global payments strategy with a renewed focus on enhancing cross-border transaction capabilities, highlighting the growing importance of efficient international money movement in modern finance. Being one of the world’s larges…",2026-06-08T21:00:21Z,newsBTC,2026-06-08 21:00:21
Ripple’s Leadership Reaffirms Long-Term Vision as XRP Turns 14 Amid Price Decline,"XRP reached a major milestone this week, marking 14 years since its creation, with Ripple executives reaffirming their long-term commitment to the digital asset despite recent market weakness. Notably, the anniversary comes as XRP faces renewed selling pressu…",2026-06-08T20:45:44Z,ZyCrypto,2026-06-08 20:45:44
"BlockDAG’s $0.01 buyback deal, Monero, and XRP: Identifying the top crypto gainers for predictable digital asset growth","Discover BlockDAG’s $0.01 buyback deal alongside Monero and XRP. Identify top crypto gainers for predictable digital asset growth and secure your exit stra

Read More: https://punchng.com/blockdags-0-01-buyback-deal-monero-and-xrp-identifying-the-top-crypto-g…",2026-06-08T17:15:24Z,The Punch,2026-06-08 17:15:24
"Analyst Says XRP Is About To Have A ‘Phoenix Moment’, What This Means For Price","A crypto analyst has shared his belief that XRP may finally be getting ready for a major comeback after months of steady decline. The prediction comes as Bitcoin has climbed back above $63,000 in early Monday trading hours, helping the broader crypto market s…",2026-06-08T16:30:40Z,Bitcoinist,2026-06-08 16:30:40
"Israel strikes Beirut suburb targeting Hezbollah infrastructure, Bitcoin drops nearly 3%","Geopolitical tensions in the Middle East heighten market volatility, impacting investor sentiment and potentially triggering further asset sell-offs.
The post Israel strikes Beirut suburb targeting Hezbollah infrastructure, Bitcoin drops nearly 3% appeared fi…",2026-06-08T15:55:43Z,Crypto Briefing,2026-06-08 15:55:43
"Analyst Charts Ethereum Long-Term Roadmap To $16,000 – There’s No Need To Panic","Ethereum’s crash below $1,500 over the weekend has pushed sentiment into one of its most fearful phases since the previous bear market, but crypto analyst Crypto Patel believes the current selloff should be viewed through a longer lens. The analyst’s roadmap …",2026-06-08T15:00:52Z,newsBTC,2026-06-08 15:00:52
Spot Bitcoin ETFs bleed $1.7B as outflow streak hits four weeks,"Spot Bitcoin ETFs posted a fourth straight week of billion-dollar outflows, while Ether ETFs shed another $173 million as investors cut crypto exposure amid macro uncertainty.",2026-06-08T14:46:26Z,Cointelegraph,2026-06-08 14:46:26
XXRP’s 91% Wipeout Reveals the Leverage Trap Crypto Investors Miss,"If you held the Teucrium 2x Long Daily XRP ETF (NASDAQ:XXRP) into the close on Friday, you watched a 12% single-day drop turn an already grim year into...",2026-06-08T13:24:59Z,24/7 Wall St.,2026-06-08 13:24:59
Dave Portnoy Crypto Losses: How Did He Lose so Much Money and Why?,"Dave Portnoy crypto losses became public because they were not hidden in reports, but splashed across the internet where people could watch. Fame poured fuel...
The post Dave Portnoy Crypto Losses: How Did He Lose so Much Money and Why? appeared first on Bitc…",2026-06-08T12:27:38Z,Bitcoinfoundation.org,2026-06-08 12:27:38
"Bitcoin Price Today: BTC fights for $63K as Iran ceasefire hopes, CPI data, and Fed decision loom—will Ethereum, XRP, and Solana surge after critical inflation data?","BTC Price Today Prediction News: Bitcoin trades near $63,000 after rebounding from the June 5 low of $59,100, its weakest level since February. The rally followed renewed optimism around a potential U.S.-Iran ceasefire, briefly pushing BTC above $64,000. Mark…",2026-06-08T12:20:23Z,The Times of India,2026-06-08 12:20:23
"XRP News: XRP Hits 19-Month Low at $1.08, Institutional Buyers Signal Contrarian Strength",,2026-06-08T12:17:08Z,Yahoo Entertainment,2026-06-08 12:17:08
XRP To $1 Or A Violent Reversal? Analyst Says Liquidity Setup Is Flashing,"XRP is approaching a decisive liquidity zone after a brutal market-wide crypto flush, with analyst Will Taylor (@CryptoinsightUK) arguing that downside liquidity has largely been swept while larger pools may now sit above price. The setup comes as crypto sent…",2026-06-08T12:00:30Z,newsBTC,2026-06-08 12:00:30
"Bad News For Bitcoin: Historical Lows Show The Bottom Actually Lies Below $30,000","Despite growing optimism that Bitcoin has reached a cycle low, historical cycles suggest another leg down could still be ahead. While rising institutional involvement may reduce the severity of the downturn, a chart shared by a top crypto analyst suggests the…",2026-06-08T10:30:21Z,newsBTC,2026-06-08 10:30:21
"Sensex today | Stock Market Highlights: Sensex settles at 73,524.26, down 719.08 pts (0.97%); Nifty ends at 23,123, down 243.70 pts (1.04%)","Sensex, Nifty, Stock Price Highlights:- Shares fell on Monday, tracking a sharp ​selloff across Asian markets, while crude prices spiked due to ‌an escalation of the Middle East ​conflict",2026-06-08T10:28:12Z,BusinessLine,2026-06-08 10:28:12
XRP Today Remains Only Non-Bitcoin Top 10 Survivor: CoinGecko,"A new CoinGecko review shows XRP today has outlasted nearly every early crypto rival, keeping a top 10 market cap ranking since 2014. The crypto...
The post XRP Today Remains Only Non-Bitcoin Top 10 Survivor: CoinGecko appeared first on Bitcoin Foundation.",2026-06-08T09:18:43Z,Bitcoinfoundation.org,2026-06-08 09:18:43
"XRP News: David Schwartz Just Said XRP Is Becoming a Settlement Layer for Stocks and Loans, Is the Infrastructure Actually Ready?",,2026-06-08T08:58:51Z,Yahoo Entertainment,2026-06-08 08:58:51
XRP steadies above $1.10 to bounce from four-month lows,"XRP recovered from four-month lows on elevated volume, but the token remains trapped below key resistance levels even as ETF inflows and exchange outflows continue to build.",2026-06-08T06:06:55Z,CoinDesk,2026-06-08 06:06:55
"Ethereum Loses Second Place To Tether’s USDT As Bitcoin Crashed Below $60,000","Following the Bitcoin price crash below $60,000, Ethereum followed suit, dropping toward $1,500 in the same candle. This move triggered a development that has not happened in a long time, as ETH lost its second-place position in the top 10 cryptocurrencies by…",2026-06-08T06:00:52Z,Bitcoinist,2026-06-08 06:00:52
"Bitcoin Trader Says Something Extremely Bad Is Coming Today, Here’s What","Over the weekend, the Bitcoin price suffered a major crash, moving below $60,000 for the first time in this cycle. In contrast, there has been some recovery, with the price moving above $62,000 on Sunday, as investors moved back into the market. However, this…",2026-06-08T06:00:28Z,newsBTC,2026-06-08 06:00:28
"Bitcoin rebounds to $63,000 after holding key support, but ETF outflows of $3.4 billion remain a concern","Bitcoin climbed back above the $63,000 level on Monday after successfully defending a key support zone, despite persistent ETF outflows of $3.4 billion. Ethereum and major altcoins also posted strong gains, reflecting improved market sentiment and renewed buy…",2026-06-08T05:57:13Z,The Times of India,2026-06-08 05:57:13
Major cryptocurrencies under pressure as oil jumps 3%,"BTC, ETH, XRP and others pulled back from their overnight highs as Iran-Israel tensions and oil rally triggered risk aversion in Asian stocks.",2026-06-08T05:08:06Z,CoinDesk,2026-06-08 05:08:06
Toobit Adds XLM to Fixed Earn Series with Limited-Time 60% APR,"GEORGE TOWN, Cayman Islands, June 08, 2026 (GLOBE NEWSWIRE) -- Toobit, the award-winning global cryptocurrency exchange, today announces the addition of Stellar (XLM) to its high-yield Fixed Earn series, offering traders an opportunity to capture 60% APR on t…",2026-06-08T04:36:00Z,GlobeNewswire,2026-06-08 04:36:00
"HTX Launches ""Appreciation Program"" with Over $10 Million to Reward User Trust","APIA, Samoa, June 8, 2026 /PRNewswire/ -- Amid the rapid iteration of the crypto industry and the constant shifts in market conditions, the relationship between trading platforms and their users is being fundamentally redefined. As the era of aggressive user …",2026-06-08T03:02:00Z,PR Newswire UK,2026-06-08 03:02:00
"HTX Launches ""Appreciation Program"" with Over $10 Million to Reward User Trust","APIA, Samoa, June 7, 2026 /PRNewswire/ -- Amid the rapid iteration of the crypto industry and the constant shifts in market conditions, the relationship between trading platforms and their users is being fundamentally redefined. As the era of aggressive user …",2026-06-08T02:45:00Z,PRNewswire,2026-06-08 02:45:00
XRP Price Climbs Off Recent Lows With Fresh Upside Momentum,XRP price started a recovery wave above $1.10 and $1.1250. The price is now consolidating and might aim for a fresh move if it clears $1.1730. XRP price started a recovery wave above the $1.1250 zone. The price is now trading below $1.1220 and the 100-hourly …,2026-06-08T02:28:23Z,newsBTC,2026-06-08 02:28:23
"Ethereum’s RSI Just Hit Its Lowest Level In History, And That May Be Exactly The Point","Ethereum’s latest price crash has pushed the cryptocurrency below $1,800, placing its monthly chart under pressure at a time when the entire crypto market sentiment has turned heavily bearish. There is also another weakness coming from the monthly RSI, which …",2026-06-07T22:00:14Z,newsBTC,2026-06-07 22:00:14
A 400 Billion Shiba Inu Surprise: Whale Wallet Springs Back To Life,"Long traders bore the brunt of the damage when over $382,000 in Shiba Inu futures positions were liquidated in a single day, with $365,660 wiped from bullish bets and just $17,320 lost on the short side. Related Reading: XRP Monthly RSI Drops To All-Time Low …",2026-06-07T20:00:53Z,newsBTC,2026-06-07 20:00:53
"XRP Back in a Rare 13-Year Zone — Analysts Say a 1,000% Surge to $15 is on the Table","XRP remained under pressure alongside the broader crypto market, as Bitcoin lost its key $70,000 support level during Tuesday’s risk-off trading session.",2026-06-07T19:26:02Z,ZyCrypto,2026-06-07 19:26:02
"US military strikes Iranian radar sites after drone launch, and crypto markets are bracing for impact","Escalating US-Iran tensions threaten global oil supply, potentially destabilizing markets and impacting crypto valuations amid rising inflation.
The post US military strikes Iranian radar sites after drone launch, and crypto markets are bracing for impact app…",2026-06-07T19:04:32Z,Crypto Briefing,2026-06-07 19:04:32
XRP To $30? Market Veteran Says The Best Entry May Be Here,"XRP could be on track for one of its biggest price moves ever — but investors may need to wait until late 2027 or even 2028 to see it play out. A Long Road Ahead That’s the view from market analyst Dr Cat, who recently flagged $1.034 as a compelling long-term…",2026-06-07T16:00:54Z,newsBTC,2026-06-07 16:00:54
"Which of Bitcoin, XRP, Ethereum, or Solana Recovers First?",,2026-06-07T15:29:46Z,Yahoo Entertainment,2026-06-07 15:29:46
Bitcoin’s Worst Week Since FTX Raises The Question: Is The Bottom Already In?,"Bitcoin closed the week of June 5, 2026 down by almost 20%, its highest single-week percentage decline since the collapse of FTX in November 2022. The last time the market saw a candle this red, it was during the cycle bottom.  This time, however, the current…",2026-06-07T14:00:44Z,newsBTC,2026-06-07 14:00:44
Better Crypto Buy Right Now: XRP vs. Cardano,,2026-06-07T11:51:00Z,Yahoo Entertainment,2026-06-07 11:51:00
Here's Why I'm Strongly Considering Selling XRP,,2026-06-07T10:06:00Z,Yahoo Entertainment,2026-06-07 10:06:00
Kalshi launches US trading of cryptocurrency perpetual futures,"Kalshi's regulated entry into US crypto futures could shift trading dynamics, attracting institutional investors while highlighting leverage risks.
The post Kalshi launches US trading of cryptocurrency perpetual futures appeared first on Crypto Briefing.",2026-06-07T09:59:10Z,Crypto Briefing,2026-06-07 09:59:10
"Bitcoin Price Plunges To $59K, Sparking Fears Of Deeper Decline","Capital rotation into artificial intelligence may have played a bigger role in Bitcoin’s latest selloff than most market watchers initially assumed. Michael Saylor, whose company Strategy recently sold a portion of its Bitcoin holdings, pushed back on critici…",2026-06-07T04:00:03Z,newsBTC,2026-06-07 04:00:03
"Dogecoin Could Rally 300x And Cross $20, Analyst Claims","Dogecoin is trading below $0.09 at the time of writing, which places it more than 88% from its May 2021 all-time high of $0.74, and overlooked in a market that has spent most of 2026 rotating around Bitcoin, Ethereum and XRP.  However, crypto analyst Javon Ma…",2026-06-07T03:00:09Z,newsBTC,2026-06-07 03:00:09
XRP Pundit Says Pay Attention To This Pattern That Everyone Is Missing,"A crypto analyst known as Blacksea has revealed that the XRP price has formed a major bullish price pattern that appears to have gone largely unnoticed by the broader market. The expert noted that the last time this setup emerged, XRP rallied by triple-digit …",2026-06-07T00:00:34Z,newsBTC,2026-06-07 00:00:34
Is Ripple (XRP) Still A Good Crypto to Buy In 2026?,"If you’ve been following XRP (CRYPTO: XRP) this year, the chart and the news have been pointing in two different directions. Every catalyst XRP holders...",2026-06-06T23:34:04Z,24/7 Wall St.,2026-06-06 23:34:04
XRP Whales Dump 60M Tokens as a Liquidity Sweep Toward $1 Before the Next Big Move Emerges,"Analyst Ali Martinez, citing Santiment data, notes that about 60 million XRP have been moved or redistributed by whale wallets over the past week.",2026-06-06T23:32:28Z,ZyCrypto,2026-06-06 23:32:28
"Analyst Predicts When Bitcoin Price Will Reach $100,000 In 2026","A crypto analyst has shared a detailed forecast outlining when Bitcoin could regain bullish momentum and climb back toward $100,000. The expert mapped out the asset’s expected monthly price targets throughout 2026, highlighting periods of sharp sell-offs and …",2026-06-06T21:30:19Z,newsBTC,2026-06-06 21:30:19
ward-protocol 0.2.6,Deterministic default resolution for XLS-66 lending vaults on the XRP Ledger,2026-06-06T20:42:45Z,Pypi.org,2026-06-06 20:42:45
"Israel-Hezbollah fighting escalates despite US-brokered ceasefire, Bitcoin drops 3%","The escalation undermines regional stability and complicates diplomatic efforts, while also highlighting cryptocurrency's vulnerability to geopolitical tensions.
The post Israel-Hezbollah fighting escalates despite US-brokered ceasefire, Bitcoin drops 3% appe…",2026-06-06T18:12:46Z,Crypto Briefing,2026-06-06 18:12:46
CLARITY Act Momentum Slows As Approval Odds Fall To 60%,"A July 4 target date for advancing crypto market-structure legislation through the Senate is now looking less certain, according to Galaxy Digital’s head of research. Senate Calendar Creates A Bottleneck Alex Thorn revised his probability estimate for the CLA…",2026-06-06T17:00:52Z,newsBTC,2026-06-06 17:00:52
XRP’s Decade Of Success: Analyst Says This Is When Price Will Touch $10-$20,"Crypto analyst Crypto Patel has revealed when XRP could rally to between $10 and $20. This came as he commented on the token’s history following its 14th anniversary celebration, noting that it is one of the oldest crypto assets.  Analyst Reveals When XRP Wil…",2026-06-06T14:00:21Z,newsBTC,2026-06-06 14:00:21
XRP Price Analysis: Will XRP ETF Inflows Stall as Price Approaches $1?,,2026-06-06T12:12:08Z,Yahoo Entertainment,2026-06-06 12:12:08
Cardano Price Could Be Heading To $0.10 — Crypto Founder Offers Insight,"The cryptocurrency market has been riddled with significant selling pressure over the past week, with the Cardano price taking one of the largest hits among large-cap assets. According to CoinGecko data, the altcoin has lost more than 30% of its value in the …",2026-06-06T11:00:40Z,newsBTC,2026-06-06 11:00:40
XRP Plunges to 2024 Lows With Risk of a 23% Drop: Will Ripple’s Ex-CTO Roadmap Help Boost the Price?,,2026-06-06T10:07:49Z,Yahoo Entertainment,2026-06-06 10:07:49
Prediction: Ripple's XRP Will Be a Buy Before 2027,,2026-06-06T09:49:00Z,Yahoo Entertainment,2026-06-06 09:49:00
"Analyst Who Predicted the Bitcoin Crash Says Price Could Reach $40,000, Here’s When","The Bitcoin price recovery back in May 2026 triggered a renewed wave of bullish optimism. But despite the rising prices, there are some who did not give in to the bullish wave, picking a more conservative stance on the cryptocurrency. With the new month, thos…",2026-06-06T09:30:53Z,newsBTC,2026-06-06 09:30:53
XRP Monthly RSI Drops To All-Time Low As Market Watches For Confirmation,"The XRP monthly relative strength index has fallen to 41.64, the lowest reading the indicator has ever recorded for the token — lower even than the 43.75 it hit in March 2020, when XRP bottomed out at $0.11 during one of crypto’s worst bear markets. Related R…",2026-06-06T07:00:19Z,newsBTC,2026-06-06 07:00:19
"Bitcoin back above $61,000 after rout leads to $1.6 billion liquidations","Bitcoin fell as low as $59,227 overnight before recovering, steadying after Friday's strong jobs report set off a selloff that sank the Nasdaq 100 about 5% and rattled stocks, bonds and crypto together.",2026-06-06T06:40:17Z,CoinDesk,2026-06-06 06:40:17
XRP To $0.70 Next? The Case For Another 40% Crash,"Friday’s selloff pushed XRP deeper into the red, completing a 22% retrace over the past 30 days and sending the token below $1.10 for the first time since November 2024.  For many, this move immediately raises the most important question in the current climat…",2026-06-06T04:31:23Z,newsBTC,2026-06-06 04:31:23
cryptochief-crypto-processing-python 0.1.0,"Official async Python SDK for the Crypto Chief crypto payment gateway and crypto processing API. Accept crypto payments, send single and mass crypto payouts, sign on-chain transactions and smart-contract calls, manage wallets, convert fiat to crypto, and veri…",2026-06-06T03:56:32Z,Pypi.org,2026-06-06 03:56:32
cryptochief-crypto-processing-python added to PyPI,"Official async Python SDK for the Crypto Chief crypto payment gateway and crypto processing API. Accept crypto payments, send single and mass crypto payouts, sign on-chain transactions and smart-contract calls, manage wallets, convert fiat to crypto, and veri…",2026-06-06T03:56:27Z,Pypi.org,2026-06-06 03:56:27
Ripple IPO Is Not A Pipe Dream: Industry Expert Predicts When XRP Investors Should Expect Public Listing,"Ripple’s possible public listing has returned to the conversation after SBI Holdings CEO Yoshitaka Kitao gave one of the clearest long-range timelines yet from a major Ripple shareholder. Yoshitaka Kitao, the CEO and President of SBI, one of Japan’s largest f…",2026-06-06T03:00:15Z,newsBTC,2026-06-06 03:00:15
Is XRP About to Make Its Biggest Move Yet?,,2026-06-06T02:57:00Z,Yahoo Entertainment,2026-06-06 02:57:00
Why The Extreme FUD And Bearish Pressure Could Be Good News For The XRP Price,"The XRP price has continued its downward sweep, currently trading slightly around $1.1 after declining over 14% this week. As upward momentum and trading activity weaken, on-chain reports reveal that the market is now being dominated by bearish pressure and e…",2026-06-06T00:30:13Z,Bitcoinist,2026-06-06 00:30:13
"U.S. Crypto Market Structure Reform: Is This the Bill That Will Redefine Bitcoin, ETFs, and Crypto Exchanges in 2026?","One step at a time, lawmakers eye changes shaping how digital money moves across America. Could this proposal shift the way Bitcoin trades in 2026?...
The post U.S. Crypto Market Structure Reform: Is This the Bill That Will Redefine Bitcoin, ETFs, and Crypto …",2026-06-05T22:10:38Z,Bitcoinfoundation.org,2026-06-05 22:10:38
Veteran Trader Peter Brandt Names XRP Top Contender for Transactional Use,"Despite weak market conditions, XRP has strengthened its utility case, earning praise from one of its longtime critics.",2026-06-05T21:40:07Z,ZyCrypto,2026-06-05 21:40:07
XRP sinks to 19-month low amid market crash,,2026-06-05T21:15:00Z,Yahoo Entertainment,2026-06-05 21:15:00
Charles Hoskinson Sounds Alarm as Cardano Slips to Multi-Year Lows,"Cardano (ADA) once dubbed the ETH killer, has lost momentum, leading to a plunge in prices over the last two months.",2026-06-05T21:01:57Z,ZyCrypto,2026-06-05 21:01:57
"Institutions Are Loading Up On XRP, But Liquidity Tells A Different Story","XRP is attracting institutional capital at a time when liquidity across the market is moving in the opposite direction. Fresh ETF inflows and growing accumulation among long-term holders continue to support the bullish case, but recent data suggest a differen…",2026-06-05T21:00:01Z,newsBTC,2026-06-05 21:00:01
"Bitcoin Drops To $59,000 For First Time Since 2024: Crypto’s Total Value Sheds $2 Trillion Since October","Bitcoin (BTC) accelerated its decline on Friday, falling to roughly $59,685—the lowest level seen since October 2024, when US voters were preparing for the November presidential elections of that year.  The sell-off has now spilled beyond BTC itself, dragging…",2026-06-05T20:37:27Z,Bitcoinist,2026-06-05 20:37:27
"Crypto market crash: Why Bitcoin, XRP, Ethereum and altcoins are down today? Latest crypto market news and price analysis as BTC falls below $60,000, ETH plunges nearly 12%, and the Nasdaq Crypto Index drops almost 7%","Why is the crypto market down today? Bitcoin, Ethereum, XRP, Litecoin, and major altcoins plunged as ETF demand weakened. The cryptocurrency market is under severe pressure today. Bitcoin is hovering near $61,000, XRP has hit a 15-week low, Ethereum has shed …",2026-06-05T19:29:00Z,The Times of India,2026-06-05 19:29:00
"What is actually happening to Bitcoin (BTC) right now? Why the $2 trillion crypto market crash is sending Bitcoin, Ethereum, Solana, and XRP into freefall","Bitcoin crash fears intensified after BTC briefly slipped below $60,000 for the first time since October 2024. The broader crypto market has lost roughly $2 trillion since its October peak, falling from about $4.2 trillion to nearly $2.1 trillion. Ethereum pr…",2026-06-05T18:25:04Z,The Times of India,2026-06-05 18:25:04
Bad News for XRP and Bitcoin Investors. Retail Investors are Fleeing Crypto.,,2026-06-05T18:01:29Z,Yahoo Entertainment,2026-06-05 18:01:29
"Bitcoin Falls Below $60,000—Erasing Trump-Fueled Rally",The world’s largest cryptocurrency is now down more than half from its all-time high.,2026-06-05T17:37:23Z,Forbes,2026-06-05 17:37:23
Bitcoin briefly falls below $60K for the first time since October 2024,"Bitcoin's dip highlights the impact of strong US economic data on cryptocurrency markets, emphasizing the dollar's dominance over riskier assets.
The post Bitcoin briefly falls below $60K for the first time since October 2024 appeared first on Crypto Briefing.",2026-06-05T16:23:44Z,Crypto Briefing,2026-06-05 16:23:44
How to build a crypto portfolio,"Learn how to build a crypto portfolio. Discover what percent of your portfolio should be crypto, how to diversify sectors, and which assets to consider.",2026-06-05T16:01:36Z,Yahoo Entertainment,2026-06-05 16:01:36
Hot jobs data strengthens the dollar and crushes crypto’s rate-cut hopes,"The robust jobs data diminishes rate-cut prospects, strengthening the dollar and pressuring crypto, highlighting economic resilience.
The post Hot jobs data strengthens the dollar and crushes crypto’s rate-cut hopes appeared first on Crypto Briefing.",2026-06-05T16:00:02Z,Crypto Briefing,2026-06-05 16:00:02
"Bitcoin Crashes Near $60,000: $62B In Treasuries Erased, Analyst Sees Potential Bottom Ahead","Bitcoin (BTC) extended its decline on Friday, sliding to levels not seen since early February, leaving the broader market under renewed pressure and deepening bearish sentiment.  Since reaching its all-time high of $126,000 last October, Bitcoin is now down r…",2026-06-05T15:57:45Z,newsBTC,2026-06-05 15:57:45
Ripple (XRP) Slides 6% as Crypto Risks Becoming a “First Casualty” of the SpaceX IPO,,2026-06-05T15:09:23Z,Yahoo Entertainment,2026-06-05 15:09:23
XRP falls toward $1.10 as liquidation-driven selloff pushes token to multi-month lows,"XRP lost another 5% after a high-volume breakdown overwhelmed support near $1.20, leaving traders focused on whether the latest washout marks capitulation or the start of a deeper slide.",2026-06-05T14:53:06Z,CoinDesk,2026-06-05 14:53:06
Who Needs Bitcoin & Cryptos (-50%) Amid the Semiconductor & Miracle IPO Mania?,"Are bitcoin and crypto, followed by semiconductors and AI, proving Mark Twain right, that manias don't repeat but they rhyme?",2026-06-05T13:55:20Z,Nakedcapitalism.com,2026-06-05 13:55:20
Here’s How High The Bitcoin Price Will Climb If It Breaks The Current Bear Trend,"Bitcoin has spent the better part of the past several weeks delivering a painful lesson to bulls. The largest cryptocurrency by market capitalization has shed more than 22% over the past month, slicing through support levels that many traders had considered e…",2026-06-05T13:30:28Z,newsBTC,2026-06-05 13:30:28
Bitcoin Faces Pressure As Investors Rotate Capital Into AI Buildout: Saylor,"Bitcoin spot ETFs have now recorded net outflows in 17 of the last 19 days, with investors pulling a combined $5.6 billion from the products during that stretch. Taking Stock Of The Damage The numbers have pushed year-to-date flows for US-traded Bitcoin ETFs …",2026-06-05T10:30:29Z,newsBTC,2026-06-05 10:30:29
Dogecoin Has Entered A Historically Red Month And The Result Could Be Catastrophic,"In the 13 years that Dogecoin has been in existence, it has seen some interesting trends across various months. However, each month has had its fair share of greens and reds, but the month of June has mostly defied this. With Dogecoin mostly ending June in th…",2026-06-05T09:30:20Z,newsBTC,2026-06-05 09:30:20
XRP Price Prediction 2026: Is a Major Drop Coming for Ripple?,"The XRP price prediction 2026 has become one of the most urgent conversations in the altcoin space. Midway through 2026, XRP trades between $1.35 and...
The post XRP Price Prediction 2026: Is a Major Drop Coming for Ripple? appeared first on Bitcoin Foundatio…",2026-06-05T08:25:12Z,Bitcoinfoundation.org,2026-06-05 08:25:12
Analyst Spots XRP Signal That Preceded Every Major Rally Since 2017,"XRP may be heading toward a significant price recovery if a rare technical signal repeating across multiple market cycles holds true again. Related Reading: Bitcoin’s $60K Range Seen As Potential Long-Term Accumulation Zone, Analyst Says Based on analysis, a …",2026-06-05T06:00:23Z,newsBTC,2026-06-05 06:00:23
"Bitcoin trades below $63,000, drops 15% in the first week of June but blockchain data remains resilient","Bitcoin experienced a nearly 15% decline in early June, falling below $63,000. Despite significant price drops, on-chain data indicates a lack of panic selling, though institutional outflows from ETFs continue. Market sentiment is softening due to macro uncer…",2026-06-05T05:52:30Z,The Times of India,2026-06-05 05:52:30
Coinbase Reveals First Mortgage With Bitcoin Collateral Under Fannie Mae Coverage,"Nearly four months after crypto exchange Coinbase and the Federal National Mortgage Association—better known as Fannie Mae—announced their partnership, the companies have now disclosed what they describe as the first-ever mortgage backed by crypto collateral.…",2026-06-05T05:30:47Z,newsBTC,2026-06-05 05:30:47
"Bitcoin Price Back At $63,000 Despite 1.2 Million BTC Absorption","Data shows the spot ETFs and Strategy have absorbed more Bitcoin than Satoshi’s stack since the asset was last at $63,000, yet the asset has returned to the same level. Bitcoin Could Be Headed Toward The Realized Price In a new post on X, CryptoQuant founder …",2026-06-05T04:00:33Z,newsBTC,2026-06-05 04:00:33
Bitcoin ETF Outflows Hit 13-Day Streak as $4.3 Billion Exits the Funds,"Spot Bitcoin ETFs post a record 13-day outflow streak, shedding $4.33B as Ethereum funds break records too.",2026-06-05T03:22:24Z,BeInCrypto,2026-06-05 03:22:24
Bitmine Seeks $300M Raise To Accelerate Ethereum Accumulation Strategy,"BitMine Immersion Technologies is seeking $300 million through a preferred stock sale that would pay a 9.5% annual dividend and, if approved, be listed on the New York Stock Exchange. The filing gives the Tom Lee-led company fresh money it can use to add more…",2026-06-05T03:00:46Z,newsBTC,2026-06-05 03:00:46
"XRP Whales Have Stopped Selling On Binance, But Why Is Price Crashing?","New reports reveal that XRP whales are withdrawing from Binance, the world’s largest crypto exchange, in massive numbers. As a result, sell-offs on the platform have largely stopped, with whales moving most of their tokens into private wallets. With these lar…",2026-06-05T03:00:09Z,Bitcoinist,2026-06-05 03:00:09
Crypto Market News: AlphaPepe To Announce First CEX Partnership as XRP Price Prediction Hits $8.00,"MONACO, June 04, 2026 (GLOBE NEWSWIRE) -- Crypto market news is turning toward AlphaPepe after the project confirmed that its first centralized exchange partnership reveal is now expected within weeks. The presale has crossed $1.46 million in total capital ra…",2026-06-05T01:00:00Z,GlobeNewswire,2026-06-05 01:00:00
XRP Long-Awaited Wave Structure Finally Unfolds – What Comes Next?,"XRP has entered a pivotal stage as the wave structure traders have been tracking for months finally begins to take shape. With volatility increasing and crucial price levels approaching, the next few moves could provide valuable clues about whether XRP is nea…",2026-06-05T00:00:28Z,newsBTC,2026-06-05 00:00:28
"Dave Portnoy makes bold call as Bitcoin, XRP crash",,2026-06-04T23:07:21Z,Yahoo Entertainment,2026-06-04 23:07:21
"Crypto Crash Today: Why Bitcoin, Ethereum, XRP, and Solana Are All Down Double Digits",,2026-06-04T22:20:02Z,Yahoo Entertainment,2026-06-04 22:20:02
SurgeXRP Announces Presale Milestone as XRP-Based Real Estate Platform Surpasses 20% of Allocation,"GEORGE TOWN, Cayman Islands, June 04, 2026 (GLOBE NEWSWIRE) -- SurgeXRP, a real estate investment platform being developed on the XRP Ledger, today announced that its ongoing $SGP token presale has surpassed 20% of its available presale allocation, marking a …",2026-06-04T21:39:00Z,GlobeNewswire,2026-06-04 21:39:00
"If XRP Price Loses This Current Support, This Is How Low It Will Go","XRP has spent the better part of four months carving out a trading range with a series of contested highs and lows that kept both bulls and bears engaged.  That appearance of stability is now under serious threat, as the cryptocurrency has returned to the exa…",2026-06-04T21:00:12Z,newsBTC,2026-06-04 21:00:12
"XRP Price Falls To 4-Month Lows—Charts Signal Sell, On-Chain Data Turns Bearish","The XRP price slid on Wednesday to its lowest level in four months, hitting $1.14. The drop has contributed to a broader soft patch across crypto, and both chart analysis and on-chain indicators are now pointing to a more bearish environment for the altcoin. …",2026-06-04T20:31:39Z,newsBTC,2026-06-04 20:31:39
Ripple Partner Thunes Unveils Development That Could Strengthen XRP’s Global Payment Narrative,"Ripple’s global payments narrative may be gaining fresh momentum as one of its key partners, Thunes, unveils a new development that could further strengthen cross-border settlement infrastructure. As the demand for faster, cheaper, and more efficient internat…",2026-06-04T19:30:27Z,newsBTC,2026-06-04 19:30:27
"XRP/USD Slides 10% in a Week; AIX Alpha’s 10,000 Simulations Point to June’s Most Likely Price","LOS ANGELES , June 04, 2026 (GLOBE NEWSWIRE) -- After sliding 10% in just seven days, XRP is now moving through one of its most volatile stretches in months — and it’s forcing investors to rethink how they navigate fast-changing conditions.",2026-06-04T19:00:00Z,GlobeNewswire,2026-06-04 19:00:00
Standard Chartered Just Issued A Bitcoin Warning — And The 3 Triggers Are Already In Motion,"Standard Chartered’s head of digital assets research, Geoff Kendrick, has outlined three specific scenarios that stand between Bitcoin and a new market low — a sobering analysis arriving as Bitcoin trades near $62,562, its lowest level since the February lows…",2026-06-04T18:00:26Z,newsBTC,2026-06-04 18:00:26
"XRP Loses $1.28 Support and Falls to $1.15: Should Holders Sell, Hold, or Buy More?",,2026-06-04T17:42:16Z,Yahoo Entertainment,2026-06-04 17:42:16
"Mark Cuban dumped most of his Bitcoin, saying it 'lost the plot.' Experts say he panic-sold at the worst possible time",Cuban could be right that bitcoin isn’t a reliable inflation hedge. But that doesn’t mean he was right to sell.,2026-06-04T15:45:00Z,Yahoo Entertainment,2026-06-04 15:45:00
"Is The XRP Vs. SWIFT War Already Over, Or Are Banks Taking Another Route?","XRP and SWIFT are often presented as rivals in the race to modernize global payments, but a recent argument suggests otherwise. Rather than a winner-takes-all battle, the latest developments point toward a financial environment where traditional banking infra…",2026-06-04T15:30:14Z,Bitcoinist,2026-06-04 15:30:14
