repo,sha,date,author,commit_type,is_merge,subject
XRPLF/clio,ffd18049eb33,2025-09-01 12:21:47,github-actions[bot],maintenance,False,style: Update pre-commit hooks (#2491)
XRPLF/clio,0e8896ad064a,2025-09-01 15:16:22,mathbunnyru,maintenance,False,ci: Use Python 3.13 in CI docker image (#2493)
XRPLF/clio,3df28f42ec43,2025-09-01 15:58:52,mathbunnyru,maintenance,False,ci: Use image with Python 3.13 (#2495)
XRPLF/clio,402ab29a73e5,2025-09-02 10:14:37,emreariyurek,fix,False,fix: Change error style in Config (#2314)
XRPLF/xrpl.js,3c471fbfe2f2,2025-09-02 14:59:22,Patel-Raj11,unlabelled,False,release workflow fix - skip .github directory from being searched in grep (#3069)
XRPLF/clio,10e15b524fb2,2025-09-02 15:19:15,mathbunnyru,maintenance,False,chore: Pass use_mold correctly to CMake (#2498)
XRPLF/clio,e86178b523db,2025-09-02 15:19:42,kuznetsss,maintenance,False,chore: Move cmake fatal error into status message (#2497)
XRPLF/clio,0a2930d86182,2025-09-02 16:10:15,mathbunnyru,maintenance,False,chore: Use xrpl/2.6.0 (#2496)
XRPLF/rippled,2e6f00aef250,2025-09-03 08:25:52,Bronek,unlabelled,False,Add required disable_ccache option (#5756)
XRPLF/rippled,724e9b1313bd,2025-09-03 10:24:07,mathbunnyru,maintenance,False,chore: Use conan lockfile (#5751)
XRPLF/rippled,32043463a8b5,2025-09-03 14:12:30,ximinez,fix,False,Fix: Don't flag consensus as stalled prematurely (#5658)
XRPLF/rippled,16c2ff97ccc5,2025-09-03 14:20:12,ximinez,unlabelled,False,Set version to 2.5.1
XRPLF/clio,3a667f558ccd,2025-09-03 14:22:47,kuznetsss,feature,False,feat: Proxy support (#2490)
XRPLF/clio,90ac03cae74c,2025-09-03 16:06:21,emreariyurek,fix,False,fix: Support canonical names for type in account_objects (#2437)
XRPLF/rippled,c38f2a3f2e44,2025-09-03 16:08:02,a1q123456,unlabelled,False,Fix coverage parameter (#5760)
XRPLF/clio,d9faf7a83350,2025-09-03 17:23:01,mathbunnyru,maintenance,False,ci: Use pre-commit and pre-commit-autoupdate reusable workflows (#2506)
XRPLF/rippled,cf5f65b68ead,2025-09-04 08:54:24,Bronek,unlabelled,False,Add `Scale` to SingleAssetVault (#5652)
XRPLF/clio,7c687707879b,2025-09-04 09:57:00,github-actions[bot],maintenance,False,style: clang-tidy auto fixes (#2519)
XRPLF/clio,790402bcfb8a,2025-09-04 10:35:24,mathbunnyru,maintenance,False,ci: Use conan_ref and add PR link in check_libxrpl (#2508)
XRPLF/clio,eb2778ccadfc,2025-09-04 11:26:29,mathbunnyru,maintenance,False,ci: Use cleanup-workspace action (#2510)
XRPLF/clio,cf4d5d649a0e,2025-09-04 12:58:59,mathbunnyru,maintenance,False,chore: Use conan options to only control dependencies (#2503)
XRPLF/clio,b8c298b7349e,2025-09-04 13:01:34,mathbunnyru,maintenance,False,chore: Update Conan to 2.20.1 (#2509)
XRPLF/clio,a62084a4f0d8,2025-09-04 15:03:05,mathbunnyru,maintenance,False,chore: Use mold when available without option (#2521)
XRPLF/rippled,811c98082144,2025-09-04 15:27:30,mathbunnyru,maintenance,False,ci: Use cleanup-workspace action (#5763)
XRPLF/clio,26ef25f8649c,2025-09-04 15:58:50,kuznetsss,feature,False,feat: Add network id to ledger feed (#2505)
XRPLF/XRPL-Standards,b6afb82257cf,2025-09-04 17:07:37,mvadari,unlabelled,False,Add XLS-49d: 0049 XLS-49d: Multiple Signer Lists (#335)
XRPLF/XRPL-Standards,8a800ed3da4b,2025-09-04 17:10:36,mvadari,unlabelled,False,Add XLS-41d: 0041 XLS-41d: XRPL Proof of Payment Standard (XPOP) (#333)
XRPLF/XRPL-Standards,b9f312db58ee,2025-09-04 17:11:33,mvadari,unlabelled,False,Add  XLS-25: Enhanced Secret Numbers (XLS-12 Extension) (#324)
XRPLF/clio,08bb6199640e,2025-09-04 17:14:53,kuznetsss,fix,False,fix: Fix data race in ClusterCommunication (#2522)
XRPLF/clio,9edc26a2a371,2025-09-04 17:15:47,PeterChen13579,fix,False,fix: Add MPT to txn JSON (#2392)
XRPLF/XRPL-Standards,10bf0c3d784b,2025-09-04 17:31:57,Copilot,unlabelled,False,"Clean up XLS parser, add category-based navigation with enhanced homepage table, XRPL favicon, and comprehensive Contribute page (#331)"
XRPLF/XRPL-Standards,192e9fb57120,2025-09-04 17:40:31,mvadari,unlabelled,False,Add XLS-32: Request URI Structure (#332)
XRPLF/XRPL-Standards,916d3735038e,2025-09-04 17:41:37,mvadari,unlabelled,False,Add XLS-18d: 0018 XLS-18d Standard For Bootstrapping XRPLD Networks (#320)
XRPLF/rippled,3865dde0b89a,2025-09-04 19:26:57,mathbunnyru,fix,False,fix: Add missing info to notify-clio workflow (#5761)
XRPLF/xrpl.js,201e1268bd0c,2025-09-04 19:54:45,Patel-Raj11,unlabelled,False,Release/xrpl@4.4.1 (#3071)
XRPLF/rippled,b0f4174e4790,2025-09-04 20:30:54,mathbunnyru,maintenance,False,chore: Use tooling provided by pre-commit (#5753)
XRPLF/xrpl.js,32a128f7447c,2025-09-04 22:19:11,mvadari,fix,False,fix: improve Batch inner transaction typing (#3035)
XRPLF/rippled,6bf83380387a,2025-09-04 22:32:23,mvadari,maintenance,False,chore: Add `conan.lock` to workflow file checks (#5769)
XRPLF/XRPL-Standards,997b137d5a65,2025-09-05 08:11:16,Tapanito,unlabelled,False,XLS-64 `pseudo-account` (#274)
XRPLF/XRPL-Standards,aadfcfbadab6,2025-09-05 08:14:06,mvadari,maintenance,False,"chore: add basic prettier lint script, lint everything (#343)"
XRPLF/rippled,cb52c9af0013,2025-09-05 13:08:17,mathbunnyru,fix,False,fix: Remove extra @ in notify-clio.yml (#5771)
XRPLF/clio,384e79cd32f5,2025-09-05 14:57:18,mathbunnyru,maintenance,False,chore: Rename conan remote in Dockerfie (#2536)
XRPLF/clio,490ec4108307,2025-09-05 15:22:23,mathbunnyru,maintenance,False,chore: Rename conan remote (#2537)
XRPLF/clio,1adbed7913c2,2025-09-05 15:28:07,mathbunnyru,maintenance,False,ci: Use image with new remote name and newer Conan (#2539)
XRPLF/XRPL-Standards,389257d7e2ff,2025-09-05 15:49:47,mvadari,fix,False,fix: fix email and Github username formatting (#342)
XRPLF/XRPL-Standards,a76ff99fdce5,2025-09-05 16:08:55,yinyiqian1,unlabelled,False,XLS-0094d-dynamic-MPT (#302)
XRPLF/XRPL-Standards,56b3505cde83,2025-09-05 18:25:39,yinyiqian1,unlabelled,False,Minor changes in DynamicMPT for clarity (#357)
XRPLF/XRPL-Standards,1c3ffc739f10,2025-09-05 18:57:51,amarantha-k,unlabelled,False,Set the GITHUB_PAGES_BASE_URL environment variable to an empty string… (#358)
XRPLF/XRPL-Standards,eb12f9d68706,2025-09-05 19:42:07,mvadari,unlabelled,False,Update deploy.yml
XRPLF/clio,989a0c8468ae,2025-09-08 10:03:58,github-actions[bot],maintenance,False,style: clang-tidy auto fixes (#2552)
XRPLF/clio,c40cd8154f5b,2025-09-08 10:17:03,dependabot[bot],maintenance,False,ci: [DEPENDABOT] bump codecov/codecov-action from 5.5.0 to 5.5.1 (#2548)
XRPLF/clio,56f4dc591c96,2025-09-08 11:22:36,mathbunnyru,maintenance,False,chore: Remove all conan options and use purely CMake targets (#2538)
XRPLF/rippled,9fe0a154f15d,2025-09-08 13:13:32,tzchenxixi,maintenance,False,chore: remove redundant word in comment (#5752)
XRPLF/rippled,6d40b882a468,2025-09-08 13:54:50,Bronek,unlabelled,False,Switch on-trigger to minimal build (#5773)
XRPLF/XRPL-Standards,587faebabf53,2025-09-08 13:54:53,dependabot[bot],maintenance,False,ci(deps): bump actions/setup-node from 4 to 5 (#360)
XRPLF/XRPL-Standards,29531029bcac,2025-09-08 13:57:49,mvadari,unlabelled,False,Add XLS-68: Sponsored Fees and Reserves (#353)
XRPLF/XRPL-Standards,319a01acfc4c,2025-09-08 14:06:41,dependabot[bot],maintenance,False,ci(deps): bump actions/setup-python from 5 to 6 (#361)
XRPLF/rippled,9ebeb413e45b,2025-09-08 15:15:59,mathbunnyru,feature,False,feat: Implement separate upload workflow (#5762)
XRPLF/XRPL-Standards,f60ead3708e8,2025-09-08 16:13:17,mvadari,unlabelled,False,Add XLS-8d Tickets: Supporting out-of-sequence transactions on the XRP Ledger (#312)
XRPLF/XRPL-Standards,4100ca2585d7,2025-09-08 16:19:18,mvadari,unlabelled,False,Add XLS-9d: 0009 XLS-9d: Blinded Tags (#313)
XRPLF/XRPL-Standards,fc6fd8a53d16,2025-09-08 16:21:35,Tapanito,unlabelled,False,Add optional plural option for authors (#362)
XRPLF/XRPL-Standards,c3359d362e76,2025-09-08 16:24:30,mvadari,unlabelled,False,Add XLS-11d: 0011 XLS-11d: Retiring Amendments (#315)
XRPLF/XRPL-Standards,97b4b0aa6e23,2025-09-08 16:25:27,mvadari,unlabelled,False,Add XLS-10d: 0010 XLS-10d: Non-Transferable Token (NTT) standard (#314)
XRPLF/XRPL-Standards,675ed17a4fff,2025-09-08 16:26:10,mvadari,unlabelled,False,Add XLS-21d: 0021 XLS-21d: Allocating Asset Code Prefixes (#321)
XRPLF/XRPL-Standards,5c6f37aaa824,2025-09-08 16:27:28,mvadari,unlabelled,False,Add XLS-13d: 0013 XLS-13d: Tickets & Ticket Batching (#316)
XRPLF/XRPL-Standards,6564780a9e23,2025-09-08 16:31:57,mvadari,unlabelled,False,Add XLS-15d: 0015 XLS-15d: Concise Transaction Identifier (#317)
XRPLF/XRPL-Standards,b65290708708,2025-09-08 16:41:19,mvadari,unlabelled,False,Add XLS-16d: 0016 XLS-16d: NFT Metadata (#318)
XRPLF/XRPL-Standards,7ce783a1bd8b,2025-09-08 16:42:05,mvadari,unlabelled,False,Add XLS-17d: 0017 XLS-17d: XFL Developer-friendly representation of XRPL balances (#319)
XRPLF/rippled,bcde2790a412,2025-09-08 18:03:20,wojake,unlabelled,False,Update old links & descriptions in README.md (#4701)
XRPLF/clio,dcf369e4ec10,2025-09-08 19:33:53,emreariyurek,docs,False,docs: Fix some doxygen issues in LedgerFeed (#2556)
XRPLF/XRPL-Standards,07b4075506c9,2025-09-08 20:08:21,dangell7,unlabelled,False,XLS-35d: URITokens — Lightweight first-class NFTs (#110)
XRPLF/clio,f1bf423f6904,2025-09-08 21:50:08,mathbunnyru,fix,False,fix: Remove global static loggers (#2557)
XRPLF/rippled,da4c8c955015,2025-09-09 15:25:41,mathbunnyru,maintenance,False,ci: Only run build-test/notify-clio if should-run indicates to (#5777)
XRPLF/rippled,f1eaa6a26412,2025-09-09 15:57:28,yinyiqian1,unlabelled,False,enable fixAMMClawbackRounding (#5750)
XRPLF/rippled,148f669a2562,2025-09-09 18:07:04,ximinez,maintenance,False,"chore: ""passed"" fails if any previous jobs fail or are cancelled (#5776)"
XRPLF/rippled,e67e0395df2d,2025-09-09 19:47:06,mathbunnyru,maintenance,False,"ci: Limit number of parallel jobs in ""upload-conan-deps"" (#5781)"
XRPLF/XRPL-Standards,8c3bbb5b1305,2025-09-09 19:51:39,mvadari,unlabelled,False,misc cleanup (#365)
XRPLF/rippled,e5f7a8442d76,2025-09-09 20:21:12,mathbunnyru,maintenance,False,ci: Change `upload-conan-deps` workflow is run (#5782)
XRPLF/rippled,f6426ca1832d,2025-09-09 21:23:07,Bronek,unlabelled,False,Switch CI pipeline bookworm:gcc-13 from arm64 to amd64 (#5779)
XRPLF/rippled,cdbe70b2a7d5,2025-09-10 07:35:58,mathbunnyru,maintenance,False,ci: Use default conan install format (#5784)
XRPLF/rippled,3d92375d127a,2025-09-10 08:20:45,mathbunnyru,maintenance,False,ci: Add missing dependencies to workflows (#5783)
XRPLF/XRPL-Standards,1cc017ee37b9,2025-09-10 08:25:19,mvadari,unlabelled,False,Add XLS-76d: 0076 XLS-76d: Min Incoming Amount (#355)
XRPLF/clio,140ac78e158b,2025-09-10 09:31:11,github-actions[bot],maintenance,False,style: clang-tidy auto fixes (#2574)
XRPLF/XRPL-Standards,0f51358da725,2025-09-10 12:53:35,mankins,unlabelled,False,Update copyright year in footer to 2025 (#367)
XRPLF/XRPL-Standards,d0c188f9b531,2025-09-10 13:31:41,dangell7,unlabelled,False,Add XLS-86d: 0086 XLS-86d: Firewall (#363)
XRPLF/XRPL-Standards,db8a783c969c,2025-09-10 13:38:18,mvadari,unlabelled,False,Add XLS-51d: 0051 XLS-51d: NFToken Escrows (#345)
XRPLF/XRPL-Standards,39d1fd2c59d6,2025-09-10 13:40:24,mvadari,unlabelled,False,Add XLS-50d: 0050 XLS-50d: Aiming for a healthy distribution of (validator) infrastructure (#344)
XRPLF/XRPL-Standards,43bba7298490,2025-09-10 13:53:45,mvadari,unlabelled,False,Add XLS-55d: 0055 XLS-55d: Remit: Atomic Multi-Asset Payments for  XRPL Protocol Chains (#347)
XRPLF/XRPL-Standards,c362fd9e237b,2025-09-10 13:54:58,mvadari,maintenance,False,chore: move info from CTID repo into Standards repo (#341)
XRPLF/XRPL-Standards,177653545357,2025-09-10 13:56:55,intelliot,unlabelled,False,Delete standards.toml (#364)
XRPLF/clio,91b248e3b2de,2025-09-10 15:38:03,PeterChen13579,fix,False,fix: remove MPTIssuanceID from tx (#2569)
XRPLF/rippled,61d628d654fd,2025-09-10 17:47:33,yinyiqian1,fix,False,fix: Add restrictions to Permission Delegation: fixDelegateV1_1 (#5650)
XRPLF/rippled,fbd60fc0007d,2025-09-11 12:58:11,mathbunnyru,maintenance,False,ci: Use pre-commit reusable workflow (#5772)
XRPLF/clio,bd966e636eed,2025-09-11 13:02:05,godexsoft,fix,False,fix: ETLng task manager stops queue on run (#2585)
XRPLF/rippled,e6f8bc720fdb,2025-09-11 14:17:06,tequdev,unlabelled,False,Add additional metadata to simulate response (#5754)
XRPLF/rippled,6fe0599cc26d,2025-09-11 14:49:26,mvadari,maintenance,False,refactor: clean up `CTID.h` (#5681)
XRPLF/rippled,f69ad4eff66d,2025-09-11 15:42:27,mathbunnyru,docs,False,docs: Add remote to `conan lock create` command (#5770)
XRPLF/clio,97480ce626c0,2025-09-12 10:08:44,github-actions[bot],maintenance,False,style: clang-tidy auto fixes (#2606)
XRPLF/XRPL-Standards,fe113b9810ab,2025-09-12 12:00:56,mvadari,unlabelled,False,Add XLS-24: Metadata Structure for XLS-20 NFTs (#325)
XRPLF/clio,503e23055b40,2025-09-12 13:32:14,mathbunnyru,docs,False,docs: Update conan lockfile docs to work on all machines the same way (#2607)
XRPLF/XRPL-Standards,103472e707c5,2025-09-12 13:54:59,mvadari,unlabelled,False,Add XLS-71d: 0071 XLS-71d: Initial Owner Reserve Exemption (#354)
XRPLF/rippled,9bd1ce436aae,2025-09-12 15:13:27,a1q123456,unlabelled,False,Fix code coverage error (#5765)
XRPLF/rippled,406c26cc72a7,2025-09-12 17:09:42,mathbunnyru,maintenance,False,ci: Fix conan secrets in `upload-conan-deps` (#5785)
XRPLF/xrpl.js,060843315f7a,2025-09-12 17:42:59,Patel-Raj11,unlabelled,False,Migrate ESLint to v9 and it's related plugins to their latest major version (#3075)
XRPLF/clio,e4abec4b9820,2025-09-15 11:14:38,dependabot[bot],maintenance,False,ci: [DEPENDABOT] bump tj-actions/changed-files from 46.0.5 to 47.0.0 (#2619)
XRPLF/clio,26112d17f87a,2025-09-15 12:52:37,mathbunnyru,maintenance,False,ci: Run only 10 instances of upload-conan-deps using max-parallel (#2617)
XRPLF/clio,e996f2b7ab9b,2025-09-15 12:54:09,emreariyurek,maintenance,False,"refactor: Use expected<void, error> instead of optional<error> (#2565)"
XRPLF/clio,3f2ada34398b,2025-09-15 13:47:35,mathbunnyru,fix,False,fix: Keep spdlog loggers valid between tests (#2614)
XRPLF/rippled,bd182c0a3e0c,2025-09-15 13:51:19,a1q123456,fix,False,fix: Skip processing transaction batch if the batch is empty (#5670)
XRPLF/rippled,37c377a1b6ab,2025-09-15 14:48:47,dangell7,fix,False,Fix: EscrowTokenV1 (#5571)
XRPLF/rippled,4caebfbd0eed,2025-09-15 16:26:08,bthomee,maintenance,False,refactor: Wrap GitHub CI conditionals in curly braces (#5796)
XRPLF/rippled,3e4e9a2ddce8,2025-09-15 17:28:47,bthomee,unlabelled,False,Only notify clio for PRs targeting the release and master branches (#5794)
XRPLF/rippled,ccb9f1e42d13,2025-09-15 19:42:36,yinyiqian1,unlabelled,False,Support DynamicMPT XLS-94d (#5705)
XRPLF/rippled,17a2606591cf,2025-09-16 09:51:55,Tapanito,other,False,Bugfix: Adds graceful peer disconnection (#5669)
XRPLF/clio,420b99cfa169,2025-09-16 13:14:55,github-actions[bot],maintenance,False,style: clang-tidy auto fixes (#2635)
XRPLF/clio,c499f9d6793a,2025-09-16 14:27:03,mathbunnyru,maintenance,False,test: Run LoggerFixture::init in integration tests (#2636)
XRPLF/clio,e78ff5c44264,2025-09-16 15:13:03,bthomee,maintenance,False,ci: Wrap GitHub CI conditionals in curly braces (#2629)
XRPLF/xrpl.js,2f0eaa370563,2025-09-16 17:17:56,dependabot[bot],maintenance,False,build(deps-dev): bump eslint from 9.32.0 to 9.35.0 (#3078)
XRPLF/XRPL-Standards,881fba629e32,2025-09-16 17:52:44,mvadari,unlabelled,False,Add XLS-54d: 0054 XLS-54d: Add DestinationTag to NFTokenCreateOffer transaction and NFTokenOffer object (#346)
XRPLF/XRPL-Standards,b77fd005630a,2025-09-16 18:02:23,mvadari,unlabelled,False,Add XLS-62d: 0062 XLS-62d: Options (#350)
XRPLF/XRPL-Standards,1ea4774bad75,2025-09-16 18:03:23,mvadari,unlabelled,False,Add XLS-63d: 0063 XLS-63d: SignIn Transaction (#351)
XRPLF/rippled,1020a32d76d1,2025-09-16 19:35:47,Bronek,unlabelled,False,Downgrade to boost 1.83
XRPLF/rippled,8d01f35eb9c5,2025-09-16 19:35:54,Bronek,unlabelled,False,Set version to 2.6.1-rc1
XRPLF/xrpl.js,0649abeb2506,2025-09-16 21:56:51,dependabot[bot],maintenance,False,build(deps-dev): bump ts-loader from 9.5.2 to 9.5.4 (#3077)
XRPLF/rippled,9494fc966870,2025-09-17 13:29:15,a1q123456,maintenance,False,chore: Use self hosted windows runners (#5780)
XRPLF/clio,b66d13bc74ec,2025-09-17 15:12:32,godexsoft,fix,False,fix: Workaround large number validation and parsing (#2608)
XRPLF/clio,fb1cdcbde553,2025-09-17 15:17:58,PeterChen13579,fix,False,fix: mpt_issuance_id not in tx for MPTIssuanceCreate (#2630)
XRPLF/rippled,37b951859ccf,2025-09-17 20:43:04,yinyiqian1,unlabelled,False,Rename mutable flags (#5797)
XRPLF/rippled,510314d34465,2025-09-17 21:34:47,mvadari,fix,False,fix(amendment): Add missing fields for keylets to ledger objects (#5646)
XRPLF/rippled,e66558a883e2,2025-09-17 22:55:00,bthomee,maintenance,False,chore: Limits CI build and test parallelism to reduce resource contention (#5799)
XRPLF/rippled,f07ba87e513b,2025-09-17 23:05:14,ximinez,unlabelled,True,Merge tag '2.5.1' into upstream--develop
XRPLF/rippled,1af1048c581a,2025-09-17 23:17:48,bthomee,maintenance,False,chore: Build and test all configs for daily scheduled run (#5801)
XRPLF/clio,5e5dd649cf44,2025-09-18 09:32:06,github-actions[bot],maintenance,False,style: clang-tidy auto fixes (#2639)
XRPLF/rippled,617a895af5e4,2025-09-18 10:30:34,Bronek,maintenance,False,chore: Add unit tests dir to code coverage excludes (#5803)
XRPLF/clio,e92a63f4e583,2025-09-18 12:46:34,mathbunnyru,maintenance,False,ci: Make separate download/upload options for ccache (#2637)
XRPLF/clio,93919ab8b7f5,2025-09-18 13:55:59,mathbunnyru,maintenance,False,ci: Move clang-tidy_on_fix_merged workflow into a main one (#2641)
XRPLF/clio,586a2116a49c,2025-09-18 15:08:02,mathbunnyru,maintenance,False,test: Enable address sanitizer testing (#2628)
XRPLF/rippled,dc8b37a52448,2025-09-18 15:12:24,a1q123456,maintenance,False,refactor: Modularise ledger (#5493)
XRPLF/clio,245a808e4b33,2025-09-18 15:20:17,godexsoft,feature,False,feat: Cache state endpoint (#2642)
XRPLF/rippled,bd834c87e0f0,2025-09-18 15:46:22,ximinez,unlabelled,True,Merge tag '2.6.1-rc1' into ximinez/merge-261rc1
XRPLF/rippled,2ae65d2fdbc2,2025-09-18 17:04:12,Bronek,unlabelled,False,Mark PermissionDelegation as unsupported
XRPLF/rippled,c46888f8f7d8,2025-09-18 17:09:04,Bronek,unlabelled,False,Set version to 2.6.1-rc2
XRPLF/rippled,3cbdf818a73e,2025-09-18 17:55:49,ximinez,unlabelled,False,Miscellaneous refactors and updates (#5590)
XRPLF/rippled,ffeabc9642fe,2025-09-18 19:04:40,ximinez,maintenance,False,refactor: Simplify STParsedJSON with some helper functions (#5591)
XRPLF/clio,d2de24038939,2025-09-22 12:45:04,emreariyurek,fix,False,fix: Print out error details of web context (#2351)
XRPLF/rippled,6b8a5894476c,2025-09-22 18:00:31,mvadari,maintenance,False,test: Add STInteger and STParsedJSON tests (#5726)
XRPLF/rippled,08b136528e07,2025-09-22 18:27:02,bthomee,unlabelled,False,"Revert ""Update Conan dependencies: OpenSSL"" (#5807)"
XRPLF/clio,2f3e9498dc33,2025-09-23 09:31:26,github-actions[bot],maintenance,False,style: clang-tidy auto fixes (#2645)
XRPLF/rippled,73ff54143d0a,2025-09-23 11:26:26,vlntb,docs,False,docs: Add warning about using std::counting_semaphore (#5595)
XRPLF/xrpl.js,710849a83180,2025-09-24 04:09:32,shichengripple001,unlabelled,False,Release with trusted publisher (#3085)
XRPLF/clio,c3c8b2d79627,2025-09-24 10:32:13,mathbunnyru,docs,False,docs: Update doxygen-awesome-css to 2.4.0 (#2647)
XRPLF/XRPL-Standards,fae93accafa7,2025-09-24 13:01:59,mvadari,unlabelled,False,Add XLS-60d: 0060 XLS-60d: DefaultAutoBridge (#348)
XRPLF/XRPL-Standards,d44d154bc9fd,2025-09-24 13:03:13,mvadari,unlabelled,False,Add XLS-61d: 0061 XLS-61d: CrossCurrency NFTokenAcceptOffer (#349)
XRPLF/XRPL-Standards,5218eaffbee6,2025-09-24 13:04:45,mvadari,unlabelled,False,Add XLS-67d: 0067 XLS-67d: Charge (#352)
XRPLF/rippled,51c5f2bfc9db,2025-09-25 14:14:29,Bronek,unlabelled,False,Improve ValidatorList invalid UNL manifest logging (#5804)
XRPLF/rippled,a12f5de68d0a,2025-09-25 16:08:07,bthomee,maintenance,False,chore: Pin all CI Docker tags (#5813)
XRPLF/xrpl.js,e3ba5a8c8930,2025-09-25 17:36:49,github-actions[bot],unlabelled,False,Release 4.4.2: release-xrpl-4.4.2 → main (#3093)
XRPLF/clio,9fb26d77ed22,2025-09-26 09:53:04,emreariyurek,maintenance,False,chore: Remove redundant headers and include CassandraDBHelper.h (#2649)
XRPLF/rippled,2c3024716b5d,2025-09-26 11:07:48,tequdev,unlabelled,False,change `fixPriceOracleOrder` to `Supported::yes` (#5749)
XRPLF/rippled,cfd26f444cdd,2025-09-26 11:40:43,a1q123456,fix,False,fix: Address http header case sensitivity (#5767)
XRPLF/rippled,d02c306f1e3f,2025-09-26 17:40:19,mvadari,maintenance,False,test: add more comprehensive tests for `FeeVote` (#5746)
XRPLF/rippled,19c4226d3d8c,2025-09-26 18:33:42,mathbunnyru,maintenance,False,ci: Call all reusable workflows reusable (#5818)
XRPLF/rippled,807462b191a7,2025-09-26 20:13:15,mvadari,unlabelled,False,Add `STInt32` as a new `SType` (#5788)
XRPLF/rippled,0fd2f715bbe9,2025-09-27 07:04:04,mvadari,unlabelled,False,switch `fixIncludeKeyletFields` to `Supported::yes` (#5819)
XRPLF/clio,c26df5e1fba1,2025-09-29 16:11:02,github-actions[bot],maintenance,False,style: clang-tidy auto fixes (#2651)
XRPLF/xrpl.js,006ef0f7b614,2025-09-29 17:51:27,Patel-Raj11,unlabelled,False,Fix serialization of Issue type when asset is MPT (#3090)
XRPLF/clio,48855633b527,2025-09-29 18:27:26,PeterChen13579,maintenance,False,chore: Update libxrpl to 2.6.1-rc2 (#2652)
XRPLF/rippled,d67dcfe3c412,2025-09-29 21:31:42,ximinez,maintenance,False,refactor: Restructure Transactor::preflight to reduce boilerplate (#5592)
XRPLF/rippled,550f90a75ec5,2025-09-29 22:11:53,ximinez,maintenance,False,refactor: Add support for extra transaction signatures (#5594)
XRPLF/XRPL-Standards,5bc726f4140a,2025-09-29 22:57:28,mvadari,unlabelled,False,Link to new in-flux process in CONTRIBUTING.md (#386)
XRPLF/rippled,294e03ecf53e,2025-09-30 16:15:24,mathbunnyru,maintenance,False,ci: Upload artifacts during build and test in a separate job (#5817)
XRPLF/rippled,072b1c442c11,2025-09-30 17:46:10,bthomee,maintenance,False,chore: Set free-form CI inputs as env vars (#5822)
XRPLF/rippled,8e4fda160d9f,2025-09-30 18:49:53,yinyiqian1,unlabelled,False,Rename flags for DynamicMPT (#5820)
XRPLF/rippled,70d5c624e8cf,2025-09-30 20:09:11,ximinez,unlabelled,False,Set version to 2.6.1
XRPLF/rippled,85c2ceacde8a,2025-09-30 23:10:51,ximinez,unlabelled,True,Merge tag '2.6.1' into ximinez/merge261
XRPLF/rippled,330a3215bcc2,2025-10-01 11:57:33,vlntb,fix,False,fix: FD/handle guarding + exponential backoff (#5823)
XRPLF/clio,c6f219787814,2025-10-01 12:17:41,PeterChen13579,maintenance,False,chore: Update libXRPL to 2.6.1 (#2656)
XRPLF/xrpl.js,ba23d9583ad7,2025-10-01 13:27:22,shichengripple001,unlabelled,False,update slack message and update step description (#3098)
XRPLF/clio,2b937bf0986a,2025-10-01 16:20:02,mathbunnyru,maintenance,False,style: Update pre-commit hooks (#2658)
XRPLF/rippled,51ef35ab5559,2025-10-01 20:58:43,ximinez,fix,False,fix: Transaction sig checking functions do not get a full context (#5829)
XRPLF/rippled,5d79bfc53170,2025-10-02 10:54:09,Bronek,unlabelled,False,Remove bogus coverage warning (#5838)
XRPLF/XRPL-Standards,9f200e5cf480,2025-10-02 16:35:12,yinyiqian1,unlabelled,False,renaming MutableFlags XLS-94d DynamicMPT (#375)
XRPLF/clio,1cfa06c9aa44,2025-10-03 15:28:50,PeterChen13579,feature,False,feat: Support Keyspace (#2454)
XRPLF/XRPL-Standards,f8a5c819d9bf,2025-10-03 21:20:46,dangell7,unlabelled,False,Major changes to Firewall specification (#368)
XRPLF/XRPL-Standards,57326953853b,2025-10-03 21:27:10,dangell7,unlabelled,False,Minor changes to TokenEscrow specification (#292)
XRPLF/XRPL-Standards,b369fc2c0021,2025-10-03 21:47:09,dangell7,unlabelled,False,Add AccountSet Flag to TokenEscrow Spec (#373)
XRPLF/XRPL-Standards,cbd674af06a6,2025-10-03 21:49:42,dangell7,unlabelled,False,Major updates to Subscriptions specification (#369)
XRPLF/clio,aa9eea0d9933,2025-10-06 09:35:33,github-actions[bot],maintenance,False,style: clang-tidy auto fixes (#2665)
XRPLF/clio,897c255b8c46,2025-10-06 12:54:11,mathbunnyru,maintenance,False,chore: Start pr title with uppercase (#2666)
XRPLF/clio,67f5ca445fb7,2025-10-06 14:02:17,mathbunnyru,maintenance,False,style: Rename workflows to use dash and show reusable (#2667)
XRPLF/clio,fc9de8713606,2025-10-06 14:16:06,dependabot[bot],maintenance,False,ci: [DEPENDABOT] bump docker/login-action from 3.5.0 to 3.6.0 in /.github/actions/build_docker_image (#2663)
XRPLF/clio,92595f95a02c,2025-10-06 14:16:15,dependabot[bot],maintenance,False,ci: [DEPENDABOT] bump docker/login-action from 3.5.0 to 3.6.0 (#2662)
XRPLF/clio,d48fb168c66a,2025-10-06 14:20:26,mathbunnyru,maintenance,False,ci: Allow PR titles to start with `[` (#2668)
XRPLF/clio,1da8464d7507,2025-10-06 15:19:27,mathbunnyru,maintenance,False,style: Rename actions to use dash (#2669)
XRPLF/XRPL-Standards,f5ce19f50b22,2025-10-06 15:28:17,Copilot,unlabelled,False,Add informational tooltips to Category and Status column headers in XLS Standards website (#366)
XRPLF/xrpl.js,ef7a9d3030b6,2025-10-06 15:43:41,dependabot[bot],maintenance,False,build(deps-dev): bump webpack from 5.101.0 to 5.102.0 (#3104)
XRPLF/clio,1e2f4b5ca212,2025-10-07 13:23:49,mathbunnyru,maintenance,False,chore: Add separate pre-commit image (#2677)
XRPLF/clio,693ed2061c00,2025-10-07 14:18:01,godexsoft,fix,False,fix: ASAN issue with AmendmentBlockHandler test (#2674)
XRPLF/clio,3c1811233a2d,2025-10-07 14:41:19,mathbunnyru,maintenance,False,chore: Add git to pre-commit image (#2679)
XRPLF/clio,a189eeb952b0,2025-10-07 15:01:46,mathbunnyru,maintenance,False,ci: Use separate pre-commit image (#2678)
XRPLF/clio,213752862ca9,2025-10-07 17:20:24,mathbunnyru,maintenance,False,chore: Install Doxygen 1.14.0 in our images (#2682)
XRPLF/clio,33802f475f55,2025-10-07 17:48:19,mathbunnyru,docs,False,docs: Build docs using doxygen 1.14.0 (#2681)
XRPLF/clio,730052948470,2025-10-07 18:28:00,mathbunnyru,docs,False,docs: All files are .hpp (#2683)
XRPLF/rippled,2df730438db7,2025-10-07 20:28:19,bthomee,unlabelled,False,Set version to 3.0.0-b1 (#5859)
XRPLF/rippled,176fd2b6e448,2025-10-08 08:25:51,mvadari,maintenance,False,chore: exclude all `UNREACHABLE` blocks from codecov (#5846)
XRPLF/clio,dc5f8b9c23ea,2025-10-08 12:50:11,rrmanukyan,fix,False,fix: Add gRPC Timeout and keepalive to handle stuck connections (#2676)
XRPLF/rippled,f61086b43c93,2025-10-08 13:15:24,bthomee,maintenance,False,refactor: Update CI strategy matrix to use new RHEL 9 and RHEL 10 images (#5856)
XRPLF/rippled,6b6b213cf543,2025-10-08 13:45:44,Bronek,maintenance,False,chore: Fix release build error (#5864)
XRPLF/rippled,620fb2682377,2025-10-08 14:36:09,tequdev,maintenance,False,test: Add more tests for Simulate RPC metadata (#5827)
XRPLF/rippled,5ecde3cf39dc,2025-10-08 15:04:02,Bronek,unlabelled,False,Add vault invariants (#5518)
XRPLF/clio,aa64bb7b6b9a,2025-10-08 18:58:05,PeterChen13579,maintenance,False,refactor: Keyspace comments (#2684)
XRPLF/xrpl.js,290795b24d39,2025-10-09 02:09:19,shichengripple001,unlabelled,False,Trigger from release branch (#3100)
XRPLF/clio,b4fb3e42b885,2025-10-09 13:48:29,mathbunnyru,maintenance,False,chore: Publish RCs as non-draft (#2685)
XRPLF/clio,dabaa5bf800f,2025-10-09 15:51:55,mathbunnyru,fix,False,fix: Drop dynamic loggers to fix memory leak (#2686)
XRPLF/rippled,46ba8a28fecd,2025-10-09 17:27:26,bthomee,maintenance,False,refactor: Update Conan dependencies: OpenSSL (#5873)
XRPLF/xrpl.js,9e7b328287c8,2025-10-10 00:21:38,mvadari,maintenance,False,ci: support Node 24 (#3105)
XRPLF/clio,2ed1a45ef142,2025-10-10 09:45:47,github-actions[bot],maintenance,False,style: clang-tidy auto fixes (#2688)
XRPLF/rippled,3c88786bb0d2,2025-10-10 14:18:24,bthomee,maintenance,False,refactor: Downgrades OpenSSL to 3.5.4 (#5878)
XRPLF/rippled,8456b8275e9d,2025-10-10 16:22:42,bthomee,maintenance,False,chore: Add wildcard to support triggering for release pipelines (#5879)
XRPLF/rippled,8637d606a4dc,2025-10-13 14:56:18,mvadari,maintenance,False,chore: Exclude code/unreachable transaction code from Codecov (#5847)
XRPLF/clio,a4b47da57a33,2025-10-13 17:55:21,mathbunnyru,docs,False,docs: Update doxygen-awesome-css to 2.4.1 (#2690)
XRPLF/rippled,459d0da01062,2025-10-14 15:18:34,mathbunnyru,maintenance,False,chore: Support CMake 4 without workarounds (#5866)
XRPLF/clio,b361e3a1087d,2025-10-14 16:37:14,emreariyurek,feature,False,feat: Support new types in ledger_entry (#2654)
XRPLF/rippled,3509de9c5f6a,2025-10-14 18:37:39,tequdev,maintenance,False,refactor: Add `paychan` namespace and update related tests (#5840)
XRPLF/rippled,34619f2504c9,2025-10-14 19:10:19,zingero,docs,False,docs: Fix typo in JSON writer documentation (#5881)
XRPLF/rippled,97bc94a7f6c6,2025-10-14 22:02:38,legleux,feature,False,feat: Install validator-keys (#5841)
XRPLF/clio,b4e40558c9c6,2025-10-15 16:15:12,godexsoft,fix,False,fix: Address AmendmentBlockHandler flakiness in old ETL tests (#2694)
XRPLF/rippled,3d44758e5af8,2025-10-15 18:23:44,bthomee,fix,False,fix: Update tools image shas (#5896)
XRPLF/rippled,519d1dbc34d2,2025-10-15 20:50:06,tequdev,maintenance,False,refactor: Replace fee().accountReserve(0) with fee().reserve (#5843)
XRPLF/rippled,108f90586c68,2025-10-15 20:53:01,a1q123456,maintenance,False,chore: Reduce build log verbosity on Windows (#5865)
XRPLF/rippled,a422855ea741,2025-10-15 20:55:11,mvadari,maintenance,False,refactor: replace JSON LastLedgerSequence with last_ledger_seq (#5884)
XRPLF/clio,b2be4b51d1d8,2025-10-16 11:02:14,mathbunnyru,maintenance,False,ci: Add libatomic as dependency for pre-commit image (#2697)
XRPLF/clio,2528dee6b65c,2025-10-16 12:03:52,mathbunnyru,maintenance,False,chore: Use pre-commit image with libatomic (#2698)
XRPLF/rippled,640ce4988fdb,2025-10-16 12:46:21,mvadari,maintenance,False,refactor: replace boost::lexical_cast<std::string> with to_string (#5883)
XRPLF/rippled,e80642fc1215,2025-10-16 12:54:36,Bronek,fix,False,fix: Fix regression in ConnectAttempt (#5900)
XRPLF/rippled,92281a4edeab,2025-10-16 16:02:25,mvadari,maintenance,False,refactor: replace string JSONs with Json::Value (#5886)
XRPLF/clio,685f6114342c,2025-10-16 17:55:58,godexsoft,maintenance,False,chore: Disable flaky DisconnectClientOnInactivity (#2699)
XRPLF/rippled,b4c894c1baa7,2025-10-16 21:18:53,tequdev,maintenance,False,refactor: Autofill signature for Simulate RPC (#5852)
XRPLF/rippled,0b113f371faf,2025-10-17 13:40:10,mathbunnyru,maintenance,False,refactor: Update pre-commit workflow to latest version (#5902)
XRPLF/clio,7538efb01e85,2025-10-17 13:58:38,PeterChen13579,fix,False,fix: Add mpt_issuance_id to meta of MPTIssuanceCreate (#2701)
XRPLF/rippled,b64707f53b5f,2025-10-17 14:09:47,bthomee,maintenance,False,chore: Add support for RHEL 8 (#5880)
XRPLF/rippled,55235572261a,2025-10-17 16:04:58,bthomee,maintenance,False,chore: Clean up Conan variables in CI (#5903)
XRPLF/rippled,afb6e0e41b45,2025-10-17 16:17:02,bthomee,maintenance,False,"chore: Set fail fast to false, except for when the merge group is used (#5897)"
XRPLF/xrpl.js,e2ce10d4d499,2025-10-18 04:20:00,ckeshava,fix,False,Fix: deploy documentation workflow (#3101)
XRPLF/clio,3de2bf291021,2025-10-18 06:55:14,mathbunnyru,maintenance,False,ci: Update pre-commit workflow to latest version (#2702)
XRPLF/clio,2de49b4d33ae,2025-10-20 09:41:59,github-actions[bot],maintenance,False,style: clang-tidy auto fixes (#2706)
XRPLF/XRPL-Standards,c9c57354267c,2025-10-20 14:10:17,dependabot[bot],maintenance,False,ci(deps): bump actions/setup-node from 5 to 6 (#396)
XRPLF/rippled,30190a5feb13,2025-10-20 20:49:19,bthomee,maintenance,False,chore: Set explicit timeouts for build and test jobs (#5912)
XRPLF/rippled,dd722f8b3f47,2025-10-20 22:23:52,mvadari,maintenance,False,chore: remove unnecessary LCOV_EXCL_LINE (#5913)
XRPLF/rippled,ae719b86d3f2,2025-10-20 22:24:48,mvadari,maintenance,False,refactor: move `server_definitions` code to its own files (#5890)
XRPLF/rippled,83ee3788e1b9,2025-10-20 23:07:12,Bronek,fix,False,fix: Enforce reserve when creating trust line or MPToken in VaultWithdraw (#5857)
XRPLF/rippled,a7792ebcae63,2025-10-21 00:51:44,treeol,unlabelled,False,Add configurable NuDB block size feature (#5468)
XRPLF/clio,030f4f1b225d,2025-10-22 10:36:49,emreariyurek,docs,False,docs: Remove logging.md from readme (#2710)
XRPLF/xrpl.js,3e867b09533d,2025-10-22 14:24:31,shichengripple001,unlabelled,False,update slack message/add version tag for owsap project (#3110)
XRPLF/rippled,7c39c810eb35,2025-10-22 14:50:43,pratikmankawde,unlabelled,False,Moved fix1513 to retire state (#5919)
XRPLF/clio,0b19a42a96e1,2025-10-22 15:17:15,mathbunnyru,maintenance,False,ci: Pin all GitHub actions (#2712)
XRPLF/XRPL-Standards,a857a7ec947f,2025-10-22 16:16:23,mvadari,unlabelled,False,rename categories to match the Meta XLS (#399)
XRPLF/XRPL-Standards,6a28c2f0f2bc,2025-10-22 16:18:48,bthomee,unlabelled,False,Add XLS-0095: Rename ripple(d) to xrpl(d) (#398)
XRPLF/rippled,5e33ca56fd51,2025-10-22 18:43:04,mathbunnyru,unlabelled,False,"Use ""${ENVVAR}"" instead of ${{ env.ENVVAR }} syntax in GitHub Actions (#5923)"
XRPLF/XRPL-Standards,248e2f31e479,2025-10-23 08:26:08,Tapanito,feature,False,feat: Introduce Asset Scale for fractional asset support (#301)
XRPLF/clio,d0ec60381bea,2025-10-23 10:34:53,mathbunnyru,maintenance,False,ci: Use intermediate environment variables for improved security (#2713)
XRPLF/XRPL-Standards,8d806bdc7e4e,2025-10-23 11:18:17,mvadari,unlabelled,False,fix renaming categories issues (#400)
XRPLF/rippled,2bf77cc8f692,2025-10-23 13:35:54,pratikmankawde,maintenance,False,refactor: Retire fix1515 amendment (#5920)
XRPLF/clio,f41d57420409,2025-10-23 15:33:58,godexsoft,fix,False,fix: Flaky DeadlineIsHandledCorrectly (#2716)
XRPLF/clio,1bfdd0dd8931,2025-10-23 16:06:02,mathbunnyru,maintenance,False,ci: Save full logs for failed sanitized tests (#2715)
XRPLF/clio,0124c06a5365,2025-10-24 12:36:14,mathbunnyru,maintenance,False,ci: Enable clang asan builds (#2717)
XRPLF/rippled,e192ffe964e6,2025-10-24 15:16:15,mathbunnyru,fix,False,fix: Clean up build profile options (#5934)
XRPLF/clio,96039688083a,2025-10-27 10:15:39,dependabot[bot],maintenance,False,ci: [DEPENDABOT] bump actions/upload-artifact from 4.6.2 to 5.0.0 (#2722)
XRPLF/clio,5e914abf2904,2025-10-27 10:16:14,dependabot[bot],maintenance,False,ci: [DEPENDABOT] bump actions/upload-artifact from 4.6.2 to 5.0.0 in /.github/actions/code-coverage (#2725)
XRPLF/clio,3dd72d94e1f6,2025-10-27 10:17:41,dependabot[bot],maintenance,False,ci: [DEPENDABOT] bump actions/download-artifact from 5.0.0 to 6.0.0 (#2723)
XRPLF/clio,16493abd0df3,2025-10-27 12:14:56,mathbunnyru,maintenance,False,ci: Better pre-commit failure message (#2720)
XRPLF/rippled,1845b1c656e5,2025-10-27 14:43:45,mathbunnyru,maintenance,False,chore: Better pre-commit failure message (#5940)
XRPLF/rippled,66f16469f9ed,2025-10-27 17:27:56,mathbunnyru,fix,False,fix: Upload all test binaries (#5932)
XRPLF/clio,8c8a7ff3b8ee,2025-10-27 18:50:40,mathbunnyru,maintenance,False,ci: Use XRPLF/get-nproc (#2727)
XRPLF/rippled,f4f76181732d,2025-10-27 19:04:14,shawnxie999,unlabelled,False,Change `fixMPTDeliveredAmount` to `Supported::yes` (#5833)
XRPLF/rippled,76f774e22d67,2025-10-28 14:19:39,a1q123456,maintenance,False,refactor: Migrate json unit tests to use doctest (#5533)
XRPLF/rippled,91fa6b229599,2025-10-28 14:26:25,mathbunnyru,maintenance,False,ci: Only run .exe files during test phase on Windows (#5947)
XRPLF/xrpl.js,30a48e3b228f,2025-10-28 15:03:27,nabe3m,feature,False,feat: add batch transaction exports to public API (#3064)
XRPLF/rippled,d9960d5ba0f6,2025-10-28 15:10:38,pratikmankawde,maintenance,False,refactor: Retire fix1543 amendment (#5926)
XRPLF/clio,0425d34b55fc,2025-10-28 16:44:09,dependabot[bot],maintenance,False,ci: [DEPENDABOT] bump actions/checkout from 4.3.0 to 5.0.0 (#2724)
XRPLF/clio,7c8152d76fc7,2025-10-28 17:36:52,kuznetsss,maintenance,False,test: Fix flaky test (#2729)
XRPLF/rippled,7d5ed0cd8d9e,2025-10-28 17:42:43,Copilot,fix,False,fix: account_tx limit parameter validation for malformed values (#5891)
XRPLF/rippled,21f3c12d85a3,2025-10-28 18:12:11,Bronek,fix,False,fix: invariant error in fee-sized `VaultWithdraw` (#5876)
XRPLF/rippled,0aa23933eabf,2025-10-28 19:52:13,bthomee,maintenance,False,ci: Only log into Conan when uploading packages (#5952)
XRPLF/rippled,5efaf0c328e4,2025-10-28 19:52:52,bthomee,maintenance,False,"ci: Only upload codecov reports in the original repo, not in forks (#5953)"
XRPLF/rippled,76611c3f46b3,2025-10-28 20:08:08,bthomee,maintenance,False,ci: Use commit hash so workflows are not canceled when merging multiple PRs (#5950)
XRPLF/rippled,1dd60242de5d,2025-10-29 00:07:09,bthomee,maintenance,False,ci: Use nproc-2 to set parallelism for builds and tests (#5939)
XRPLF/clio,3b61a85ba038,2025-10-29 09:31:21,github-actions[bot],maintenance,False,style: clang-tidy auto fixes (#2736)
XRPLF/rippled,a8e4da0b1163,2025-10-29 11:32:43,pratikmankawde,unlabelled,False,Retire fix1781 amendment (#5931)
XRPLF/rippled,ed5d6f3e22e7,2025-10-29 14:16:37,a1q123456,feature,False,feat: Add public key to log messages (#5678)
XRPLF/clio,eed757e0c48f,2025-10-29 14:17:43,yinyiqian1,feature,False,feat: Support account_mptoken_issuances and account_mptokens (#2680)
XRPLF/rippled,bd3bc917f847,2025-10-29 14:21:50,pratikmankawde,maintenance,False,refactor: Retire fix1571 amendment (#5925)
XRPLF/clio,104ef6a9dc5e,2025-10-29 15:33:13,mathbunnyru,maintenance,False,ci: Release nightly with date (#2731)
XRPLF/rippled,efa917d9f329,2025-10-29 16:08:17,pratikmankawde,maintenance,False,refactor: Retire fix1578 amendment (#5927)
XRPLF/rippled,553fb5be3bab,2025-10-29 16:36:51,a1q123456,maintenance,False,refactor: Retire fixCheckThreading amendment (#5957)
XRPLF/rippled,48d38c1e2ca1,2025-10-29 17:03:16,bthomee,maintenance,False,refactor: Sorts retired amendments to reduce conflicts (#5966)
XRPLF/rippled,80a3ae6386b2,2025-10-29 17:34:06,pratikmankawde,maintenance,False,refactor: Retire fixRmSmallIncreasedQOffers amendment (#5955)
XRPLF/rippled,f8b4f692f1cb,2025-10-29 18:17:50,pratikmankawde,maintenance,False,refactor: Retire fixSTAmountCanonicalize code (#5956)
XRPLF/XRPL-Standards,e6689b3cb618,2025-10-29 21:10:47,kuan121,unlabelled,False,Introduce compact keys for JSON metadata fields to reduce size of JSON metadata object (#390)
XRPLF/clio,be6aaffa7a4d,2025-10-30 11:19:22,mathbunnyru,maintenance,False,ci: Fix nightly commits link (#2738)
XRPLF/clio,8375eb17663f,2025-10-30 11:20:32,github-actions[bot],maintenance,False,style: clang-tidy auto fixes (#2741)
XRPLF/rippled,efd4c1b95d32,2025-10-30 12:49:44,mathbunnyru,maintenance,False,chore: Use new prepare-runner (#5970)
XRPLF/rippled,a10f42a3aa4e,2025-10-30 13:19:51,bthomee,maintenance,False,ci: Check whether test failures are caused by port exhaustion (#5938)
XRPLF/clio,d5b95c2e6135,2025-10-30 14:03:50,mathbunnyru,maintenance,False,chore: Use new prepare-runner (#2742)
XRPLF/clio,cecf082952c0,2025-10-30 14:04:05,mathbunnyru,maintenance,False,chore: Update tooling in Docker images (#2737)
XRPLF/clio,30e88fe72cfb,2025-10-30 14:04:15,mathbunnyru,maintenance,False,style: Fix pre-commit style issues (#2743)
XRPLF/clio,c117f470f2ef,2025-10-30 14:32:23,mathbunnyru,maintenance,False,ci: Install pre-commit in the main CI image as well (#2744)
XRPLF/rippled,44e027e51614,2025-10-30 15:27:01,pratikmankawde,maintenance,False,refactor: Retire fixTakerDryOfferRemoval amendment (#5958)
XRPLF/xrpl.js,3fb9c94754f1,2025-10-30 15:29:55,github-actions[bot],unlabelled,False,Release 2.5.1: release-rbc-2.5.1 → main (#3125)
XRPLF/clio,7e4e12385f48,2025-10-30 17:08:11,mathbunnyru,maintenance,False,ci: Update docker images (#2745)
XRPLF/rippled,b0910e359e4e,2025-10-30 17:33:08,pratikmankawde,maintenance,False,refactor: Retire fix1623 amendment (#5928)
XRPLF/rippled,b39d7a651999,2025-10-30 18:47:47,pratikmankawde,maintenance,False,refactor: Retire fixQualityUpperBound amendment (#5960)
XRPLF/rippled,8d1b3b39940e,2025-10-30 19:39:56,ximinez,maintenance,False,refactor: Add support for extra transaction signature validation (#5851)
XRPLF/rippled,4cb1084c02ee,2025-10-30 21:04:55,Bronek,fix,False,fix: Change Credential sfSubjectNode to optional (#5936)
XRPLF/rippled,2dd1d682ac89,2025-10-30 21:31:03,Bronek,unlabelled,False,Remove directory size limit (#5935)
XRPLF/rippled,cf2d763fa128,2025-10-31 16:10:14,vvysokikh1,maintenance,False,refactor: Improve txset handling (#5951)
XRPLF/rippled,cbbb2b1be0a3,2025-10-31 17:10:53,ximinez,maintenance,False,test: Count crashed test suites (#5924)
XRPLF/rippled,fa6991812471,2025-10-31 19:01:06,yinyiqian1,fix,False,fix: Address permission delegation vulnerability (#5825)
XRPLF/rippled,4e32d2ed9878,2025-10-31 19:29:30,mvadari,maintenance,False,refactor: Clean up `TxMeta` (#5845)
XRPLF/rippled,dfafb141cc76,2025-10-31 20:01:12,a1q123456,maintenance,False,refactor: Retire fixAmendmentMajorityCalc amendment (#5961)
XRPLF/rippled,ab45a8a73768,2025-10-31 20:25:05,a1q123456,maintenance,False,refactor: Retire fixReducedOffersV1 amendment (#5972)
XRPLF/xrpl.js,bd883bda1a00,2025-10-31 20:27:29,Patel-Raj11,unlabelled,False,Add encodeMPTokenMetadata and decodeMPTokenMetadata utility functions (#3117)
XRPLF/rippled,50fc93f742ce,2025-10-31 21:01:44,a1q123456,maintenance,False,refactor: Retire fixMasterKeyAsRegularKey amendment (#5959)
XRPLF/rippled,8eb233c2ea8a,2025-10-31 22:25:16,a1q123456,maintenance,False,refactor: Modularize shamap and nodestore (#5668)
XRPLF/rippled,25c5e3b17f95,2025-11-03 13:53:19,bthomee,maintenance,False,chore: Remove version number in find_dependency for OpenSSL (#5985)
XRPLF/rippled,12c4b5a632fb,2025-11-03 16:57:24,bthomee,maintenance,False,ci: Update CI image hashes to use netstat (#5987)
XRPLF/clio,b485fdc18d71,2025-11-03 17:16:29,mathbunnyru,maintenance,False,ci: Add date to nightly release title (#2748)
XRPLF/rippled,8ac8a47c99ac,2025-11-03 17:26:12,a1q123456,maintenance,False,refactor: Retire ImmediateOfferKilled amendment (#5973)
XRPLF/clio,13baa429939d,2025-11-03 17:55:44,mathbunnyru,maintenance,False,chore: Update prepare-runner to fix ccache on macOS (#2749)
XRPLF/clio,d6ab2cc1e441,2025-11-03 18:30:52,mathbunnyru,maintenance,False,style: Fix comment in pre-commit-autoupdate.yml (#2750)
XRPLF/rippled,63a08560ca08,2025-11-03 18:43:57,a1q123456,maintenance,False,refactor: retire/remove NFT amendments (#5971)
XRPLF/rippled,b18dece1459e,2025-11-03 19:09:14,mvadari,maintenance,False,refactor: move API functions from `RPCHelpers.h` to `ApiVersion.h` (#5889)
XRPLF/rippled,ada83564d894,2025-11-04 07:13:58,bthomee,maintenance,False,refactor: Rename `RIPPLE_` and `RIPPLED_` definitions to `XRPL_` (#5821)
XRPLF/rippled,1d42c4f6de6b,2025-11-04 08:33:42,bthomee,maintenance,False,refactor: Remove unnecessary copyright notices already covered by LICENSE.md (#5929)
XRPLF/rippled,f3a2ec1fb24f,2025-11-04 10:07:36,bthomee,maintenance,False,refactor: Rename cmake files and definitions (#5975)
XRPLF/rippled,f28ba57b81ee,2025-11-04 17:04:01,a1q123456,maintenance,False,refactor: Retire HardenedValidations amendment (#5988)
XRPLF/clio,6d79dd6b2b56,2025-11-04 19:14:31,godexsoft,feature,False,feat: Async framework `submit` on strand/ctx (#2751)
XRPLF/clio,316126746bba,2025-11-05 11:48:12,mathbunnyru,maintenance,False,ci: Remove backticks from release date (#2754)
XRPLF/clio,fcc5a5425e94,2025-11-05 13:29:36,godexsoft,feature,False,feat: New ETL by default (#2752)
XRPLF/rippled,673fb06c7519,2025-11-05 14:56:20,a1q123456,maintenance,False,refactor: Retire fixTrustLinesToSelf amendment (#5989)
XRPLF/clio,2f8a704071ac,2025-11-05 15:26:03,godexsoft,feature,False,feat: Ledger publisher use async framework (#2756)
XRPLF/XRPL-Standards,5fa7b15aa01f,2025-11-05 16:06:09,dangell7,unlabelled,False,Clarify RawTransactions requirements in README (#409)
XRPLF/rippled,28a1f9093839,2025-11-05 23:08:10,shawnxie999,fix,False,fix: domain order book insertion #5998
XRPLF/rippled,173f9f7bb0f3,2025-11-06 09:06:45,bthomee,maintenance,False,chore: Removes unnecessary creation of symlink in CMake install file (#6009)
XRPLF/clio,1d3e34b39265,2025-11-06 09:35:52,github-actions[bot],maintenance,False,style: clang-tidy auto fixes (#2759)
XRPLF/clio,1ecc6a60404a,2025-11-06 11:51:47,mathbunnyru,maintenance,False,chore: Specify apple-clang 17.0 in conan profile (#2757)
XRPLF/xrpl.js,3f128b716943,2025-11-06 20:44:52,kuan121,unlabelled,False,Fix failed integration tests due to the removal of amendments (#3128)
XRPLF/rippled,c39f9c561ce7,2025-11-07 10:51:12,legleux,maintenance,False,chore: Point xrpld symlink to rippled (#6012)
XRPLF/clio,51dbd09ef64c,2025-11-07 15:41:02,PeterChen13579,fix,False,fix: Empty signer list (#2746)
XRPLF/clio,c973e99f4b09,2025-11-07 17:42:55,godexsoft,feature,False,feat: WorkQueue priorities (#2721)
XRPLF/clio,a5b1dcfe5569,2025-11-10 11:49:11,github-actions[bot],maintenance,False,style: clang-tidy auto fixes (#2765)
XRPLF/clio,c0eedd273d24,2025-11-10 14:35:19,kuznetsss,maintenance,False,chore: Fix pre commit hook failing on empty file (#2766)
XRPLF/clio,138a2d34404c,2025-11-10 14:41:42,dependabot[bot],maintenance,False,ci: [DEPENDABOT] bump docker/setup-qemu-action from 3.6.0 to 3.7.0 in /.github/actions/build-docker-image (#2763)
XRPLF/clio,224e835e7c07,2025-11-10 14:42:05,dependabot[bot],maintenance,False,ci: [DEPENDABOT] bump docker/metadata-action from 5.8.0 to 5.9.0 in /.github/actions/build-docker-image (#2762)
XRPLF/rippled,8d2dff2e483e,2025-11-10 15:32:08,Bronek,maintenance,False,"chore: Unify build & test, add ctest to coverage (#6013)"
XRPLF/rippled,12c629a1d2e6,2025-11-10 16:03:10,a1q123456,maintenance,False,refactor: Retire CheckCashMakesTrustLine amendment (#5974)
XRPLF/rippled,3968efb5f1ed,2025-11-10 16:33:54,bthomee,maintenance,False,chore: Make CMake improvements (#6010)
XRPLF/clio,093606106cf1,2025-11-10 17:11:12,emreariyurek,maintenance,False,refactor: Duplicate ledger_index pattern for RPC handlers (#2755)
XRPLF/rippled,3b810c305ab6,2025-11-10 17:33:20,Bronek,fix,False,fix: JSON parsing of negative `STNumber` and `STAmount` (#5990)
XRPLF/rippled,098eadca0af3,2025-11-10 18:02:35,bthomee,maintenance,False,"refactor: Update RocksDB, SQLite, Doctest (#6015)"
XRPLF/rippled,33309480d48b,2025-11-10 21:23:40,mathbunnyru,maintenance,False,ci: Update Conan to 2.22.2 (#6019)
XRPLF/clio,be9f0615fac1,2025-11-11 09:34:02,github-actions[bot],maintenance,False,style: clang-tidy auto fixes (#2770)
XRPLF/rippled,9b332d88c119,2025-11-11 14:07:45,pratikmankawde,maintenance,False,refactor: Retire PayChanRecipientOwnerDir amendment (#5946)
XRPLF/rippled,03704f712b12,2025-11-11 14:55:16,Bronek,maintenance,False,chore: Move running of unit tests out of coverage target (#6018)
XRPLF/rippled,ff18cfef9626,2025-11-11 15:21:07,a1q123456,maintenance,False,refactor: Retire DepositPreAuth and DepositAuth amendments (#5978)
XRPLF/clio,893daab8f81b,2025-11-11 16:37:00,godexsoft,maintenance,False,chore: Change default `max_queue_size` to 1000 (#2771)
XRPLF/rippled,9ffb434315cc,2025-11-11 17:45:13,a1q123456,maintenance,False,refactor: Add `XRPL_RETIRE_FIX` and `XRPL_RETIRE_FEATURE` macros (#6014)
XRPLF/rippled,c2a90b706fdd,2025-11-11 18:17:03,mathbunnyru,maintenance,False,ci: Specify bash as the default shell in workflows (#6021)
XRPLF/rippled,2ebc2ca885ff,2025-11-11 19:39:09,Bronek,fix,False,fix: floating point representation errors in vault (#5997)
XRPLF/rippled,5fc07e3979da,2025-11-12 13:23:45,hustrust,docs,False,docs: fix spelling in comments (#6002)
XRPLF/clio,59b7b249ff8f,2025-11-12 13:34:53,mathbunnyru,maintenance,False,ci: Specify bash as default shell in workflows (#2772)
XRPLF/rippled,9b53bd9871bf,2025-11-12 14:30:45,bthomee,maintenance,False,ci: Clean workspace on Windows self-hosted runners (#6024)
XRPLF/xrpl.js,cdd88df03e85,2025-11-12 18:27:25,github-actions[bot],unlabelled,False,Release 4.4.3: release-xrpl-4.4.3 → main (#3130)
XRPLF/rippled,8580a5795af6,2025-11-12 18:55:49,Bronek,maintenance,False,chore: Set version 3.1.0-b0 (#5986)
XRPLF/rippled,508937f3d1e6,2025-11-13 11:42:45,a1q123456,maintenance,False,refactor: Retire MultiSignReserve and ExpandedSignerList amendments (#5981)
XRPLF/clio,62369411404e,2025-11-13 13:10:15,godexsoft,maintenance,False,ci: Force ucontext in ASAN builds (#2775)
XRPLF/clio,d023ed2be20b,2025-11-13 13:34:51,mathbunnyru,maintenance,False,chore: Start using xrpl/3.0.0-rc1 (#2776)
XRPLF/rippled,f81d0d8c988a,2025-11-13 13:37:38,vvysokikh1,maintenance,False,chore: Clean up incorrect comments (#6031)
XRPLF/clio,c6308ce0360d,2025-11-13 16:10:10,godexsoft,maintenance,False,chore: Use ucontext with ASAN (#2774)
XRPLF/clio,346c9f9bdf6c,2025-11-13 17:01:40,kuznetsss,feature,False,feat: Read and write LedgerCache to file (#2761)
XRPLF/clio,addb17ae7d1c,2025-11-13 18:07:23,godexsoft,maintenance,False,chore: Remove redundant silencing of ASAN errors in CI (#2779)
XRPLF/clio,20e7e275cf99,2025-11-13 18:28:06,mathbunnyru,maintenance,False,style: Fix hadolint issues (#2777)
XRPLF/clio,1ef7ec346477,2025-11-14 10:52:44,github-actions[bot],maintenance,False,style: clang-tidy auto fixes (#2783)
XRPLF/clio,8742dcab3d65,2025-11-14 11:48:14,mathbunnyru,maintenance,False,ci: Use env vars instead of input (#2781)
XRPLF/rippled,7025e920802b,2025-11-14 13:33:34,a1q123456,maintenance,False,refactor: Retire TicketBatch amendment (#6032)
XRPLF/clio,3a4249dcc3d3,2025-11-14 14:14:52,mathbunnyru,maintenance,False,ci: Improve cache implementation (#2780)
XRPLF/rippled,362ecbd1cb5a,2025-11-14 17:30:56,Bronek,fix,False,fix: Apply object reserve for Vault pseudo-account (#5954)
XRPLF/rippled,13a12c640261,2025-11-14 20:27:28,mathbunnyru,maintenance,False,chore: Update nudb recipe to remove linker warnings (#6038)
XRPLF/rippled,2c187461cc89,2025-11-17 14:02:10,a1q123456,maintenance,False,refactor: Retire NegativeUNL amendment (#6033)
XRPLF/clio,2075171ca511,2025-11-17 15:14:31,emreariyurek,fix,False,fix: Match ledger_entry error codes with rippled (#2549)
XRPLF/clio,f0becbbec318,2025-11-17 15:26:03,mathbunnyru,maintenance,False,chore: Update nudb recipe to remove linker warnings (#2787)
XRPLF/clio,56f074e6eef9,2025-11-17 17:54:37,mathbunnyru,maintenance,False,ci: Use env vars instead of input in cache-key (#2789)
XRPLF/xrpl.js,37efcc123140,2025-11-17 19:28:27,dependabot[bot],maintenance,False,build(deps-dev): bump js-yaml from 3.14.1 to 3.14.2 (#3132)
XRPLF/rippled,77b7cef5a74b,2025-11-17 19:31:19,bthomee,maintenance,False,ci: Use new Debian Trixie images (#6034)
XRPLF/rippled,3fb6acd29ea9,2025-11-17 21:54:13,bthomee,maintenance,False,ci: Fix filtering out of Clang 20+ on ARM (#6046)
XRPLF/xrpl.js,8abcf5af5525,2025-11-18 16:58:44,pdp2121,other,False,chores: Set free-form CI inputs as env vars (#3133)
XRPLF/rippled,d9c27da529a6,2025-11-18 20:44:39,mvadari,maintenance,False,refactor: split up `RPCHelpers.h` into two (#6047)
XRPLF/rippled,ad37461ab2e3,2025-11-19 01:21:35,sunnyraindy,maintenance,False,chore: Fix some typos in comments (#6040)
XRPLF/clio,b62cfe949fe6,2025-11-19 15:40:33,kuznetsss,feature,False,feat: Graceful shutdown with old web server (#2786)
XRPLF/rippled,6ff495fd9b92,2025-11-19 16:58:18,oleks-rip,fix,False,Fix: Perform array size check (#6030)
XRPLF/clio,77387d8f9f13,2025-11-19 17:28:10,godexsoft,maintenance,False,chore: Add defines for asan/tsan to conan profile (#2784)
XRPLF/clio,6ab92ca0a648,2025-11-19 18:06:33,godexsoft,maintenance,False,chore: Enable TSAN in CI (#2785)
XRPLF/clio,ac608004bcbf,2025-11-19 19:17:44,kuznetsss,docs,False,docs: Fix graceful_period description (#2791)
XRPLF/clio,7ed30bc40d89,2025-11-19 19:32:12,mathbunnyru,maintenance,False,ci: Don't download ccache on develop branch (#2792)
XRPLF/clio,8b280e7742fc,2025-11-19 20:42:18,mathbunnyru,maintenance,False,ci: Always upload cache on develop (#2793)
XRPLF/rippled,a3d4be4eafce,2025-11-20 11:37:28,mvadari,fix,False,fix: Set correct index for limit in `book_offers` CLI (#6043)
XRPLF/clio,e3170203de67,2025-11-20 14:48:42,kuznetsss,fix,False,fix: Print cache saving error (#2794)
XRPLF/clio,2cd8226a1122,2025-11-20 17:46:15,emreariyurek,maintenance,False,refactor: Make getLedgerIndex return std::expected instead of throwing (#2788)
XRPLF/rippled,adbeb94c2bd3,2025-11-20 18:09:03,mathbunnyru,maintenance,False,ci: Only upload artifacts in XRPLF repo owner (#6060)
XRPLF/clio,42a6f516dcc9,2025-11-21 10:17:56,github-actions[bot],maintenance,False,style: clang-tidy auto fixes (#2797)
XRPLF/clio,19157dec7416,2025-11-21 11:02:07,github-actions[bot],maintenance,False,style: clang-tidy auto fixes (#2799)
XRPLF/clio,9ea61ba6b91b,2025-11-21 11:27:40,github-actions[bot],maintenance,False,style: clang-tidy auto fixes (#2801)
XRPLF/rippled,57f4b4eb7ff2,2025-11-21 14:19:43,a1q123456,maintenance,False,refactor: Retire Checks amendment (#6055)
XRPLF/rippled,e4dccfd49b2a,2025-11-21 15:18:00,pratikmankawde,maintenance,False,refactor: Retire DisallowIncoming amendment (#6045)
XRPLF/rippled,fb74dc28e1b7,2025-11-21 17:11:00,a1q123456,maintenance,False,chore: Clean up comment in NetworkOps_test.cpp (#6066)
XRPLF/xrpl.js,afd2a1e3a55c,2025-11-21 20:07:33,pdp2121,other,False,chores: assorted fixes for `release.yaml` (#3134)
XRPLF/rippled,58e03190ac36,2025-11-21 21:59:12,Tapanito,docs,False,docs: Improve `VaultWithdraw` documentation (#6068)
XRPLF/rippled,8449c6c3655c,2025-11-21 22:20:45,oleks-rip,fix,False,Fix: nullptr resolving without db config (#6029)
XRPLF/clio,b2a7d185cbf6,2025-11-24 09:58:51,dependabot[bot],maintenance,False,ci: [DEPENDABOT] Bump peter-evans/create-pull-request from 7.0.8 to 7.0.9 (#2805)
XRPLF/clio,058c05cfb6c6,2025-11-24 09:59:28,dependabot[bot],maintenance,False,ci: [DEPENDABOT] Bump actions/checkout from 5.0.0 to 6.0.0 (#2806)
XRPLF/rippled,800a31538363,2025-11-24 11:23:16,a1q123456,maintenance,False,refactor: Retire CryptoConditionsSuite amendment (#6036)
XRPLF/clio,ae260d122964,2025-11-24 11:27:29,mathbunnyru,maintenance,False,chore: Update spdlog and fmt libraries (#2804)
XRPLF/rippled,a791c03dc160,2025-11-24 11:52:08,a1q123456,maintenance,False,refactor: Retire DeletableAccounts amendment (#6056)
XRPLF/clio,89707d96687c,2025-11-24 12:19:34,mathbunnyru,maintenance,False,ci: Run clang-tidy 3 times to make sure we don't have to fix again (#2803)
XRPLF/XRPL-Standards,10dfa557afc6,2025-11-24 13:55:51,dependabot[bot],maintenance,False,ci(deps): bump actions/checkout from 5 to 6 (#415)
XRPLF/rippled,21c02232a54e,2025-11-24 13:58:37,a1q123456,maintenance,False,refactor: Retire RequireFullyCanonicalSig amendment (#6035)
XRPLF/clio,1b1a46c42910,2025-11-24 16:17:45,mathbunnyru,feature,False,feat: Handle prometheus requests in WorkQueue (#2790)
XRPLF/rippled,b550dc00edc6,2025-11-25 02:43:39,bthomee,maintenance,False,ci: Remove missing commits check (#6077)
XRPLF/clio,4eadaa85fab6,2025-11-25 12:15:43,godexsoft,maintenance,False,chore: Repeat-based tests TSAN fixes (#2810)
XRPLF/clio,391e7b07ab53,2025-11-25 12:17:24,godexsoft,maintenance,False,chore: WebServerAdminTestsSuit TSAN issues (#2809)
XRPLF/rippled,b124c9f7e338,2025-11-25 14:21:17,a1q123456,maintenance,False,refactor: Retire Flow and FlowSortStrands amendments (#6054)
XRPLF/clio,7681c58a3ab0,2025-11-25 17:13:29,mathbunnyru,maintenance,False,style: Add black pre-commit hook (#2811)
XRPLF/XRPL-Standards,cc7584a4ab30,2025-11-25 20:42:09,mvadari,unlabelled,False,XLS-100: Smart Escrows (#405)
XRPLF/rippled,856470203a15,2025-11-25 21:03:17,bthomee,maintenance,False,ci: Trigger clio pipeline on PRs targeting release branches (#6080)
XRPLF/clio,73e90b0a3f86,2025-11-26 09:44:53,github-actions[bot],maintenance,False,style: clang-tidy auto fixes (#2816)
XRPLF/clio,946976546a5d,2025-11-26 12:27:48,mathbunnyru,maintenance,False,chore: Use boost::asio::ssl::stream instead of boost::beast::ssl_stream (#2814)
XRPLF/clio,067449c3f8ae,2025-11-26 13:54:19,mathbunnyru,maintenance,False,chore: Install latest Ninja in images (#2813)
XRPLF/clio,80978657c02d,2025-11-26 16:15:18,mathbunnyru,maintenance,False,ci: Update images to use latest Ninja (#2817)
XRPLF/clio,56fbfc63c296,2025-11-26 17:06:38,mathbunnyru,maintenance,False,chore: Update lockfile (#2818)
XRPLF/rippled,a18b30b765c5,2025-11-26 17:28:06,bthomee,docs,False,docs: Update instructions how to (re)generate conan.lock file (#6070)
XRPLF/rippled,4e25dc9291ff,2025-11-26 17:54:36,mathbunnyru,maintenance,False,chore: Update lockfile (#6083)
XRPLF/rippled,2ed4047840bc,2025-11-26 18:43:14,mathbunnyru,maintenance,False,chore: Make conan lockfile generation commands into a script (#6085)
XRPLF/rippled,f399749ee261,2025-11-26 19:14:17,mathbunnyru,maintenance,False,chore: Add black pre-commit hook (#6086)
XRPLF/clio,b534570cdd6f,2025-11-27 09:46:53,github-actions[bot],maintenance,False,style: clang-tidy auto fixes (#2822)
XRPLF/rippled,b33b506b9066,2025-11-27 16:51:32,bthomee,maintenance,False,refactor: Replaces ed25519-donna source by Conan package (#6088)
XRPLF/clio,94e70e4026f0,2025-11-27 19:24:05,godexsoft,maintenance,False,chore: Add mathbunnyru to maintainers (#2823)
XRPLF/xrpl.js,fef333fcf6b2,2025-12-01 15:49:50,Patel-Raj11,unlabelled,False,update ripple-binary-codec to 2.5.1 (#3126)
XRPLF/rippled,c9f17dd85d6e,2025-12-01 17:46:50,mvadari,docs,False,docs: Update CONTRIBUTING.md for XLS submission guidelines (#6065)
XRPLF/XRPL-Standards,1033d47d7ef4,2025-12-02 15:50:19,mvadari,unlabelled,False,Meta XLS (#412)
XRPLF/rippled,6c67f1f525aa,2025-12-02 16:38:17,ximinez,unlabelled,False,Implement Lending Protocol (unsupported) (#5270)
XRPLF/clio,88881e95dd9b,2025-12-02 17:36:36,godexsoft,maintenance,False,chore: TSAN fix async-signal-unsafe (#2824)
XRPLF/XRPL-Standards,0ad27eec6733,2025-12-03 16:23:53,mvadari,unlabelled,False,Add templates for the new XLS format (#392)
XRPLF/xrpl.js,c8fc356b15b2,2025-12-03 21:09:19,achowdhry-ripple,unlabelled,False,VoD minor bug fixes (#3137)
XRPLF/XRPL-Standards,d8b14200e3ae,2025-12-03 21:53:26,mvadari,unlabelled,False,XLS-102: Wasm VM (#407)
XRPLF/rippled,813bc4d9491b,2025-12-04 13:32:45,bthomee,maintenance,False,refactor: Replaces secp256k1 source by Conan package (#6089)
XRPLF/rippled,51f1fe5f9a42,2025-12-04 14:40:00,bthomee,maintenance,False,ci: Re-enable linux and macos matrix (#6107)
XRPLF/rippled,020ea3f412b6,2025-12-04 15:34:37,bthomee,maintenance,False,refactor: Update Conan dependencies: protobuf and grpc (#5589)
XRPLF/xrpl.js,3f745119930c,2025-12-05 15:37:45,mvadari,fix,False,fix: better formatting handling in definitions script (#3123)
XRPLF/rippled,b986395ecc4a,2025-12-05 16:44:48,bthomee,docs,False,docs: Infer version of Conan dependency to export (#6112)
XRPLF/xrpl.js,ae9ce04f302c,2025-12-05 22:25:33,mvadari,fix,False,fix: improve faucet error handling (#3118)
XRPLF/xrpl.js,64fd762e11a7,2025-12-05 22:35:30,mvadari,maintenance,False,test: make connections.test.ts run faster (#3113)
XRPLF/xrpl.js,3d6754c6b025,2025-12-05 22:47:51,Patel-Raj11,unlabelled,False,Change dependabot frequency to monthly (#3139)
XRPLF/clio,92883bf0125f,2025-12-07 18:42:34,dependabot[bot],maintenance,False,ci: [DEPENDABOT] Bump docker/metadata-action from 5.9.0 to 5.10.0 in /.github/actions/build-docker-image (#2826)
XRPLF/clio,f8b6c98219ee,2025-12-07 18:42:50,github-actions[bot],maintenance,False,style: Update pre-commit hooks (#2825)
XRPLF/clio,8a37a2e0832b,2025-12-08 10:51:32,dependabot[bot],maintenance,False,ci: [DEPENDABOT] Bump actions/checkout from 6.0.0 to 6.0.1 (#2837)
XRPLF/clio,13cbb405c781,2025-12-08 10:52:02,dependabot[bot],maintenance,False,ci: [DEPENDABOT] Bump peter-evans/create-pull-request from 7.0.9 to 7.0.11 (#2836)
XRPLF/clio,33dc4ad95af6,2025-12-08 10:52:52,dependabot[bot],maintenance,False,ci: [DEPENDABOT] Bump ytanikin/pr-conventional-commits from 1.4.2 to 1.5.1 (#2835)
XRPLF/xrpl.js,802406e8800e,2025-12-08 15:25:07,dependabot[bot],maintenance,False,build(deps-dev): bump typedoc from 0.28.5 to 0.28.15 (#3147)
XRPLF/rippled,a4c60b41602c,2025-12-08 16:27:55,bthomee,maintenance,False,chore: Use updated secp256k1 recipe (#6118)
XRPLF/clio,69b8e5bd06b8,2025-12-08 16:44:43,godexsoft,feature,False,feat: Add observable value util (#2831)
XRPLF/rippled,9625514da8f9,2025-12-08 17:35:23,bthomee,maintenance,False,chore: Clean up .gitignore and .gitattributes (#6001)
XRPLF/rippled,4565cc280bf2,2025-12-08 18:39:38,bthomee,maintenance,False,chore: Fix docs readme and cmake (#6122)
XRPLF/clio,bea0b51c8bff,2025-12-09 10:36:53,github-actions[bot],maintenance,False,style: clang-tidy auto fixes (#2840)
XRPLF/clio,c1f2f5b100b8,2025-12-09 12:25:00,godexsoft,maintenance,False,chore: Less delay in ETL taskman (#2802)
XRPLF/clio,c7c270cc03f9,2025-12-09 18:51:56,mathbunnyru,maintenance,False,style: Use shfmt for shell scripts (#2841)
XRPLF/clio,06ea05891ded,2025-12-10 11:36:24,yinyiqian1,feature,False,feat: Add DynamicMPT in account_mptoken_issuances (#2820)
XRPLF/clio,1469d4b19809,2025-12-10 16:02:43,mathbunnyru,maintenance,False,chore: Add systemd file to the debian package (#2844)
XRPLF/clio,f2f5a6ab19be,2025-12-10 16:06:21,mathbunnyru,maintenance,False,chore: Switch to xrpl/3.0.0 (#2843)
XRPLF/clio,3aa185412969,2025-12-10 16:29:29,kuznetsss,maintenance,False,refactor: Add writing command to etl::SystemState (#2842)
XRPLF/rippled,42a432c5dc2a,2025-12-10 18:43:02,mvadari,maintenance,False,refactor: clean up `RPCHelpers` (#5684)
XRPLF/rippled,bff5954acf09,2025-12-10 19:12:14,mvadari,maintenance,False,refactor: rename `LedgerInfo` to `LedgerHeader` (#6136)
XRPLF/rippled,62efecbfb11b,2025-12-10 21:04:37,mvadari,maintenance,False,refactor: rename info() to header() (#6138)
XRPLF/xrpl.js,2f6603684835,2025-12-10 21:27:56,kuan121,unlabelled,False,"Mark AssetsAvailable, AssetsTotal and LossUnrealized of Vault object as Optional (#3153)"
XRPLF/clio,e9b98cf5b365,2025-12-11 09:51:03,github-actions[bot],maintenance,False,style: clang-tidy auto fixes (#2848)
XRPLF/rippled,9eb84a561ef8,2025-12-11 13:54:23,bthomee,maintenance,False,refactor: Rename `rippled` binary to `xrpld` (#5983)
XRPLF/rippled,496efb71ca10,2025-12-11 15:30:54,pratikmankawde,maintenance,False,refactor: Move JobQueue and related classes into xrpl.core module (#6121)
XRPLF/rippled,1eb0fdac6543,2025-12-11 16:51:49,bthomee,maintenance,False,refactor: Rename `ripple` namespace to `xrpl` (#5982)
XRPLF/rippled,cf748702af3a,2025-12-12 16:06:17,liuyueyangxmu,maintenance,False,chore: Fix some typos in comments (#6082)
XRPLF/clio,f2c4275f6138,2025-12-12 16:39:53,mathbunnyru,maintenance,False,ci: Put debian package to release (#2850)
XRPLF/clio,488bb05d2268,2025-12-12 16:40:00,mathbunnyru,maintenance,False,chore: Add a script to regenerate conan lockfile (#2849)
XRPLF/rippled,f816ffa55ffa,2025-12-12 19:47:34,bthomee,maintenance,False,ci: Update shared actions (#6147)
XRPLF/xrpl.js,9a1651da3144,2025-12-12 22:33:36,Patel-Raj11,unlabelled,False,Add support for lending protocol xls-66d (#3138)
XRPLF/clio,f45199694440,2025-12-15 12:34:55,dependabot[bot],maintenance,False,ci: [DEPENDABOT] Bump tj-actions/changed-files from 46.0.5 to 47.0.1 (#2853)
XRPLF/clio,b1a49fdaab47,2025-12-15 12:35:11,dependabot[bot],maintenance,False,ci: [DEPENDABOT] Bump peter-evans/create-pull-request from 7.0.11 to 8.0.0 (#2854)
XRPLF/clio,5a5a79fe30c1,2025-12-15 12:35:19,dependabot[bot],maintenance,False,ci: [DEPENDABOT] Bump actions/download-artifact from 6.0.0 to 7.0.0 (#2855)
XRPLF/clio,612434677a7a,2025-12-15 12:35:49,dependabot[bot],maintenance,False,ci: [DEPENDABOT] Bump actions/upload-artifact from 5.0.0 to 6.0.0 (#2856)
XRPLF/clio,d5b0329e7066,2025-12-15 12:35:58,dependabot[bot],maintenance,False,ci: [DEPENDABOT] Bump codecov/codecov-action from 5.5.1 to 5.5.2 (#2857)
XRPLF/clio,db9a460867be,2025-12-15 12:36:09,dependabot[bot],maintenance,False,ci: [DEPENDABOT] Bump actions/upload-artifact from 5.0.0 to 6.0.0 in /.github/actions/code-coverage (#2858)
XRPLF/XRPL-Standards,eefdafa8e64c,2025-12-15 16:56:10,dependabot[bot],maintenance,False,ci(deps): bump actions/cache from 4 to 5 (#421)
XRPLF/rippled,41c1be2baca4,2025-12-15 18:40:08,mvadari,maintenance,False,refactor: remove `Json::Object` and related files/classes (#5894)
XRPLF/clio,7600e740a008,2025-12-16 15:06:35,mathbunnyru,other,False,"revert: ""refactor: Add writing command to etl::SystemState"" (#2860)"
XRPLF/xrpl.js,77d2412e98f6,2025-12-16 17:54:04,mvadari,feature,False,feat: export more helper functions (#3157)
XRPLF/xrpl.js,cf4913186cc2,2025-12-16 18:18:20,github-actions[bot],unlabelled,False,Release 2.6.0: release-rbc-2.6.0 → main (#3159)
XRPLF/XRPL-Standards,0a9e70c3c1e6,2025-12-16 19:02:21,mvadari,unlabelled,False,add a Flags section (#424)
XRPLF/clio,4b731a92ae24,2025-12-16 20:54:48,mathbunnyru,maintenance,False,ci: Update shared actions (#2852)
XRPLF/xrpl.js,94f2d3a6cabf,2025-12-16 21:50:27,github-actions[bot],unlabelled,False,Release 4.5.0: release-xrpl-4.5.0 → main (#3161)
XRPLF/clio,89fbcbf66a2b,2025-12-17 10:19:20,github-actions[bot],maintenance,False,style: clang-tidy auto fixes (#2862)
XRPLF/xrpl.js,d6c89f93f8b2,2025-12-17 17:09:52,dependabot[bot],maintenance,False,build(deps-dev): bump expect from 29.7.0 to 30.2.0 (#3148)
XRPLF/XRPL-Standards,871d35e69684,2025-12-17 18:54:17,mvadari,unlabelled,False,XLS-101: Smart Contracts (#406)
XRPLF/rippled,f059f0beda74,2025-12-17 23:21:01,bthomee,unlabelled,False,Set version to 3.2.0-b0 (#6153)
XRPLF/xrpl.js,cd6e76fa7cf7,2025-12-17 23:34:06,ckeshava,unlabelled,False,Upgrade lerna to v8 (#3156)
XRPLF/clio,5269ea022334,2025-12-18 15:15:00,bthomee,maintenance,False,ci: Remove unnecessary creation of build directory (#2867)
XRPLF/clio,2327e81b0ba2,2025-12-19 15:26:55,godexsoft,fix,False,fix: WorkQueue contention (#2866)
XRPLF/clio,4dece23edeaf,2025-12-22 11:52:04,dependabot[bot],maintenance,False,ci: [DEPENDABOT] Bump docker/setup-buildx-action from 3.11.1 to 3.12.0 in /.github/actions/build-docker-image (#2872)
XRPLF/clio,8da4194fe266,2025-12-22 11:52:23,github-actions[bot],maintenance,False,style: clang-tidy auto fixes (#2874)
XRPLF/clio,850333528cb2,2025-12-22 11:52:41,dependabot[bot],maintenance,False,ci: [DEPENDABOT] Bump docker/setup-buildx-action from 3.11.1 to 3.12.0 (#2870)
XRPLF/rippled,40198d9792af,2025-12-22 21:30:23,bthomee,maintenance,False,ci: Remove superfluous build directory creation (#6159)
XRPLF/clio,2c9c5634adfe,2025-12-23 01:46:14,dependabot[bot],maintenance,False,ci: [DEPENDABOT] Bump actions/cache from 4.3.0 to 5.0.1 (#2871)
XRPLF/rippled,b7139da4d09c,2025-12-24 00:38:35,legleux,fix,False,fix: Remove cryptographic libs from libxrpl Conan package (#6163)
XRPLF/rippled,0f23ad820c84,2026-01-02 16:53:33,mathbunnyru,maintenance,False,chore: Pin ruamel.yaml<0.19 in pre-commit-hooks (#6166)
XRPLF/clio,79c08fc7352a,2026-01-05 01:10:10,github-actions[bot],maintenance,False,style: Update pre-commit hooks (#2875)
XRPLF/rippled,0b87a26f0464,2026-01-05 14:01:14,mathbunnyru,unlabelled,False,"Revert ""chore: Pin ruamel.yaml<0.19 in pre-commit-hooks (#6166)"" (#6167)"
XRPLF/rippled,3d1b3a49b360,2026-01-05 14:55:12,bthomee,maintenance,False,refactor: Rename `rippled.cfg` to `xrpld.cfg` (#6098)
XRPLF/rippled,44d21b8f6daf,2026-01-05 15:54:24,mvadari,maintenance,False,test: add more tests for `ledger_entry` RPC (#5858)
XRPLF/xrpl.js,4912f720e2d0,2026-01-06 18:04:42,Patel-Raj11,unlabelled,False,Set dependabot version update frequency to quarterly (#3169)
XRPLF/rippled,d734c8ddddb5,2026-01-07 01:34:21,bthomee,maintenance,False,ci: Use ccache to cache build objects for speeding up building (#6104)
XRPLF/rippled,f80059e4673a,2026-01-07 11:07:53,bthomee,maintenance,False,ci: Move variable into right place (#6179)
XRPLF/xrpl.js,945e51a7ba54,2026-01-07 15:34:34,dependabot[bot],maintenance,False,build(deps-dev): bump @eslint/js from 9.35.0 to 9.39.2 (#3170)
XRPLF/xrpl.js,1a0d4677d953,2026-01-07 16:13:49,dependabot[bot],maintenance,False,build(deps-dev): bump @types/lodash from 4.17.20 to 4.17.21 (#3178)
XRPLF/rippled,3c9f5b62525c,2026-01-07 17:10:19,mvadari,maintenance,False,"refactor: Fix typos in comments, configure cspell (#6164)"
XRPLF/clio,9f76eabf0a61,2026-01-07 17:20:56,kuznetsss,feature,False,feat: Option to save cache asyncronously (#2883)
XRPLF/xrpl.js,d9ba1b821652,2026-01-07 18:41:33,dependabot[bot],maintenance,False,build(deps-dev): bump webpack from 5.102.0 to 5.104.1 (#3166)
XRPLF/rippled,2c37ef7762f4,2026-01-07 19:26:14,mvadari,maintenance,False,refactor: Fix spelling issues in private/local variables and functions (#6182)
XRPLF/rippled,07ff532d306c,2026-01-07 21:30:35,mvadari,maintenance,False,refactor: Fix spelling issues in all variables/functions (#6184)
XRPLF/rippled,17565d21d483,2026-01-08 13:29:59,mvadari,maintenance,False,refactor: Remove unused credentials signature hash prefix (#6186)
XRPLF/rippled,510c0d82e9b3,2026-01-08 13:48:39,dangell7,fix,False,fix: Reorder Batch Preflight Errors (#6176)
XRPLF/xrpl.js,9abd7f94ae1c,2026-01-08 14:19:56,dependabot[bot],maintenance,False,build(deps-dev): bump ts-jest from 29.4.1 to 29.4.6 (#3162)
XRPLF/clio,a9787b131e87,2026-01-08 14:21:46,godexsoft,feature,False,feat: Basic support for channels (#2859)
XRPLF/rippled,53aa5ca90314,2026-01-08 15:34:49,mvadari,maintenance,False,"refactor: Fix typos, enable cspell pre-commit (#5719)"
XRPLF/rippled,e1d97bea12c6,2026-01-08 20:02:59,bthomee,maintenance,False,ci: Use updated prepare-runner in actions and worfklows (#6188)
XRPLF/clio,c9df784c4e4f,2026-01-08 20:13:49,bthomee,maintenance,False,ci: Use updated prepare-runner in actions and worfklows (#2889)
XRPLF/clio,b0abe1405715,2026-01-09 10:07:21,github-actions[bot],maintenance,False,style: clang-tidy auto fixes (#2891)
XRPLF/clio,c0c5c1479134,2026-01-09 12:33:32,mathbunnyru,maintenance,False,chore: Fix branch name and commit SHA for GitHub PRs (#2888)
XRPLF/clio,bb3159bda0c5,2026-01-09 13:59:43,mathbunnyru,feature,False,feat: Add build information to `clio_server --version` (#2893)
XRPLF/rippled,c24a6041f7fa,2026-01-09 18:15:05,oncecelll,docs,False,docs: Fix minor spelling issues in comments (#6194)
XRPLF/rippled,fc0072383699,2026-01-09 18:37:55,janibakin,fix,False,fix: Truncate thread name to 15 chars on Linux (#5758)
XRPLF/rippled,14467fba5e56,2026-01-09 19:58:02,Tapanito,other,False,VaultClawback: Burn shares of an empty vault (#6120)
XRPLF/rippled,7c1183547abb,2026-01-09 21:44:43,bthomee,maintenance,False,"chore: Change `/Zi` to `/Z7` for ccache, remove debug symbols in CI (#6198)"
XRPLF/xrpl.js,e048ded8cc6c,2026-01-09 23:29:42,dependabot[bot],maintenance,False,build(deps-dev): bump eslint-plugin-n from 17.21.3 to 17.23.1 (#3143)
XRPLF/xrpl.js,7dcad1b7f871,2026-01-09 23:49:45,dependabot[bot],maintenance,False,build(deps-dev): bump typescript-eslint from 8.39.0 to 8.52.0 (#3173)
XRPLF/rippled,b2c5927b488f,2026-01-10 03:10:04,ximinez,fix,False,fix: Inner batch transactions never have valid signatures (#6069)
XRPLF/clio,bb39bce40b23,2026-01-12 14:31:34,kuznetsss,maintenance,False,style: Fix clang-tidy error (#2901)
XRPLF/xrpl.js,28b481e8a3f3,2026-01-12 14:40:27,dependabot[bot],maintenance,False,build(deps-dev): bump webpack-bundle-analyzer from 4.10.2 to 5.1.0 (#3171)
XRPLF/xrpl.js,c7a0be40fc95,2026-01-12 14:49:21,dependabot[bot],maintenance,False,build(deps): bump ws from 8.18.3 to 8.19.0 (#3172)
XRPLF/xrpl.js,f2601a1f2910,2026-01-12 15:26:06,dependabot[bot],maintenance,False,build(deps-dev): bump eslint from 9.35.0 to 9.39.2 (#3163)
XRPLF/xrpl.js,8c8c667f55fb,2026-01-12 16:41:46,dependabot[bot],maintenance,False,build(deps-dev): bump jest-mock from 29.7.0 to 30.2.0 (#3174)
XRPLF/clio,88866ea6fd1e,2026-01-12 17:29:20,kuznetsss,fix,False,fix: No output from failed asserts in tests (#2905)
XRPLF/clio,a7ac7b54a876,2026-01-12 17:30:45,mathbunnyru,maintenance,False,ci: Show ccache stats with `-vv` (#2902)
XRPLF/clio,e733fadb4511,2026-01-12 17:31:09,mathbunnyru,maintenance,False,ci: Pass version explicitly and don't rely on tags (#2904)
XRPLF/rippled,92d40de4cbb7,2026-01-12 17:53:46,bthomee,maintenance,False,chore: Pin pre-commit hooks to commit hashes (#6205)
XRPLF/rippled,4755bb86068d,2026-01-13 00:14:39,bthomee,maintenance,False,refactor: Remove unnecessary version number and options in cmake find_package (#6169)
XRPLF/clio,f33f15c02dff,2026-01-13 12:20:13,godexsoft,fix,False,fix: Workaround an edge case exception in `AmendmentCenter` (#2897)
XRPLF/clio,c6be761f334a,2026-01-13 12:21:20,godexsoft,fix,False,fix: Faster implementation of work queue (#2887)
XRPLF/clio,159024898e93,2026-01-13 13:44:32,mathbunnyru,maintenance,False,chore: Update gtest and spdlog (#2908)
XRPLF/clio,14342e087ceb,2026-01-13 13:54:27,mathbunnyru,maintenance,False,chore: Update tooling in Docker images (#2907)
XRPLF/clio,95712c22b1a8,2026-01-13 14:50:13,mathbunnyru,maintenance,False,ci: Use images/actions with new tools / conan / cmake (#2909)
XRPLF/clio,cd93b2a469d8,2026-01-13 14:50:49,mathbunnyru,maintenance,False,chore: Use actual build date instead of date of last commit for `BUILD_DATE` (#2911)
XRPLF/clio,232838862a36,2026-01-13 15:00:09,mathbunnyru,maintenance,False,ci: Use env for BUILD_TYPE in reusable-build.yml (#2913)
XRPLF/clio,6f6d8cdf25c6,2026-01-13 16:02:37,mathbunnyru,maintenance,False,ci: Change build date format (#2914)
XRPLF/rippled,0efae5d16e43,2026-01-13 16:52:10,mathbunnyru,maintenance,False,ci: Update actions/images to use cmake 4.2.1 and conan 2.24.0 (#6209)
XRPLF/XRPL-Standards,df3758b1858e,2026-01-13 16:54:32,mvadari,unlabelled,False,quick fix to CONTRIBUTING (#433)
XRPLF/XRPL-Standards,f3e95d779a13,2026-01-13 17:00:33,Tapanito,unlabelled,False,Moves XLS Templates to templates directory (#432)
XRPLF/XRPL-Standards,4af2c9424150,2026-01-13 17:04:09,mvadari,unlabelled,False,improve CONTRIBUTING to be more accurate (#434)
XRPLF/rippled,96866049632f,2026-01-13 17:29:04,bthomee,fix,False,fix: Update Conan lock file with changed OpenSSL recipe (#6211)
XRPLF/rippled,2601442e16c1,2026-01-13 19:42:58,ximinez,unlabelled,False,Improve and fix bugs in Lending Protocol (#6102)
XRPLF/rippled,33f4c92b6122,2026-01-13 21:01:11,ximinez,unlabelled,False,Expand Number to support the full integer range (#6025)
XRPLF/rippled,efa57e872bad,2026-01-13 21:53:40,ximinez,unlabelled,False,Change LendingProtocol feature and dependencies to supported (#6146)
XRPLF/XRPL-Standards,1b4e906d0fdf,2026-01-14 08:43:15,Tapanito,unlabelled,False,fixes vault ledger entry fields (#423)
XRPLF/clio,2b473c8613a2,2026-01-14 09:50:38,github-actions[bot],maintenance,False,style: clang-tidy auto fixes (#2917)
XRPLF/clio,a6d5f94470c4,2026-01-14 13:38:00,godexsoft,maintenance,False,chore: Add .zed to .gitignore (#2919)
XRPLF/clio,eebee4d671d0,2026-01-14 14:10:21,godexsoft,maintenance,False,chore: Fix linker warning in benchmark (#2918)
XRPLF/xrpl.js,aab83c884037,2026-01-14 15:18:52,shichengripple001,unlabelled,False,Beta release workflow (#3131)
XRPLF/clio,63e7f9a72bc1,2026-01-14 15:21:02,mathbunnyru,maintenance,False,ci: Run `colima delete` on macOS (#2915)
XRPLF/clio,b983aea15d64,2026-01-14 15:28:31,mathbunnyru,maintenance,False,chore: Delete duplicate etlng tests (#2920)
XRPLF/rippled,ebcfd6645db8,2026-01-14 19:40:07,mvadari,maintenance,False,test: Replace `failed` string in Vault test case (#6214)
XRPLF/rippled,c9458b72cab6,2026-01-14 23:45:00,ximinez,maintenance,False,"test: Suppress ""parse failed"" message in Batch tests (#6207)"
XRPLF/rippled,ec44347ffc23,2026-01-15 13:36:13,mathbunnyru,maintenance,False,test: Use gtest instead of doctest (#6216)
XRPLF/rippled,96d17b7f664e,2026-01-15 16:18:14,pratikmankawde,maintenance,False,ci: Add sanitizers to CI builds (#5996)
XRPLF/XRPL-Standards,9cdffd51d516,2026-01-16 10:33:36,dangell7,unlabelled,False,Update Escrow Object Creation requirements (#395)
XRPLF/xrpl.js,0aca59870e2d,2026-01-16 12:57:49,Patel-Raj11,unlabelled,False,Makes fundWallet method work with locally running faucet server (#3186)
XRPLF/rippled,00d3cee6ccc5,2026-01-16 17:26:30,ximinez,unlabelled,False,"Improve ledger_entry lookups for fee, amendments, NUNL, and hashes (#5644)"
XRPLF/rippled,12c0d67ff62f,2026-01-16 20:01:53,bthomee,maintenance,False,ci: remove 'master' branch as a trigger (#6234)
XRPLF/clio,0ebbaaadefb1,2026-01-19 14:09:14,dependabot[bot],maintenance,False,ci: [DEPENDABOT] Bump actions/cache from 5.0.1 to 5.0.2 (#2925)
XRPLF/clio,a72e5a180fe5,2026-01-21 11:41:26,kuznetsss,feature,False,feat: Choose writer by cluster communication (#2830)
XRPLF/rippled,5e808794d875,2026-01-21 14:19:53,pratikmankawde,unlabelled,False,Limit reply size on `TMGetObjectByHash` queries (#6110)
XRPLF/rippled,a37c5560798c,2026-01-21 22:31:44,bthomee,maintenance,False,ci: Upload Conan recipe for merges into develop and commits to release (#6235)
XRPLF/rippled,4cd6cc3e01ea,2026-01-21 23:52:22,mathbunnyru,fix,False,fix: Include `<functional>` header in `Number.h` (#6254)
XRPLF/rippled,4fd4e93b3ec3,2026-01-22 00:17:05,bthomee,maintenance,False,ci: Add missing commit hash to Conan recipe version (#6256)
XRPLF/rippled,211054baff6a,2026-01-22 00:55:56,sappenin,docs,False,docs: Update Ripple Bug Bounty public key (#6258)
XRPLF/clio,3bb3e0b9f98f,2026-01-22 11:34:04,github-actions[bot],maintenance,False,style: clang-tidy auto fixes (#2930)
XRPLF/clio,59d07fab64f0,2026-01-22 11:35:00,kuznetsss,fix,False,fix: Flush buffers before renaming cache file (#2927)
XRPLF/rippled,68c9d5ca0f53,2026-01-22 13:19:29,vlntb,maintenance,False,refactor: Enforce 15-char limit and simplify labels for thread naming (#6212)
XRPLF/rippled,869531356518,2026-01-22 13:48:50,bthomee,maintenance,False,ci: Run on-trigger and on-pr when generate-version is modified (#6257)
XRPLF/rippled,a4f8aa623fe2,2026-01-22 16:16:18,pratikmankawde,maintenance,False,chore: Detect uninitialized variables in CMake files (#6247)
XRPLF/rippled,4e3f953fc49d,2026-01-22 16:42:53,bthomee,maintenance,False,ci: Use plus instead of hyphen for Conan recipe version suffix (#6261)
XRPLF/xrpl.js,104d948799db,2026-01-22 18:00:37,dependabot[bot],maintenance,False,build(deps-dev): bump react from 19.1.1 to 19.2.3 (#3165)
XRPLF/xrpl.js,91e641067fdc,2026-01-22 18:37:40,dependabot[bot],maintenance,False,build(deps-dev): bump lodash from 4.17.21 to 4.17.23 (#3189)
XRPLF/rippled,c57ffdbcb874,2026-01-22 19:05:59,bthomee,maintenance,False,ci: Explicitly set version when exporting the Conan recipe (#6264)
XRPLF/rippled,66158d786f30,2026-01-22 21:05:15,bthomee,maintenance,False,ci: Properly propagate Conan credentials (#6265)
XRPLF/rippled,0586b5678e6f,2026-01-23 11:40:55,bthomee,maintenance,False,ci: Pass missing sanitizers input to actions (#6266)
XRPLF/XRPL-Standards,573c2e78ccc9,2026-01-23 18:41:13,mvadari,unlabelled,False,update trace returns (#435)
XRPLF/rippled,778da954b4c3,2026-01-23 19:09:00,mvadari,maintenance,False,refactor: clean up uses of `std::source_location` (#6272)
XRPLF/clio,93a344c3fa66,2026-01-26 08:33:08,dependabot[bot],maintenance,False,ci: [DEPENDABOT] Bump peter-evans/create-pull-request from 8.0.0 to 8.1.0 (#2934)
XRPLF/clio,8a7c6b0aa497,2026-01-26 08:33:39,dependabot[bot],maintenance,False,ci: [DEPENDABOT] Bump actions/checkout from 6.0.1 to 6.0.2 (#2933)
XRPLF/clio,437168aa13cc,2026-01-26 13:30:58,kuznetsss,docs,False,docs: Add section about faster cache loading (#2932)
XRPLF/xrpl.js,dd453d87920e,2026-01-26 18:45:34,dependabot[bot],maintenance,False,build(deps): bump bignumber.js from 9.1.2 to 9.3.0 (#2988)
XRPLF/rippled,847e87563571,2026-01-26 18:54:43,bthomee,maintenance,False,refactor: Update Boost to 1.90 (#6280)
XRPLF/xrpl.js,cffd3a4208e7,2026-01-26 19:18:05,ckeshava,unlabelled,False,Update linter dev-dependencies (#3192)
XRPLF/rippled,a2f1973574d4,2026-01-26 19:58:12,ximinez,fix,False,fix:  Remove DEFAULT fields that change to the default in associateAsset (#6259) (#6273)
XRPLF/rippled,bb529d03175f,2026-01-26 21:39:28,a1q123456,fix,False,fix: Stop embedded tests from hanging on ARM by using `atomic_flag` (#6248)
XRPLF/xrpl.js,4716780a1fe3,2026-01-27 20:00:30,ckeshava,unlabelled,False,Upgrade chai dev-dependency to v6.2.2 (#3193)
XRPLF/rippled,b90a843dddeb,2026-01-28 10:02:34,bthomee,maintenance,False,"ci: Upload Conan recipes for develop, release candidates, and releases (#6286)"
XRPLF/rippled,92046785d1fe,2026-01-28 15:14:35,a1q123456,maintenance,False,test: Fix the `xrpl.net` unit test using async read (#6241)
XRPLF/XRPL-Standards,8f203a0cc661,2026-01-28 15:37:01,Tapanito,unlabelled,False,Updates VaultWithdraw failure conditions (#411)
XRPLF/XRPL-Standards,dd47baf9e4ca,2026-01-28 15:41:28,mvadari,unlabelled,False,Discussion management (#426)
XRPLF/XRPL-Standards,68c8bbdaaaa0,2026-01-28 18:03:33,mvadari,unlabelled,False,add template checker to CI (#419)
XRPLF/rippled,5f638f55536d,2026-01-28 18:09:50,mathbunnyru,maintenance,False,chore: Set ColumnLimit to 120 in clang-format (#6288)
XRPLF/rippled,f3627fb5d5c2,2026-01-28 19:14:31,mathbunnyru,maintenance,False,chore: Remove unnecessary `boost::system` requirement from conanfile (#6290)
XRPLF/rippled,a0e09187b937,2026-01-29 13:33:24,mathbunnyru,maintenance,False,chore: Add cmake-format pre-commit hook (#6279)
XRPLF/XRPL-Standards,9afa869c0216,2026-01-29 13:47:08,mvadari,unlabelled,False,make template checker script more robust (#438)
XRPLF/clio,cf77a1055514,2026-01-29 16:44:04,mathbunnyru,maintenance,False,style: Adopt cmake-format from xrpld (#2938)
XRPLF/rippled,fe9c8d568fcf,2026-01-29 18:19:32,mathbunnyru,maintenance,False,chore: Format all cmake files without comments (#6294)
XRPLF/clio,9fd15eb08bde,2026-01-30 19:14:36,godexsoft,maintenance,False,chore: Enable TSAN without ignoring errors (#2828)
XRPLF/clio,8f36b1d5caaa,2026-02-02 14:49:33,github-actions[bot],maintenance,False,style: Update pre-commit hooks (#2939)
XRPLF/clio,61c47c8efd4b,2026-02-02 14:50:14,dependabot[bot],maintenance,False,ci: [DEPENDABOT] Bump docker/login-action from 3.6.0 to 3.7.0 (#2940)
XRPLF/clio,af03a2fbe460,2026-02-02 14:50:28,dependabot[bot],maintenance,False,ci: [DEPENDABOT] Bump actions/cache from 5.0.2 to 5.0.3 (#2941)
XRPLF/clio,91aba853af10,2026-02-02 14:50:37,dependabot[bot],maintenance,False,ci: [DEPENDABOT] Bump docker/login-action from 3.6.0 to 3.7.0 in /.github/actions/build-docker-image (#2942)
XRPLF/XRPL-Standards,2474d13a5a6b,2026-02-02 15:19:48,mvadari,unlabelled,False,clean up CONTRIBUTING.md to match XLS-1 (#439)
XRPLF/XRPL-Standards,d4fe36fa1e73,2026-02-02 15:21:18,dependabot[bot],maintenance,False,ci(deps): bump tj-actions/changed-files from 45 to 47 (#440)
XRPLF/rippled,ff4520cc45cd,2026-02-02 19:37:06,mathbunnyru,maintenance,False,ci: Update hashes of XRPLF/actions (#6316)
XRPLF/clio,8b6f65f0b73b,2026-02-02 20:48:50,mathbunnyru,maintenance,False,chore: Update hashes of XRPLF/actions (#2944)
XRPLF/rippled,fe31cdc9f62b,2026-02-02 23:57:10,ximinez,maintenance,False,chore: Add upper-case match for ARM64 in CompilationEnv (#6315)
XRPLF/rippled,b1824301789f,2026-02-03 01:15:56,bthomee,fix,False,fix: Restore config changes that broke standalone mode (#6301)
XRPLF/rippled,6d369e0f0250,2026-02-03 02:12:26,mvadari,docs,False,"docs: Update API changelog, add APIv2+APIv3 version documentation (#6308)"
XRPLF/rippled,b814a09a08f4,2026-02-03 15:13:10,Tapanito,maintenance,False,chore: Add .zed editor config directory to .gitignore (#6317)
XRPLF/XRPL-Standards,ef39ca8d09c7,2026-02-03 16:10:00,mvadari,other,False,cleanup: remove all ds in XLS numbers (#442)
XRPLF/rippled,78136830914f,2026-02-03 16:37:24,Copilot,fix,False,fix: Deletes expired NFToken offers from ledger (#5707)
XRPLF/rippled,6c1a92fe935a,2026-02-03 19:08:27,a1q123456,maintenance,False,refactor: Add ServiceRegistry to help modularization (#6222)
XRPLF/XRPL-Standards,c5073b4308ae,2026-02-03 20:31:03,dependabot[bot],other,False,"deps(deps): update markdown-it-py requirement from <4.0.0,>=3.0.0 to >=3.0.0,<5.0.0 (#441)"
XRPLF/rippled,3a172301cec7,2026-02-03 22:55:22,bthomee,maintenance,False,chore: Remove unity builds (#6300)
XRPLF/rippled,34ef57760478,2026-02-04 14:50:21,bthomee,maintenance,False,refactor: Replace include guards by '#pragma once' (#6322)
XRPLF/XRPL-Standards,91e10e8e6563,2026-02-04 14:51:11,mvadari,unlabelled,False,add number assigning bot (#445)
XRPLF/rippled,b449a6ee84f0,2026-02-04 16:30:16,bthomee,maintenance,False,chore: Remove unnecessary script (#6326)
XRPLF/rippled,7f41012e599f,2026-02-04 18:27:10,mathbunnyru,maintenance,False,chore: Update secp256k1 and openssl (#6327)
XRPLF/XRPL-Standards,6230a7771471,2026-02-04 20:26:28,mvadari,unlabelled,False,"add ToC, fix broken links (#449)"
XRPLF/xrpl.js,b449a310915d,2026-02-04 21:22:23,Patel-Raj11,unlabelled,False,Fix STNumber serialization and add counterparty signing helper functions (#3191)
XRPLF/xrpl.js,0c89766b9a8c,2026-02-04 21:57:25,mvadari,fix,False,fix: add integer check for UInt types in binary codec (#3179)
XRPLF/rippled,e79673cf40cd,2026-02-05 10:23:44,Tapanito,unlabelled,False,fix typo in LendingHelpers unit-test (#6215)
XRPLF/XRPL-Standards,e763e78bf5f8,2026-02-05 15:17:57,mvadari,unlabelled,False,add PR template (#450)
XRPLF/rippled,6006c281e22b,2026-02-05 15:40:27,sublimator,fix,False,fix: Increment sequence when accepting new manifests (#6059)
XRPLF/rippled,0a626d95f435,2026-02-05 16:45:57,bthomee,maintenance,False,refactor: Update secp256k1 to 0.7.1 (#6331)
XRPLF/XRPL-Standards,e978a4fecada,2026-02-05 20:32:15,mvadari,unlabelled,False,XLS-102: convert u32s from i32s to buffers (#447)
XRPLF/rippled,25d7c2c4ec75,2026-02-06 14:12:45,bthomee,maintenance,False,chore: Restore unity builds (#6328)
XRPLF/rippled,677758b1cc9d,2026-02-06 14:42:35,bthomee,fix,False,perf: Remove unnecessary caches (#5439)
XRPLF/clio,9d3dbce73b1a,2026-02-06 15:33:18,emreariyurek,fix,False,fix: Remove RpcEntryNotFound from ClioError (#2661)
XRPLF/rippled,2305bc98a4c5,2026-02-06 16:39:23,mathbunnyru,maintenance,False,chore: Remove CODEOWNERS (#6337)
XRPLF/rippled,f5208fc85020,2026-02-06 18:37:01,mvadari,maintenance,False,test: Add file and line location to Env (#6276)
XRPLF/rippled,bf4674f42b05,2026-02-06 20:30:22,mvadari,maintenance,False,refactor: Fix spelling issues in tests (#6199)
XRPLF/rippled,db2734cbc963,2026-02-06 21:33:42,vlntb,maintenance,False,refactor: Change main thread name to `xrpld-main` (#6336)
XRPLF/XRPL-Standards,7fe5c72fe0d4,2026-02-09 13:41:25,dependabot[bot],maintenance,False,ci(deps): bump peter-evans/create-or-update-comment from 4 to 5 (#458)
XRPLF/XRPL-Standards,bf11948af318,2026-02-09 14:54:26,dependabot[bot],maintenance,False,ci(deps): bump peter-evans/find-comment from 3 to 4 (#459)
XRPLF/XRPL-Standards,a3d00a2f6422,2026-02-10 09:39:01,mvadari,other,False,site: add redirect links from `/xls/xls-[num].html` to `/xls/xls-[num]-[short-description].html` (#443)
XRPLF/rippled,e11f6190b745,2026-02-10 19:02:53,oleks-rip,fix,False,fix: Update invariant checks for Permissioned Domains (#6134)
XRPLF/XRPL-Standards,595f6a942aca,2026-02-10 19:39:02,mvadari,unlabelled,False,fix assigner (#461)
XRPLF/XRPL-Standards,5240dfaf8a1a,2026-02-11 09:25:43,Tapanito,unlabelled,False,Extends Failure Condition requirements (#444)
XRPLF/rippled,ef284692db45,2026-02-11 13:42:31,a1q123456,maintenance,False,refactor: Modularize WalletDB and Manifest (#6223)
XRPLF/rippled,9f17d1034801,2026-02-11 16:22:01,a1q123456,maintenance,False,refactor: Modularize RelationalDB (#6224)
XRPLF/XRPL-Standards,f66701bd5288,2026-02-11 16:31:13,mvadari,unlabelled,False,fix assigner more (#462)
XRPLF/XRPL-Standards,20353e444eae,2026-02-11 16:39:59,mvadari,unlabelled,False,improve XLS validator (#457)
XRPLF/XRPL-Standards,a1b05efc210c,2026-02-11 17:14:19,mvadari,unlabelled,False,bring XLS-56 up to spec (#453)
XRPLF/XRPL-Standards,832b303b64d2,2026-02-11 17:34:42,mvadari,unlabelled,False,v2 of XLS-68: Sponsored Fees and Reserves specification (#383)
XRPLF/XRPL-Standards,b68a9c097325,2026-02-12 09:28:06,mvadari,unlabelled,False,decrease stale timeout to 1.5 years (#468)
XRPLF/rippled,11e8d1f8a206,2026-02-12 11:11:26,pratikmankawde,maintenance,False,chore: Fix `gcov` lib coverage build failure on macOS (#6350)
XRPLF/XRPL-Standards,5e58546f990a,2026-02-12 15:02:18,mvadari,unlabelled,False,fix bot text to properly handle numbers (#466)
XRPLF/xrpl.js,b1e139a55173,2026-02-12 17:51:03,Patel-Raj11,unlabelled,False,Add missing field types to lending protocol related objects and support Int32 serialized type (#3198)
XRPLF/rippled,5edd3566f7c9,2026-02-12 18:15:03,a1q123456,maintenance,False,refactor: Modularize the NetworkOPs interface (#6225)
XRPLF/xrpl.js,0a20504d9307,2026-02-12 19:05:33,github-actions[bot],unlabelled,False,Release 2.7.0: release-rbc-2.7.0 → main (#3202)
XRPLF/rippled,cd218346ff56,2026-02-12 19:55:27,nuxtreact,maintenance,False,chore: Fix minor issues in comments (#6346)
XRPLF/xrpl.js,318a970f7054,2026-02-13 00:20:02,github-actions[bot],unlabelled,False,Release 4.6.0: release-xrpl-4.6.0 → main (#3204)
XRPLF/rippled,ac0ad3627f8f,2026-02-13 15:34:37,a1q123456,maintenance,False,"refactor: Modularize `HashRouter`, `Conditions`, and `OrderBookDB` (#6226)"
XRPLF/rippled,958d8f375453,2026-02-16 19:31:18,kuznetsss,maintenance,False,chore: Update clang-format to 21.1.8 (#6352)
XRPLF/rippled,36240116a540,2026-02-17 16:29:53,a1q123456,maintenance,False,refactor: Decouple app/tx from `Application` and `Config` (#6227)
XRPLF/rippled,0976b2b68b64,2026-02-17 18:10:07,a1q123456,maintenance,False,refactor: Modularize app/tx (#6228)
XRPLF/xrpl.js,be8d9a232c74,2026-02-17 21:43:34,dependabot[bot],maintenance,False,build(deps-dev): bump lerna from 8.2.4 to 9.0.3 (#3175)
XRPLF/clio,584d2bb5f291,2026-02-17 22:54:24,mathbunnyru,feature,False,feat: Support Lending Protocol (#2945)
XRPLF/XRPL-Standards,1d85453b67c5,2026-02-17 23:27:28,mvadari,unlabelled,False,XLS-56: add integration considerations (#452)
XRPLF/clio,480264ff8f46,2026-02-18 17:11:31,mathbunnyru,fix,False,perf: Use string_view in AccountInfo (#2951)
XRPLF/XRPL-Standards,121f123fd45f,2026-02-19 17:55:34,mvadari,unlabelled,False,add more redirects (#475)
XRPLF/XRPL-Standards,cad1738a7578,2026-02-19 18:37:04,mrtcnk,other,False,XLS: Confidential Multi-Purpose Tokens (Draft) (#460)
XRPLF/rippled,31302877abfb,2026-02-19 19:06:44,kuznetsss,maintenance,False,ci: Add clang tidy workflow to ci (#6369)
XRPLF/rippled,469ce9f291a4,2026-02-19 19:42:51,mathbunnyru,maintenance,False,chore: Set cmake-format width to 100 (#6386)
XRPLF/rippled,25cca465538a,2026-02-19 23:29:46,mathbunnyru,maintenance,False,chore: Set clang-format width to 100 in config file (#6387)
XRPLF/rippled,2c1fad102353,2026-02-19 23:30:00,mathbunnyru,maintenance,False,chore: Apply clang-format width 100 (#6387)
XRPLF/rippled,6f35d94b2f20,2026-02-20 01:58:47,ximinez,unlabelled,False,Fix tautological assertion (#6393)
XRPLF/rippled,d03d72bfd57a,2026-02-20 09:19:00,mathbunnyru,maintenance,False,ci: Add dependabot config (#6379)
XRPLF/clio,6ba58f42f0c5,2026-02-20 15:56:03,mathbunnyru,maintenance,False,style: Set clang-format width 100 (#2953)
XRPLF/clio,2d6f82c27fc0,2026-02-20 18:01:15,kuznetsss,feature,False,feat: Metrics for requested ledger age (#2947)
XRPLF/rippled,cb54adefedb8,2026-02-20 18:41:43,mathbunnyru,maintenance,False,ci: Build docs in PRs and in private repos (#6400)
XRPLF/rippled,0bc4a0cfe862,2026-02-20 19:11:26,dependabot[bot],maintenance,False,ci: [DEPENDABOT] bump codecov/codecov-action from 5.4.3 to 5.5.2 (#6398)
XRPLF/rippled,4bcbc6e50f08,2026-02-20 19:59:37,dependabot[bot],maintenance,False,ci: [DEPENDABOT] bump tj-actions/changed-files from 46.0.5 to 47.0.4 (#6394)
XRPLF/rippled,625becff183f,2026-02-20 21:29:05,dependabot[bot],maintenance,False,ci: [DEPENDABOT] bump actions/setup-python from 5.6.0 to 6.2.0 (#6395)
XRPLF/rippled,fd9f57ec97fd,2026-02-20 22:09:48,dependabot[bot],maintenance,False,ci: [DEPENDABOT] bump actions/checkout from 4.3.0 to 6.0.2 (#6397)
XRPLF/rippled,3542daa4cc0b,2026-02-20 22:48:01,dependabot[bot],maintenance,False,ci: [DEPENDABOT] bump actions/upload-artifact from 4.6.2 to 6.0.0 (#6396)
XRPLF/clio,af736717fca5,2026-02-23 13:54:07,github-actions[bot],maintenance,False,style: clang-tidy auto fixes (#2958)
XRPLF/clio,c1f6a6eb312d,2026-02-23 14:32:07,mathbunnyru,maintenance,False,chore: Fix compilation due to use of std::ranges::mismatch (#2960)
XRPLF/clio,e9052bcd8096,2026-02-23 14:43:19,mathbunnyru,maintenance,False,style: Remove readability-identifier-naming where not needed (#2962)
XRPLF/xrpl.js,ea2e4e7901ac,2026-02-23 16:10:35,dependabot[bot],maintenance,False,build(deps-dev): bump prettier from 3.6.2 to 3.7.4 (#3150)
XRPLF/clio,1220d632b561,2026-02-23 16:24:27,mathbunnyru,maintenance,False,style: Fix lint comments due to style changes (#2963)
XRPLF/rippled,0fd237d707ce,2026-02-24 01:10:07,kuznetsss,maintenance,False,chore: Add nix development environment (#6314)
XRPLF/clio,16030d1d8162,2026-02-24 02:40:06,mathbunnyru,maintenance,False,chore: Update cleanup-workspace to delete old .conan2 dir on macOS (#2964)
XRPLF/XRPL-Standards,67ee21dc397a,2026-02-24 17:07:11,mvadari,unlabelled,False,fix assign bot to not always return 96 (#478)
XRPLF/rippled,3a805cc646bf,2026-02-24 17:49:59,vlntb,unlabelled,False,Disable featureBatch and fixBatchInnerSigs amendments (#6402)
XRPLF/rippled,24cbaf76a5cd,2026-02-24 17:52:32,vlntb,maintenance,False,ci: Update prepare-runner action to fix macOS build environment (empty)
XRPLF/XRPL-Standards,62800226ca97,2026-02-24 17:58:19,Tapanito,unlabelled,False,XLS-0066 Lending Protocol (#240)
XRPLF/rippled,bdd106d992b6,2026-02-24 21:33:13,vlntb,unlabelled,False,Explicitly trim the heap after cache sweeps (#6022)
XRPLF/rippled,65e63ebef3e9,2026-02-25 01:12:16,mathbunnyru,maintenance,False,chore: Update cleanup-workspace to delete old .conan2 dir on macOS (#6412)
XRPLF/clio,f9c89264da87,2026-02-25 16:42:23,mathbunnyru,maintenance,False,chore: Enable debug symbols (#2967)
XRPLF/rippled,3a8a18c2cabe,2026-02-25 23:23:34,bthomee,maintenance,False,refactor: Use uint256 directly as key instead of void pointer (#6313)
XRPLF/XRPL-Standards,2f87a231e71e,2026-02-26 12:53:28,mvadari,fix,False,fix: discussions not closing after 30 days of being stale (#481)
XRPLF/rippled,2e595b603118,2026-02-26 18:26:58,godexsoft,maintenance,False,chore: Enable clang-tidy checks without issues (#6414)
XRPLF/rippled,404f35d5568f,2026-02-27 03:01:38,mvadari,maintenance,False,test: Grep for failures in CI (#6339)
XRPLF/rippled,b58c681189d3,2026-02-27 18:36:10,kuznetsss,maintenance,False,chore: Make nix hook optional (#6431)
XRPLF/XRPL-Standards,e5d2da9ccc30,2026-02-27 20:57:13,ckeshava,feature,False,"feat: server_definitions Formats, Fields, and Flags (#464)"
XRPLF/rippled,1a7f824b8944,2026-02-27 21:02:39,Tapanito,maintenance,False,refactor: Splits invariant checks into multiple classes (#6440)
XRPLF/clio,ef0a765e0745,2026-03-02 11:54:46,dependabot[bot],maintenance,False,ci: [DEPENDABOT] Bump actions/upload-artifact from 6.0.0 to 7.0.0 in /.github/actions/code-coverage (#2971)
XRPLF/clio,e43b678872e8,2026-03-02 11:54:56,dependabot[bot],maintenance,False,ci: [DEPENDABOT] Bump actions/download-artifact from 7.0.0 to 8.0.0 (#2970)
XRPLF/clio,b9ee5187b654,2026-03-02 11:55:05,dependabot[bot],maintenance,False,ci: [DEPENDABOT] Bump actions/upload-artifact from 6.0.0 to 7.0.0 (#2969)
XRPLF/rippled,afc660a1b576,2026-03-02 17:08:56,godexsoft,maintenance,False,refactor: Fix clang-tidy `bugprone-empty-catch` check (#6419)
XRPLF/xrpl.js,2d370494cb23,2026-03-02 18:12:23,dependabot[bot],maintenance,False,build(deps): bump minimatch and lerna (#3218)
XRPLF/rippled,5300e656864e,2026-03-03 13:46:55,kuznetsss,other,False,tests: Improve stability of Subscribe tests (#6420)
XRPLF/clio,a4d6caf8a7de,2026-03-03 15:58:30,github-actions[bot],maintenance,False,style: Update pre-commit hooks (#2968)
XRPLF/rippled,0abd76278139,2026-03-03 17:17:08,dependabot[bot],maintenance,False,ci: [DEPENDABOT] bump actions/upload-artifact from 6.0.0 to 7.0.0 (#6450)
XRPLF/rippled,fcec31ed20be,2026-03-03 20:23:22,mathbunnyru,maintenance,False,chore: Update pre-commit hooks (#6460)
XRPLF/xrpl.js,928be9a15d39,2026-03-03 22:06:06,interc0der,maintenance,False,"chore: add joey wallet, and other missing wallets to applications doc (#3082)"
XRPLF/rippled,3cd1e3d94e3e,2026-03-04 03:11:58,tequdev,maintenance,False,refactor: Update PermissionedDomainDelete to use keylet for sle access (#6063)
XRPLF/XRPL-Standards,1141e3fe7492,2026-03-04 13:28:48,mvadari,unlabelled,False,rename folders to all caps (#490)
XRPLF/rippled,e39954d12809,2026-03-04 15:50:51,PeterChen13579,fix,False,fix: Gateway balance with MPT (#6143)
XRPLF/rippled,af97df5a63fc,2026-03-04 17:03:27,godexsoft,maintenance,False,chore: Enable clang-tidy bugprone-move-forwarding-reference check (#6457)
XRPLF/rippled,b451d5e41259,2026-03-04 18:10:10,godexsoft,maintenance,False,chore: Enable clang-tidy `bugprone-return-const-ref-from-parameter` check (#6459)
XRPLF/rippled,595f0dd4619a,2026-03-04 19:15:22,godexsoft,maintenance,False,chore: Enable clang-tidy `bugprone-sizeof-expression` check (#6466)
XRPLF/rippled,c69091bded55,2026-03-04 19:45:28,mathbunnyru,maintenance,False,chore: Add Git information compile-time info to only one file (#6464)
XRPLF/XRPL-Standards,0d07081c1126,2026-03-04 21:37:33,shawnxie999,unlabelled,False,Confidential Transfer - merge inbox with zero balance (audit no.13) (#487)
XRPLF/XRPL-Standards,d4025642e6af,2026-03-04 21:43:13,PeterChen13579,unlabelled,False,add invariant to confidential MPT (#486)
XRPLF/XRPL-Standards,6f4270f21ad8,2026-03-04 21:44:05,shawnxie999,unlabelled,False,Confidential transfer: (audit no. 14) update credentials to Send (#491)
XRPLF/rippled,77518394e8ce,2026-03-05 03:19:57,legleux,fix,False,fix: Stop committing generated docs to prevent repo bloat (#6474)
XRPLF/rippled,08e734457fa1,2026-03-05 08:12:41,legleux,fix,False,fix: Fix docs deployment for pull requests (#6482)
XRPLF/rippled,dde450784daf,2026-03-05 16:11:27,godexsoft,unlabelled,False,Add Formats and Flags to `server_definitions` (#6321)
XRPLF/clio,6d56ed5ccf75,2026-03-05 19:01:57,mathbunnyru,maintenance,False,chore: Move sharedPtrBackend (#2974)
XRPLF/rippled,0c74270b0551,2026-03-05 19:54:37,mathbunnyru,maintenance,False,chore: Use gersemi instead of ancient cmake-format (#6486)
XRPLF/rippled,af0ec7defdac,2026-03-05 19:54:44,mathbunnyru,maintenance,False,chore: Apply gersemi changes (#6486)
XRPLF/rippled,5865bd017f77,2026-03-06 08:25:31,Tapanito,maintenance,False,refactor: Update transaction folder structure (#6483)
XRPLF/clio,395e87b9c546,2026-03-06 10:10:16,github-actions[bot],maintenance,False,style: clang-tidy auto fixes (#2982)
XRPLF/clio,967590e6392a,2026-03-06 12:21:01,mathbunnyru,maintenance,False,style: Use gersemi instead of ancient cmake-format (#2980)
XRPLF/clio,9cbc99651c6b,2026-03-06 12:21:53,mathbunnyru,maintenance,False,style: Unify style for 'not expectedNext.has_value()' (#2979)
XRPLF/clio,43e8c8cddb2d,2026-03-06 12:27:54,mathbunnyru,maintenance,False,style: Unify style for 'not expectedLgrInfo.has_value()' (#2977)
XRPLF/rippled,7b12c00e6bda,2026-03-06 12:50:00,mathbunnyru,maintenance,False,chore: Add custom cmake definitions for gersemi (#6491)
XRPLF/clio,3737459d09ea,2026-03-06 14:28:13,mathbunnyru,maintenance,False,style: Apply custom cmake definitions (#2983)
XRPLF/clio,05e52ee7a4ed,2026-03-06 15:59:27,kuznetsss,fix,False,fix: Start without cache file (#2976)
XRPLF/clio,b571e11f6338,2026-03-09 09:24:13,dependabot[bot],maintenance,False,ci: [DEPENDABOT] Bump docker/setup-buildx-action from 3.12.0 to 4.0.0 (#2987)
XRPLF/clio,ef0c3847fd57,2026-03-09 09:24:41,dependabot[bot],maintenance,False,ci: [DEPENDABOT] Bump docker/login-action from 3.7.0 to 4.0.0 (#2988)
XRPLF/clio,45cc3aa57b98,2026-03-09 09:25:33,dependabot[bot],maintenance,False,ci: [DEPENDABOT] Bump crazy-max/ghaction-import-gpg from 6.3.0 to 7.0.0 (#2989)
XRPLF/clio,1defdd731221,2026-03-09 09:26:00,dependabot[bot],maintenance,False,ci: [DEPENDABOT] Bump tj-actions/changed-files from 47.0.1 to 47.0.5 (#2990)
XRPLF/clio,b3c70a2f3549,2026-03-09 09:26:42,dependabot[bot],maintenance,False,ci: [DEPENDABOT] Bump docker/metadata-action from 5.10.0 to 6.0.0 in /.github/actions/build-docker-image (#2992)
XRPLF/clio,675046f9f2ca,2026-03-09 09:26:59,dependabot[bot],maintenance,False,ci: [DEPENDABOT] Bump docker/login-action from 3.7.0 to 4.0.0 in /.github/actions/build-docker-image (#2993)
XRPLF/clio,7f34bebad199,2026-03-09 09:27:18,dependabot[bot],maintenance,False,ci: [DEPENDABOT] Bump docker/build-push-action from 6.18.0 to 7.0.0 in /.github/actions/build-docker-image (#2994)
XRPLF/clio,88e8118cce7c,2026-03-09 09:27:56,dependabot[bot],maintenance,False,ci: [DEPENDABOT] Bump docker/setup-buildx-action from 3.12.0 to 4.0.0 in /.github/actions/build-docker-image (#2995)
XRPLF/clio,9385b77483ff,2026-03-09 11:34:17,mathbunnyru,maintenance,False,chore: Remove cmake-format mentions (#2986)
XRPLF/clio,f82196d9a2c8,2026-03-09 13:02:12,dependabot[bot],maintenance,False,ci: [DEPENDABOT] Bump docker/setup-qemu-action from 3.7.0 to 4.0.0 in /.github/actions/build-docker-image (#2991)
XRPLF/rippled,9e0d350fca68,2026-03-09 14:27:03,dependabot[bot],maintenance,False,ci: [DEPENDABOT] bump tj-actions/changed-files from 47.0.4 to 47.0.5 (#6501)
XRPLF/clio,80743406ba39,2026-03-09 15:21:16,mathbunnyru,maintenance,False,chore: Use check-pr-title from XRPLF/actions (#2984)
XRPLF/rippled,6b301efc8c0e,2026-03-09 15:25:52,godexsoft,maintenance,False,chore: Enable clang-tidy `bugprone-unused-local-non-trivial-variable` check (#6458)
XRPLF/rippled,1ee0567b140b,2026-03-09 15:48:38,godexsoft,maintenance,False,chore: Enable clang-tidy `bugprone-suspicious-missing-comma` check (#6468)
XRPLF/clio,53d9617b2695,2026-03-09 16:28:09,mathbunnyru,maintenance,False,chore: Update XRPLF/actions (#2996)
XRPLF/rippled,e2290b1a0af2,2026-03-09 16:33:20,kuznetsss,feature,False,feat: Add mutex wrapper from clio (#6447)
XRPLF/rippled,7e2b13713148,2026-03-09 16:53:52,mathbunnyru,maintenance,False,chore: Use check-pr-title from XRPLF/actions (#6506)
XRPLF/clio,fbdd6d6105a3,2026-03-09 17:11:20,kuznetsss,feature,False,feat: Limit cache loading in cluster (#2985)
XRPLF/rippled,0335076359db,2026-03-09 17:16:04,godexsoft,maintenance,False,chore: Fix additional clang-tidy issues for `unused-local-non-trivial-variable` check (#6509)
XRPLF/clio,2b8a7b95e478,2026-03-09 17:17:09,mathbunnyru,maintenance,False,chore: Remove explicit accountNotFound message (#2978)
XRPLF/rippled,e284969ae4f2,2026-03-09 18:36:56,godexsoft,maintenance,False,chore: Enable clang-tidy `bugprone-pointer-arithmetic-on-polymorphic-object` check (#6469)
XRPLF/rippled,45b8c4d732d9,2026-03-09 21:47:22,mathbunnyru,maintenance,False,chore: Update XRPLF/actions (#6508)
XRPLF/rippled,320a65f77ccb,2026-03-10 08:34:27,godexsoft,maintenance,False,chore: Enable clang-tidy `bugprone-suspicious-stringview-data-usage` check (#6467)
XRPLF/rippled,92983d8040b1,2026-03-10 08:56:44,godexsoft,maintenance,False,chore: Enable clang-tidy bugprone-too-small-loop-variable check (#6473)
XRPLF/rippled,1a7d67c4db97,2026-03-10 09:29:08,godexsoft,maintenance,False,chore: Enable clang-tidy `bugprone-reserved-identifier` check (#6456)
XRPLF/clio,4f0a9831955b,2026-03-10 10:11:29,github-actions[bot],maintenance,False,style: clang-tidy auto fixes (#2999)
XRPLF/rippled,a896ed39879d,2026-03-10 14:56:24,godexsoft,maintenance,False,chore: Enable clang-tidy `bugprone-optional-value-conversion` check (#6470)
XRPLF/rippled,c38aabdaee43,2026-03-10 17:42:49,godexsoft,maintenance,False,chore: Enable clang-tidy `bugprone-unhandled-self-assignment` check (#6504)
XRPLF/rippled,8345cd77df4c,2026-03-10 19:48:56,godexsoft,maintenance,False,chore: Enable clang-tidy `bugprone-unused-raii` check (#6505)
XRPLF/rippled,f27d8f389063,2026-03-10 20:12:15,godexsoft,maintenance,False,chore: Enable clang-tidy `bugprone-inc-dec-in-conditions` check (#6455)
XRPLF/rippled,eb7c8c6c7a6d,2026-03-10 23:38:43,legleux,maintenance,False,chore: Use CMake components for install (#6485)
XRPLF/rippled,24a5cbaa93ba,2026-03-10 23:59:43,legleux,maintenance,False,chore: Build voidstar on amd64 only (#6481)
XRPLF/rippled,3baf5454f2d7,2026-03-11 10:48:40,bthomee,maintenance,False,ci: Only upload artifacts in the XRPLF/rippled repository (#6523)
XRPLF/rippled,01c977bbfe4a,2026-03-11 12:43:58,bthomee,maintenance,False,ci: Fix rules used to determine when to upload Conan recipes (#6524)
XRPLF/rippled,bee2d112c6cc,2026-03-11 13:18:18,mathbunnyru,maintenance,False,ci: Fix how clang-tidy is run when .clang-tidy is changed (#6521)
XRPLF/rippled,7b3724b7a355,2026-03-11 14:04:26,godexsoft,fix,False,fix: Add missed clang-tidy `bugprone-inc-dec-conditions` check (#6526)
XRPLF/rippled,c791cae1ec62,2026-03-11 18:06:12,kuznetsss,maintenance,False,test: Fix flaky subscribe tests (#6510)
XRPLF/rippled,ce9ccf844a23,2026-03-11 19:36:03,mvadari,fix,False,"fix: Remove unneeded import, fix log (#6532)"
XRPLF/rippled,46d5c67a8d23,2026-03-11 21:27:35,yinyiqian1,fix,False,fix: Mark SAV and Lending transactions as `NotDelegable` (#6489)
XRPLF/rippled,e460ea084029,2026-03-12 05:39:40,mathbunnyru,maintenance,False,ci: Move Type of Change from PR template to CONTRIBUTING (#6522)
XRPLF/rippled,91a23cf80bd8,2026-03-12 15:15:30,tsinglua,maintenance,False,chore: Fix minor issues in the comments (#6535)
XRPLF/rippled,ce31a7ed1682,2026-03-12 15:38:00,a1q123456,maintenance,False,chore: Replace levelization shell script by python script (#6325)
XRPLF/rippled,2b14ee3018cc,2026-03-12 17:19:29,Tapanito,maintenance,False,refactor: Split combined transactor files into individual classes (#6495)
XRPLF/xrpl.js,f465d89dfa5e,2026-03-12 19:56:38,pdp2121,fix,False,fix: add new fields to `server_definitions` (#3227)
XRPLF/rippled,7dd3e0b3ccc4,2026-03-12 21:03:35,mvadari,maintenance,False,refactor: remove dead code in `CreateOffer` (#6541)
XRPLF/rippled,1ba1bf9adeaf,2026-03-12 21:24:38,mvadari,maintenance,False,chore: Fix typo in freezeHandling parameter name (#6543)
XRPLF/rippled,c1d108e565e4,2026-03-12 21:50:35,Tapanito,docs,False,docs: Improve documentation for InvariantCheck (#6518)
XRPLF/rippled,7a3bf1692dbe,2026-03-13 13:53:44,mvadari,maintenance,False,refactor: Simplify set/get field call to use existing variable (#6534)
XRPLF/rippled,0446bef7e5ee,2026-03-13 17:41:50,Bronek,feature,False,feat: Enforce feature name lengths and character set (#5555)
XRPLF/rippled,1bf9e6e7da87,2026-03-13 18:12:25,mvadari,fix,False,fix: Remove a newline from logging statement in `changeSpotPrice` calculation (#6547)
XRPLF/clio,1140b9e3a57c,2026-03-16 06:14:18,dependabot[bot],maintenance,False,ci: [DEPENDABOT] Bump actions/download-artifact from 8.0.0 to 8.0.1 (#3001)
XRPLF/rippled,1738a69619f9,2026-03-16 10:55:12,pratikmankawde,maintenance,False,refactor: Delete `SecretKey` compare op from library and move it to tests module (#6503)
XRPLF/XRPL-Standards,c332c203418b,2026-03-16 12:08:52,dependabot[bot],maintenance,False,ci(deps): bump actions/create-github-app-token from 2 to 3 (#499)
XRPLF/rippled,918185e18f44,2026-03-16 13:55:22,godexsoft,maintenance,False,chore: Enable clang-tidy `bugprone-unused-return-value` check (#6475)
XRPLF/clio,2316cced64bf,2026-03-16 14:09:26,kuznetsss,feature,False,feat: Recover from fallback writer state (#3000)
XRPLF/rippled,b585dc78bb17,2026-03-16 14:12:48,pratikmankawde,fix,False,fix: Fix memory leaks in HTTPClient (#6370)
XRPLF/rippled,983816248a9a,2026-03-16 15:34:15,pratikmankawde,fix,False,fix: Switch to boost::coroutine2 (#6372)
XRPLF/xrpl.js,e7d687d0d6fb,2026-03-16 16:13:33,dependabot[bot],maintenance,False,build(deps-dev): bump jest and @types/jest (#3142)
XRPLF/rippled,e4dbaf5efc8e,2026-03-16 16:28:49,mvadari,maintenance,False,test: Remove testline JTX helper class (#6539)
XRPLF/rippled,1a4c35935185,2026-03-16 18:14:59,mvadari,maintenance,False,refactor: use `hasExpired` in `CancelCheck` (#6533)
XRPLF/rippled,f5e2415c98ca,2026-03-16 20:18:15,godexsoft,maintenance,False,chore: Enable clang-tidy check for CRTP constructor accessibility (#6452)
XRPLF/rippled,47a235b7be9b,2026-03-16 21:19:37,godexsoft,maintenance,False,chore: Enable clang-tidy `switch-missing-default-case` check (#6461)
XRPLF/xrpl.js,54f55faef662,2026-03-16 21:45:24,dependabot[bot],maintenance,False,build(deps): bump @scure/bip32 from 1.7.0 to 2.0.1 (#3108)
XRPLF/rippled,ffea3977f0b7,2026-03-16 21:51:31,bthomee,maintenance,False,refactor: Rename system name from 'ripple' to 'xrpld' (#6347)
XRPLF/rippled,7e7b71d84cd8,2026-03-16 23:47:40,godexsoft,maintenance,False,chore: Fix tests for clang-tidy `bugprone-unchecked-optional-access` check (#6502)
XRPLF/rippled,eff344faf92e,2026-03-17 11:22:49,pratikmankawde,maintenance,False,chore: Move sanitizer runtime options out to files (#6371)
XRPLF/clio,6ecca9e19c3c,2026-03-17 11:43:07,github-actions[bot],maintenance,False,style: clang-tidy auto fixes (#3004)
XRPLF/rippled,5ae97fa8ae95,2026-03-17 13:10:32,pratikmankawde,maintenance,False,refactor: Add no-ASAN macro for Throw statements (#6373)
XRPLF/rippled,252c6768dfd8,2026-03-17 14:12:16,mvadari,maintenance,False,"refactor: Clean up `getFeePayer`, `mSourceBalance`, and `mPriorBalance` (#6478)"
XRPLF/rippled,78b2d70a1198,2026-03-17 14:44:07,mvadari,maintenance,False,refactor: Assorted small DID fixes (#6552)
XRPLF/XRPL-Standards,6203050138f1,2026-03-17 17:42:38,mvadari,unlabelled,False,handle concurrence in bot (#467)
XRPLF/rippled,0a9513e7f38b,2026-03-17 17:50:44,a1q123456,maintenance,False,ci: Fix build errors on Windows (#6562)
XRPLF/XRPL-Standards,bf438f13dc0a,2026-03-17 17:51:33,mvadari,unlabelled,False,only assign XLS numbers after a maintainer's approval (#483)
XRPLF/rippled,a5185890ff60,2026-03-17 18:13:08,mvadari,maintenance,False,refactor: Remove dead code in escrow helper logic (#6553)
XRPLF/rippled,b52377048657,2026-03-17 18:46:46,legleux,fix,False,fix: Remove nonexistent `boost::coroutine2` library (#6561)
XRPLF/rippled,72f4cb097f62,2026-03-17 19:09:05,godexsoft,maintenance,False,refactor: Enable remaining clang-tidy `cppcoreguidelines` checks (#6538)
XRPLF/rippled,013c2d6a5637,2026-03-17 19:33:18,tequdev,maintenance,False,refactor: Add const qualifier to SLE in `verifyDepositPreauth` parameter (#6555)
XRPLF/rippled,b129b71c33ab,2026-03-17 19:56:51,tequdev,maintenance,False,refactor: Use ReadView instead of ApplyView in `authorizedDepositPreauth()` (#6560)
XRPLF/rippled,5fc4ab3e3735,2026-03-17 20:03:48,bthomee,maintenance,False,ci: Let required runs be triggered by merge group events (#6563)
XRPLF/rippled,95a45d744225,2026-03-17 20:11:36,mvadari,maintenance,False,chore: Add comment explaining why `ammLPHolds` is called twice (#6546)
XRPLF/rippled,9e14707e7717,2026-03-17 22:03:56,Copilot,fix,False,fix: Peer crawler port field type inconsistency (#6318)
XRPLF/rippled,808e81448970,2026-03-17 23:26:01,bthomee,maintenance,False,ci: Update check-pr-title action hash (#6572)
XRPLF/rippled,2a325e7e2c13,2026-03-18 00:12:06,godexsoft,maintenance,False,chore: Enable clang-tidy `bugprone-use-after-move` check (#6476)
XRPLF/rippled,6fbeb04d9e23,2026-03-18 13:39:31,yinyiqian1,fix,False,fix: Disallow empty permission list when Delegate object is absent (#6542)
XRPLF/rippled,dcaef828b44b,2026-03-18 14:15:10,mvadari,maintenance,False,refactor: Replace !=/== tesSuccess with using isTesSuccess (#6409)
XRPLF/rippled,b92a9a305343,2026-03-18 14:47:59,mvadari,fix,False,fix: Make assorted NFT fixes (#6566)
XRPLF/rippled,57e4cbbcd977,2026-03-18 16:41:49,godexsoft,maintenance,False,refactor: Add simple clang-tidy readability checks (#6556)
XRPLF/rippled,697fb64e8c83,2026-03-18 17:46:27,mathbunnyru,maintenance,False,ci: Don't check PR title for drafts (#6573)
XRPLF/rippled,804a351773c1,2026-03-18 18:31:42,mathbunnyru,maintenance,False,ci: Use external action implementation of check-pr-title (#6578)
XRPLF/rippled,d360e7c5b6aa,2026-03-18 19:52:07,mvadari,maintenance,False,refactor: Rename transactor files/classes to match the tx name (#6580)
XRPLF/rippled,b1e5ba0518ac,2026-03-18 21:11:51,a1q123456,feature,False,feat: Add code generator for transactions and ledger entries (#6443)
XRPLF/rippled,12954d539229,2026-03-18 22:41:09,godexsoft,fix,False,fix: Address remaining issue after clang-tidy merge (#6582)
XRPLF/rippled,6efd31229aad,2026-03-19 10:23:51,legleux,fix,False,fix: Use correct format and event for workflows for release tags (#6554)
XRPLF/clio,d3381a1dabe7,2026-03-19 15:34:53,kuznetsss,fix,False,fix: Resolve proxy ip before processing any request (#3006)
XRPLF/rippled,9316da784a62,2026-03-19 17:29:22,mathbunnyru,maintenance,False,ci: Update XRPLF/actions (#6594)
XRPLF/rippled,fd28656ded6d,2026-03-19 17:38:09,bthomee,maintenance,False,ci: Check for signed commits in PR (#6559)
XRPLF/XRPL-Standards,b31732c1ee3f,2026-03-19 20:54:21,shawnxie999,unlabelled,False,Rename privacy field and flags (#501)
XRPLF/rippled,762922a07f0a,2026-03-19 21:20:56,mathbunnyru,maintenance,False,chore: Don't allow files more than 400kb to be added to the repo (#6597)
XRPLF/rippled,cf2eb149eed4,2026-03-19 22:48:20,mathbunnyru,fix,False,fix: Update `.git-blame-ignore-revs` (#6577)
XRPLF/rippled,be1cc48d8414,2026-03-22 18:08:18,mvadari,fix,False,fix: Assorted Oracle fixes (#6570)
XRPLF/clio,9231a545a256,2026-03-23 13:58:55,dependabot[bot],maintenance,False,ci: [DEPENDABOT] Bump codecov/codecov-action from 5.5.2 to 5.5.3 (#3008)
XRPLF/clio,4c3b5327b767,2026-03-23 13:59:13,dependabot[bot],maintenance,False,ci: [DEPENDABOT] Bump actions/cache from 5.0.3 to 5.0.4 (#3009)
XRPLF/rippled,c463d0ff06d1,2026-03-23 14:04:22,dependabot[bot],maintenance,False,ci: [DEPENDABOT] bump codecov/codecov-action from 5.5.2 to 5.5.3 (#6615)
XRPLF/XRPL-Standards,73b42206451b,2026-03-23 15:27:48,dependabot[bot],maintenance,False,ci(deps): bump actions/github-script from 7 to 8 (#503)
XRPLF/rippled,e0dbe9037086,2026-03-23 15:39:58,mvadari,maintenance,False,refactor: Move ledger entry helper functions from View.h/View.cpp to dedicated helper files (#6453)
XRPLF/rippled,dcfcdab14e79,2026-03-23 18:29:34,oleks-rip,fix,False,fix: Remove superfluous view update from credentials (#6545)
XRPLF/rippled,8b986e4ab0bc,2026-03-24 10:20:32,mvadari,maintenance,False,refactor: Improve imports to only call the needed helpers (#6624)
XRPLF/clio,21066d16e9fe,2026-03-24 15:25:32,godexsoft,maintenance,False,chore: Remove copyright from all source files (#2975)
XRPLF/clio,4e85398aed42,2026-03-24 15:33:12,godexsoft,maintenance,False,chore: Remove more copyrights from code (#3012)
XRPLF/clio,7238cc879913,2026-03-24 15:34:02,godexsoft,fix,False,fix: Allow deleted libXRPL amendments to still be queried via `feature` (#3011)
XRPLF/clio,4b37493bc05a,2026-03-24 15:34:44,godexsoft,fix,False,fix: Forwarded stream ignores specified `api_version` (#3010)
XRPLF/XRPL-Standards,767586150bc0,2026-03-24 15:37:08,shawnxie999,unlabelled,False,Change BlindingFactor type and some edge cases (#502)
XRPLF/rippled,0eedefbf455c,2026-03-24 15:42:12,godexsoft,maintenance,False,refactor: Enable more clang-tidy readability checks (#6595)
XRPLF/rippled,f7bb4018fa4b,2026-03-24 18:53:49,mvadari,fix,False,fix: Assorted Vault fixes (#6607)
XRPLF/rippled,85a4015a64b1,2026-03-24 18:53:57,mvadari,fix,False,fix: Assorted Permissioned Domain fixes (#6587)
XRPLF/rippled,dda162087ff7,2026-03-24 21:18:03,godexsoft,docs,False,docs: Add note about `clang-tidy` installation (#6634)
XRPLF/rippled,4096623ae163,2026-03-24 23:00:41,a1q123456,maintenance,False,chore: Remove the forward declarations that cause build errors when unity build is enabled (#6633)
XRPLF/xrpl.js,fe4f3abe0aeb,2026-03-24 23:06:05,Patel-Raj11,unlabelled,False,update trivy-action version (#3233)
XRPLF/rippled,589c9c694ce2,2026-03-24 23:18:41,mathbunnyru,maintenance,False,chore: Update external dependencies due to upstream merge (#6630)
XRPLF/clio,0beaff15cd6b,2026-03-25 10:27:59,github-actions[bot],maintenance,False,style: clang-tidy auto fixes (#3015)
XRPLF/rippled,0510ee47d7b2,2026-03-25 10:44:14,mathbunnyru,maintenance,False,chore: Update some external dependencies (#6642)
XRPLF/rippled,0dc0c8e912fb,2026-03-25 14:24:10,bthomee,docs,False,docs: Update LICENSE.md year to present (#6636)
XRPLF/rippled,dfed0481f74a,2026-03-25 14:25:33,mathbunnyru,docs,False,docs: Rewrite conan docs for custom recipes (#6647)
XRPLF/rippled,403fd7c649b8,2026-03-25 14:28:28,godexsoft,fix,False,fix: More clang-tidy issues found after merging to develop (#6640)
XRPLF/rippled,2c7af360c2d3,2026-03-25 16:02:14,mvadari,fix,False,fix: Remove unused/unreachable `transactor` code (#6612)
XRPLF/rippled,cd78569d944a,2026-03-25 16:06:31,mathbunnyru,maintenance,False,chore: Use unpatched version of soci (#6649)
XRPLF/rippled,8f182e825a24,2026-03-25 16:32:45,a1q123456,maintenance,False,refactor: Modularise ledger (#6536)
XRPLF/rippled,85b65c8e9a8e,2026-03-25 18:22:50,mathbunnyru,maintenance,False,"chore: Update sqlite3->3.51.0, protobuf->6.33.5, openssl->3.6.1, grpc->1.78.1 (#6653)"
XRPLF/xrpl.js,cf9dd82d699a,2026-03-25 18:49:37,dependabot[bot],maintenance,False,build(deps): bump @noble/curves from 1.8.1 to 2.0.1 (#3096)
XRPLF/rippled,b9d07730f35d,2026-03-25 23:54:33,Tapanito,feature,False,feat: Add placeholder amendment for assorted bug fixes (#6652)
XRPLF/rippled,15fd9feae55b,2026-03-25 23:54:49,a1q123456,maintenance,False,chore: Show warning message if user may need to connect to VPN (#6619)
XRPLF/rippled,a9269fa84638,2026-03-25 23:55:50,mvadari,maintenance,False,chore: Add more AI tools to .gitignore (#6658)
XRPLF/rippled,2c765f6eb090,2026-03-26 00:18:17,mathbunnyru,maintenance,False,ci: Add conflicting-pr workflow (#6656)
XRPLF/rippled,e8bdbf975a10,2026-03-26 12:37:37,mathbunnyru,maintenance,False,ci: Upload artifacts only in public repositories (#6670)
XRPLF/rippled,76e3b4fb0f89,2026-03-26 12:40:26,Tapanito,fix,False,fix: Improve loan invariant message (#6668)
XRPLF/rippled,faf69da4b0ae,2026-03-26 14:10:51,vlntb,maintenance,False,chore: Shorten job names to stay within Linux 15-char thread limit (#6669)
XRPLF/rippled,addc1e8e2502,2026-03-26 14:11:16,a1q123456,maintenance,False,refactor: Make function naming in ServiceRegistry consistent (#6390)
XRPLF/rippled,509677abfd45,2026-03-26 14:11:37,mathbunnyru,maintenance,False,ci: Don't publish docs on release branches (#6673)
XRPLF/xrpl.js,1a1c51634433,2026-03-26 14:27:02,dependabot[bot],maintenance,False,build(deps): bump picomatch (#3234)
XRPLF/xrpl.js,59518c8a7eda,2026-03-26 14:39:30,dependabot[bot],maintenance,False,build(deps-dev): bump flatted from 3.3.3 to 3.4.2 (#3228)
XRPLF/xrpl.js,1af0e0d8c306,2026-03-26 16:28:18,dependabot[bot],maintenance,False,build(deps): bump @noble/hashes from 1.8.0 to 2.0.1 (#3151)
XRPLF/clio,fb8d648a08f4,2026-03-27 16:02:19,mathbunnyru,maintenance,False,test: Don't hardcode apiVersion where possible (#3017)
XRPLF/rippled,9b944ee8c2d3,2026-03-27 18:35:42,Tapanito,maintenance,False,refactor: Split LoanInvariant into LoanBrokerInvariant and LoanInvariant (#6674)
XRPLF/rippled,3d9c545f599f,2026-03-27 18:52:18,pratikmankawde,fix,False,fix: Guard Coro::resume() against completed coroutines (#6608)
XRPLF/clio,727665b4b9d0,2026-03-30 07:49:22,dependabot[bot],maintenance,False,ci: [DEPENDABOT] Bump actions/configure-pages from 5.0.0 to 6.0.0 (#3019)
XRPLF/clio,1b822c37dcb1,2026-03-30 07:50:10,dependabot[bot],maintenance,False,ci: [DEPENDABOT] Bump actions/deploy-pages from 4.0.5 to 5.0.0 (#3020)
XRPLF/clio,22a9003aa378,2026-03-30 07:51:00,dependabot[bot],maintenance,False,ci: [DEPENDABOT] Bump codecov/codecov-action from 5.5.3 to 6.0.0 (#3018)
XRPLF/rippled,e0cabb9f8cdd,2026-03-30 13:57:32,dependabot[bot],maintenance,False,ci: [DEPENDABOT] bump codecov/codecov-action from 5.5.3 to 6.0.0 (#6685)
XRPLF/rippled,de671863e2ba,2026-03-30 14:09:57,dependabot[bot],maintenance,False,ci: [DEPENDABOT] bump actions/deploy-pages from 4.0.5 to 5.0.0 (#6684)
XRPLF/rippled,96bfc32fe25c,2026-03-30 14:59:53,godexsoft,maintenance,False,chore: Fix clang-tidy header filter (#6686)
XRPLF/rippled,3a477e4d0189,2026-03-30 15:22:38,a1q123456,maintenance,False,refactor: Address PR comments after the modularisation PRs (#6389)
XRPLF/rippled,ab8c168e3b1e,2026-03-30 17:08:47,godexsoft,maintenance,False,chore: Enable remaining clang-tidy `performance` checks (#6648)
XRPLF/rippled,5c8dfe54567b,2026-03-30 17:15:40,mathbunnyru,maintenance,False,ci: Only publish docs in public repos (#6687)
XRPLF/xrpl.js,e0fd402e2c33,2026-03-30 20:19:18,mpint,fix,False,fix(types): Add missing fields to request and response types (#3217)
XRPLF/rippled,bb95a7d6cd79,2026-03-31 15:06:04,pratikmankawde,fix,False,fix: Fix Workers::stop() race between m_allPaused and m_runningTaskCount (#6574)
XRPLF/rippled,7f53351920d4,2026-03-31 15:38:04,bthomee,maintenance,False,chore: Remove unnecessary clang-format off/on directives (#6682)
XRPLF/rippled,c3fae847f34e,2026-03-31 17:14:41,mathbunnyru,maintenance,False,ci: Use pull_request_target to check for signed commits (#6697)
XRPLF/rippled,2502befb424d,2026-03-31 17:29:45,godexsoft,maintenance,False,chore: Enable clang-tidy misc checks (#6655)
XRPLF/rippled,a9afd2c11655,2026-03-31 19:56:30,mvadari,fix,False,fix: Fix previous ledger size typo in RCLConsensus (#6696)
XRPLF/clio,a6f4bd8849fc,2026-04-01 09:05:14,github-actions[bot],maintenance,False,style: Update pre-commit hooks (#3022)
XRPLF/rippled,b6aa4a8fde15,2026-04-01 10:33:02,mathbunnyru,maintenance,False,chore: Use nudb recipe from the upstream (#6701)
XRPLF/XRPL-Standards,60bdcb28146c,2026-04-01 12:26:38,mathbunnyru,unlabelled,False,Implement vault_list RPC for SAV (#506)
XRPLF/rippled,bee1056faa11,2026-04-01 13:35:13,Tapanito,fix,False,fix: Enforce aggregate MaximumAmount in multi-send MPT (#6644)
XRPLF/rippled,ae21f53e4d7a,2026-04-01 13:37:35,mathbunnyru,maintenance,False,ci: Allow uploading artifacts for XRPLF org (#6702)
XRPLF/xrpl.js,a07a28b4d00d,2026-04-01 15:29:03,ckeshava,other,False,minor: remove references to deno in the repository README (#3240)
XRPLF/rippled,29e49abd3c26,2026-04-01 15:46:14,godexsoft,maintenance,False,chore: Enable clang-tidy `coreguidelines` checks (#6698)
XRPLF/rippled,6e2452207d59,2026-04-01 16:56:45,vlntb,fix,False,fix: Remove fatal assertion on Linux thread name truncation  (#6690)
XRPLF/rippled,02fa55df8d13,2026-04-01 19:31:45,Tapanito,fix,False,fix: Check trustline limits for share-denominated vault withdrawals (#6645)
XRPLF/xrpl.js,29108b373e79,2026-04-02 15:11:04,dependabot[bot],maintenance,False,build(deps): bump tar and lerna (#3226)
XRPLF/XRPL-Standards,24abfef73f82,2026-04-02 17:42:16,mathbunnyru,unlabelled,False,Implement pre-commit workflow (#509)
XRPLF/XRPL-Standards,86f5c4bbd9c5,2026-04-02 17:44:39,dependabot[bot],maintenance,False,ci(deps): bump actions/deploy-pages from 4 to 5 (#507)
XRPLF/XRPL-Standards,a926cfd58656,2026-04-02 17:45:45,dependabot[bot],maintenance,False,ci(deps): bump actions/configure-pages from 5 to 6 (#508)
XRPLF/rippled,6d9ed125f347,2026-04-02 20:48:00,yinyiqian1,fix,False,fix: Decouple reserve from fee in delegate payment (#6568)
XRPLF/rippled,3414a1776b2a,2026-04-02 20:48:35,yinyiqian1,docs,False,docs: Add explanatory comment to checkFee (#6631)
XRPLF/rippled,6b55c4cdc801,2026-04-02 21:34:20,mathbunnyru,maintenance,False,chore: Update XRPLF/actions (#6713)
XRPLF/rippled,81555d54569b,2026-04-02 23:46:17,mvadari,maintenance,False,refactor: Reorganize RPC handler files (#6628)
XRPLF/rippled,8e05416211f3,2026-04-03 15:16:50,mvadari,fix,False,fix: Change variable signedness and correctly handle `std::optional` (#6657)
XRPLF/rippled,c0ee81366674,2026-04-03 17:41:45,Tapanito,fix,False,fix: Add assorted Lending Protocol fixes (#6678)
XRPLF/clio,ecfaae3efd83,2026-04-06 10:29:10,dependabot[bot],maintenance,False,ci: [DEPENDABOT] Bump docker/login-action from 4.0.0 to 4.1.0 in /.github/actions/build-docker-image (#3025)
XRPLF/clio,9cbec5ef45e1,2026-04-06 10:29:16,dependabot[bot],maintenance,False,ci: [DEPENDABOT] Bump docker/login-action from 4.0.0 to 4.1.0 (#3024)
XRPLF/rippled,7d524a03b83a,2026-04-06 15:13:03,Tapanito,fix,False,fix: Clamp VaultClawback to assetsAvailable for zero-amount clawback (#6646)
XRPLF/xrpl.js,6282a00564c2,2026-04-06 17:23:12,kuan121,unlabelled,False,Prevent 'connected' event listener accumulation on reconnect by using .once() instead of .on() (#3211)
XRPLF/rippled,077e03ff333d,2026-04-06 17:51:46,Kassaking7,fix,False,fix: Prevent deletion of MPTokens with active escrow (#6635)
XRPLF/rippled,00761dbb674e,2026-04-06 22:15:16,mvadari,fix,False,fix: Minor RPC fixes (#6730)
XRPLF/rippled,f239256d870a,2026-04-06 22:36:32,mvadari,maintenance,False,refactor: Move more helper files into `libxrpl/ledger/helpers` (#6731)
XRPLF/rippled,c00ed673a81c,2026-04-07 13:00:17,bthomee,maintenance,False,refactor: Rename non-functional uses of `ripple(d)` to `xrpl(d)` (#6676)
XRPLF/rippled,b0fe2ec58a8b,2026-04-07 14:32:13,mathbunnyru,maintenance,False,ci: Change conditions for uploading artifacts in public/private/org repos (#6734)
XRPLF/rippled,6d1a5be8d28e,2026-04-07 19:15:40,pratikmankawde,fix,False,fix: Handle WSClient write failure when server closes WebSocket (#6671)
XRPLF/xrpl.js,5cf0921b0fa4,2026-04-07 21:36:47,dependabot[bot],maintenance,False,build(deps): bump handlebars from 4.7.8 to 4.7.9 (#3235)
XRPLF/XRPL-Standards,17046306c8ca,2026-04-07 22:04:37,gregtatcam,unlabelled,False,Add XLS-0082-mpt-dex (#451)
XRPLF/rippled,dfcad69155c9,2026-04-08 16:17:37,gregtatcam,feature,False,feat: Add MPT support to DEX (#5285)
XRPLF/rippled,7793b5f10bb2,2026-04-08 17:38:33,mvadari,maintenance,False,refactor: Combine `AMMHelpers` and `AMMUtils` (#6733)
XRPLF/rippled,d52dd29d20f8,2026-04-08 20:22:19,yinyiqian1,fix,False,fix: Address AI reviewer comments for Permission Delegation (#6675)
XRPLF/rippled,56c9d1d49739,2026-04-08 20:56:19,gregtatcam,fix,False,fix: Add description for `terLOCKED` error (#6811)
XRPLF/XRPL-Standards,f6e279ac3a42,2026-04-09 19:29:19,achowdhry-ripple,unlabelled,False,XLS-98: Vault Metadata Standard (#493)
XRPLF/rippled,a87325001948,2026-04-10 10:12:52,ximinez,maintenance,False,chore: Make pre-commit line ending conversions work on Windows (#6832) (#6833)
XRPLF/rippled,e2e537b3bb6e,2026-04-10 14:38:46,bthomee,fix,False,fix: Change `Tuning::bookOffers` minimum limit to 1 (#6812)
XRPLF/XRPL-Standards,3e65f05510fc,2026-04-10 21:39:50,mvadari,unlabelled,False,update xls-68 (#465)
XRPLF/XRPL-Standards,7081ccd97f34,2026-04-12 22:49:26,PeterChen13579,unlabelled,False,update spec to match with optimized proof (#515)
XRPLF/clio,a44c6064ddab,2026-04-13 12:40:55,dependabot[bot],maintenance,False,ci: [DEPENDABOT] Bump actions/upload-pages-artifact from 4.0.0 to 5.0.0 (#3032)
XRPLF/clio,7b897b5a8793,2026-04-13 12:41:51,dependabot[bot],maintenance,False,ci: [DEPENDABOT] Bump peter-evans/create-pull-request from 8.1.0 to 8.1.1 (#3033)
XRPLF/clio,6c96b1d059fb,2026-04-13 12:42:00,dependabot[bot],maintenance,False,ci: [DEPENDABOT] Bump docker/build-push-action from 7.0.0 to 7.1.0 in /.github/actions/build-docker-image (#3034)
XRPLF/clio,016c82e26eb8,2026-04-13 12:42:08,dependabot[bot],maintenance,False,ci: [DEPENDABOT] Bump actions/upload-artifact from 7.0.0 to 7.0.1 in /.github/actions/code-coverage (#3035)
XRPLF/clio,4eb929ab5411,2026-04-13 12:42:18,dependabot[bot],maintenance,False,ci: [DEPENDABOT] Bump actions/upload-artifact from 7.0.0 to 7.0.1 (#3031)
XRPLF/clio,dc78915e1371,2026-04-13 13:37:08,mathbunnyru,maintenance,False,chore: Update XRPLF/actions (#3023)
XRPLF/rippled,61fbde3a7130,2026-04-13 23:18:10,Kassaking7,maintenance,False,refactor: Remove unused notTooManyOffers function from NFTokenUtils (#6737)
XRPLF/rippled,2f029a2120e2,2026-04-14 17:14:24,bthomee,maintenance,False,refactor: Improve exception handling (#6540) (#6735)
XRPLF/rippled,6a0ce4675536,2026-04-14 20:24:21,godexsoft,maintenance,False,chore: Enable most clang-tidy bugprone checks (#6929)
XRPLF/rippled,d52d73554322,2026-04-15 18:50:49,kuznetsss,maintenance,False,chore: Move codegen venv setup into build stage (#6617)
XRPLF/rippled,4a73be499d69,2026-04-16 17:12:00,a1q123456,fix,False,fix: Fix unity build for book step (#6942)
XRPLF/rippled,f1a5ba43adcb,2026-04-17 13:30:52,godexsoft,maintenance,False,chore: Enable clang-tidy readability checks (#6930)
XRPLF/rippled,b2038163bc5e,2026-04-17 14:01:56,dependabot[bot],maintenance,False,ci: [DEPENDABOT] bump actions/upload-artifact from 7.0.0 to 7.0.1 (#6928)
XRPLF/rippled,ef2642f87306,2026-04-17 14:02:02,dependabot[bot],maintenance,False,ci: [DEPENDABOT] bump actions/upload-pages-artifact from 4.0.0 to 5.0.0 (#6927)
XRPLF/rippled,affe5835feb3,2026-04-17 14:19:58,gregtatcam,fix,False,fix: Change AMMClawback return code to tecNO_PERMISSION (#6946)
XRPLF/rippled,653a383ff5ba,2026-04-17 16:43:49,godexsoft,maintenance,False,chore: Enable clang-tidy include cleaner (#6947)
XRPLF/clio,9c4b63192501,2026-04-17 21:04:39,mvadari,maintenance,False,chore: Add more AI folders to .gitignore (#3038)
XRPLF/clio,6dae9fb0938d,2026-04-20 10:05:25,dependabot[bot],maintenance,False,ci: [DEPENDABOT] Bump tj-actions/changed-files from 47.0.5 to 47.0.6 (#3040)
XRPLF/clio,e091175be74b,2026-04-20 10:06:27,dependabot[bot],maintenance,False,ci: [DEPENDABOT] Bump actions/cache from 5.0.4 to 5.0.5 (#3039)
XRPLF/rippled,b33d0a0479c6,2026-04-20 11:20:42,dependabot[bot],maintenance,False,ci: [DEPENDABOT] Bump tj-actions/changed-files from 47.0.5 to 47.0.6 (#6973)
XRPLF/rippled,852fbe955d3e,2026-04-20 12:12:58,mathbunnyru,maintenance,False,ci: Add workflow to check PR description has been filled (#6965)
XRPLF/xrpl.js,0f391efcc046,2026-04-20 16:07:40,ckeshava,unlabelled,False,assortment of fixes in the xrpl packages (#3270)
XRPLF/rippled,e83818241a0e,2026-04-20 16:56:03,chuanshanjida,maintenance,False,chore: Remove repetitive word in multiple files (#6978)
XRPLF/rippled,96643bb0fa2d,2026-04-20 17:10:28,Kassaking7,fix,False,fix: Check for empty `sfAdditionalBooks` array in hybrid offer invariant (#6716)
XRPLF/rippled,726f20c8f611,2026-04-20 17:12:14,godexsoft,feature,False,feat: Add GRPC TLS support (#6374)
XRPLF/rippled,4b198cd5bbd4,2026-04-20 21:25:52,yinyiqian1,fix,False,fix: Disallow MPTClearRequireAuth if is set (#6712)
XRPLF/rippled,ea023121f5fc,2026-04-21 12:14:07,godexsoft,fix,False,fix: Add rounding to Vault invariants (#6217) (#6955)
XRPLF/rippled,ab887f5049eb,2026-04-21 14:22:33,mathbunnyru,maintenance,False,ci: Upload clang-tidy git diff (#6983)
XRPLF/rippled,ce3951bbb3a1,2026-04-21 15:32:51,godexsoft,maintenance,False,chore: Enable clang-tidy modernize checks (#6975)
XRPLF/xrpl.js,92fe5fd0e0d0,2026-04-21 17:14:07,tequdev,fix,False,fix: change MPTAmount field type from MPTAmount to string (#3232)
XRPLF/rippled,45d4aacb5368,2026-04-21 18:15:58,a1q123456,maintenance,False,chore: Remove empty Taker.h (#6984)
XRPLF/rippled,7c7c1894b917,2026-04-21 19:00:00,godexsoft,maintenance,False,chore: Add -fix to clang-tidy invocation (#6990)
XRPLF/xrpl.js,781f03af4d46,2026-04-21 20:42:59,ckeshava,unlabelled,False,breaking change: Update default choice of signing algorithm (#3273)
XRPLF/xrpl.js,de3fe6347373,2026-04-22 13:28:58,tequdev,feature,False,feat: add type narrowing for LedgerEntryRequest based on binary flag (#3231)
XRPLF/rippled,3429845c40e5,2026-04-22 14:26:02,mathbunnyru,maintenance,False,style: Add bashate pre-commit hook to unify bash style (#6994)
XRPLF/rippled,2e307329f01f,2026-04-22 14:41:19,Tapanito,maintenance,False,refactor: Add transaction-specific invariant checking (#6551)
XRPLF/clio,d7bcf6e726ba,2026-04-22 15:01:18,kuznetsss,fix,False,fix: Client IP resolving when proxy reusing TCP connection (#3043)
XRPLF/rippled,4ab20770f79e,2026-04-22 15:06:36,godexsoft,maintenance,False,chore: Optionally run clang-tidy via pre-commit (#6680)
XRPLF/rippled,1c6cdc653c5f,2026-04-22 17:42:15,mvadari,fix,False,fix: More clang-tidy issues (#6992)
XRPLF/rippled,bd1b126230dd,2026-04-22 20:10:52,pdp2121,feature,False,feat: Add `--definitions` flag and artifact (#6858)
XRPLF/rippled,b41cbb08c643,2026-04-22 22:20:14,godexsoft,maintenance,False,chore: Add pre-commit hook to fix include style (#6995)
XRPLF/rippled,7cd503859e67,2026-04-23 13:59:23,a1q123456,maintenance,False,refactor: Remove seq from TMGetObjectByHash (#6976)
XRPLF/rippled,19da25812bf0,2026-04-23 16:21:01,godexsoft,fix,False,fix: Remaining clang-tidy unchecked optionals (#6979)
XRPLF/XRPL-Standards,57d4993bceba,2026-04-23 16:41:54,PeterChen13579,unlabelled,False,Change proof naming (#518)
XRPLF/rippled,7a449edebbe3,2026-04-23 17:59:49,a1q123456,maintenance,False,refactor: Clean up NetworkOPs (#6575)
XRPLF/xrpl.js,0d5366495a85,2026-04-23 19:31:10,kuan121,maintenance,False,chore(deps): quarterly batch dependency upgrade 2026-Q2 (#3271)
XRPLF/rippled,248cb2968180,2026-04-24 12:06:26,mvadari,maintenance,False,refactor: Move `LendingHelpers` into `libxrpl/ledger/helpers` (#6638)
XRPLF/rippled,7cfa5d461072,2026-04-24 12:56:50,mvadari,fix,False,fix: Make assorted Payments fixes (#6585)
XRPLF/rippled,82abf2a84985,2026-04-24 13:15:12,mvadari,docs,False,docs: Update bug bounty information (#7006)
XRPLF/rippled,9ae29612ea1e,2026-04-24 13:23:43,mvadari,fix,False,fix: Fix flaky CI tests (#7005)
XRPLF/rippled,a6bd9251d269,2026-04-24 16:35:10,Kassaking7,docs,False,docs: Update hybrid offer invariant comment (#7007)
XRPLF/rippled,158df5394c4c,2026-04-24 16:47:16,pratikmankawde,fix,False,fix: Resolve MSVC Debug build failure in JobQueue.h; re-enable _CRTDBG_MAP_ALLOC in CI (#6993)
XRPLF/rippled,4dc923dcc579,2026-04-24 17:19:30,godexsoft,maintenance,False,chore: Enable clang-tidy modernize-use-nodiscard check (#7015)
XRPLF/clio,fe0bf736fb7f,2026-04-27 10:32:07,kuznetsss,maintenance,False,refactor: Use error code in `make_address()` calls (#3044)
XRPLF/clio,198773f86aaa,2026-04-27 12:02:05,github-actions[bot],maintenance,False,style: clang-tidy auto fixes (#3047)
XRPLF/XRPL-Standards,126bab168c71,2026-04-27 12:44:37,dependabot[bot],other,False,"deps(deps): update pyyaml requirement from <7.0,>=6.0 to >=6.0.3,<7.0 (#526)"
XRPLF/XRPL-Standards,67078a96b694,2026-04-27 12:47:50,dependabot[bot],other,False,"deps(deps): update beautifulsoup4 requirement from <5.0.0,>=4.12.0 to >=4.14.3,<5.0.0 (#530)"
XRPLF/XRPL-Standards,d225b5cd4530,2026-04-27 13:45:08,dependabot[bot],other,False,"deps(deps): update markdown-it-py requirement from <5.0.0,>=3.0.0 to >=4.0.0,<5.0.0 (#527)"
XRPLF/XRPL-Standards,a9c6d4df0cb8,2026-04-27 14:04:28,dependabot[bot],other,False,"deps(deps): update jinja2 requirement from <4.0.0,>=3.1.2 to >=3.1.6,<4.0.0 (#529)"
XRPLF/XRPL-Standards,8ebb3cff41b5,2026-04-27 14:16:27,dependabot[bot],other,False,"deps(deps): update markdown requirement from <4.0.0,>=3.4.4 to >=3.10.2,<4.0.0 (#528)"
XRPLF/clio,f1460de5d398,2026-04-27 14:30:53,kuznetsss,feature,False,feat: Optional log rotation (#3016)
XRPLF/rippled,354711254004,2026-04-27 20:34:16,pratikmankawde,fix,False,fix: Fix ubsan flagged issues (#6151)
XRPLF/rippled,147da573485e,2026-04-28 10:22:32,Tapanito,feature,False,feat: Add cleanup amendment for 3.2.0 (#7037)
XRPLF/rippled,46b997b774b2,2026-04-28 14:16:10,a1q123456,feature,False,feat: Create new transaction testing framework `TxTest` (#6537)
XRPLF/XRPL-Standards,d314a01896de,2026-04-28 15:44:27,mvadari,maintenance,False,ci: Add warning for people self-assigning XLS numbers (#513)
XRPLF/XRPL-Standards,463918c20789,2026-04-28 16:06:57,mvadari,other,False,site: Process LaTeX properly in website (#522)
XRPLF/XRPL-Standards,5ab9cdb765c0,2026-04-28 16:08:26,mvadari,maintenance,False,ci: Improve discussion management (#514)
XRPLF/XRPL-Standards,39bbb549f1d4,2026-04-28 16:10:45,mvadari,unlabelled,False,close discussions on merge (#482)
XRPLF/clio,80cdb3234ab2,2026-04-29 12:28:46,mathbunnyru,maintenance,False,ci: Upload clang-tidy git diff (#3050)
XRPLF/clio,f174b47f4909,2026-04-29 13:25:10,mathbunnyru,maintenance,False,ci: Build image with LLVM tools 21 (#3049)
XRPLF/clio,32aeda0ce759,2026-04-29 15:17:32,mathbunnyru,maintenance,False,chore: Fix clang-tidy 21 issues (#3052)
XRPLF/rippled,f7275b7ad98d,2026-04-29 15:17:35,godexsoft,maintenance,False,chore: Enable clang-tidy v21 new checks (#7031)
XRPLF/clio,c88ffa7c9231,2026-04-29 15:34:21,mathbunnyru,maintenance,False,chore: Use LLVM tools 21 (#3051)
XRPLF/clio,fe30c87e2c74,2026-04-29 17:28:45,mathbunnyru,maintenance,False,ci: Use print-env from XRLPF/actions (#3053)
XRPLF/rippled,7be98d95de02,2026-04-29 18:05:34,mvadari,fix,False,fix: Make assorted RPC fixes (#6529)
XRPLF/rippled,6ae090ba45d9,2026-04-29 18:14:16,mathbunnyru,maintenance,False,ci: Use print-env from XRPLF/actions (#7052)
XRPLF/rippled,dbd646bd5378,2026-04-29 18:17:01,Kassaking7,fix,False,fix: Store `Delegate` object in delegating and authorized account directories for proper deletion (#6681)
XRPLF/rippled,4d0ea8ae3677,2026-04-30 10:22:11,bthomee,maintenance,False,refactor: Apply various minor improvements and corrections (#7045)
XRPLF/rippled,6407f0fa52ca,2026-04-30 10:36:12,pratikmankawde,fix,False,fix: Address code review comments regarding `boost::coroutine2` (#6977)
XRPLF/rippled,31180f94c234,2026-04-30 13:05:09,Tapanito,fix,False,fix: Prevents overwriting a bool value in an invariant (#6609)
XRPLF/rippled,c6053f5d640a,2026-04-30 13:33:33,pratikmankawde,fix,False,fix: Gate -mcmodel flags to x86_64 in sanitizer builds (#7049)
XRPLF/rippled,37b895b678e3,2026-05-01 09:44:52,mathbunnyru,maintenance,False,ci: Rename print-env -> print-build-env (#7061)
XRPLF/rippled,182d844996ff,2026-05-01 09:50:00,bthomee,maintenance,False,refactor: Revert certain `Throw`s by `LogicError`s (#7036)
XRPLF/clio,d6bae6c12b1c,2026-05-01 10:07:32,mathbunnyru,maintenance,False,ci: Rename print-env -> print-build-env (#3056)
XRPLF/clio,51244feb4a68,2026-05-01 14:31:45,godexsoft,maintenance,False,chore: Enable more clang-tidy checks (#3054)
XRPLF/clio,9b20f1871e68,2026-05-01 14:32:13,mathbunnyru,maintenance,False,style: Update pre-commit hooks (#3057)
XRPLF/xrpl.js,013a83fd63eb,2026-05-01 17:47:19,ckeshava,fix,False,fix(xrpl): throw on server_info failure or missing network_id (#3321) (#3331)
XRPLF/xrpl.js,00eeece69fc2,2026-05-01 19:18:35,ckeshava,fix,False,fix(ripple-binary-codec): prevent Amount.toJSON() from mutating internal buffer (#3319) (#3330)
XRPLF/rippled,8995564ed6b9,2026-05-03 10:31:53,godexsoft,maintenance,False,refactor: Enable clang-tidy `readability-identifier-naming` check (#6571)
XRPLF/rippled,8490206228a6,2026-05-03 21:42:44,godexsoft,maintenance,False,chore: Ignore identifier-naming update in git blame (#7066)
XRPLF/rippled,d0500738426d,2026-05-04 12:51:07,mathbunnyru,maintenance,False,ci: Rewrite clang-tidy workflow(s) in a reusable manner (#7062)
XRPLF/clio,5fe7c4407b28,2026-05-05 13:21:36,mathbunnyru,maintenance,False,ci: Use XRPLF/create-issue (#3066)
XRPLF/rippled,e092c524098c,2026-05-05 13:49:13,mathbunnyru,maintenance,False,ci: Use XRPLF/create-issue (#7076)
XRPLF/clio,e96ef39857b6,2026-05-05 14:21:54,godexsoft,maintenance,False,chore: Fix clang-tidy issues after introducing new checks (#3061)
XRPLF/clio,f2158cd2d9a3,2026-05-05 14:51:25,mathbunnyru,maintenance,False,ci: Make clang-tidy work on individual files in PRs (#3067)
XRPLF/clio,a7090f5b191a,2026-05-05 15:30:49,mathbunnyru,maintenance,False,ci: Print tidy errors (#3068)
XRPLF/clio,e974e1899f41,2026-05-05 16:00:59,kuznetsss,fix,False,fix: Don't cache responses to admin's requests (#3058)
XRPLF/rippled,6e6fb9cdf3e8,2026-05-05 16:31:46,mathbunnyru,maintenance,False,ci: Run pre-commit on diff in clang-tidy workflow (#7078)
XRPLF/rippled,27f7fdb3a610,2026-05-05 16:32:43,mathbunnyru,maintenance,False,chore: Do not duplicate sanitizer flags (#7058)
XRPLF/rippled,5e1c35f7f7de,2026-05-05 17:18:26,mvadari,fix,False,fix: Fix regressions in `server_definitions` (#7008)
XRPLF/rippled,50244a86373a,2026-05-06 11:19:57,xVet,maintenance,False,chore: Update default values of base and owner reserve to 1/0.2 (#6382)
XRPLF/rippled,a4720d044902,2026-05-06 12:55:24,Tapanito,maintenance,False,chore: Mark empty transactor invariants as future work (#7080)
XRPLF/rippled,fcae50a487f8,2026-05-06 14:36:42,mathbunnyru,maintenance,False,chore: Update conan.lock (#7081)
XRPLF/rippled,13b72a4120bc,2026-05-06 17:05:11,mathbunnyru,maintenance,False,"chore: Update zlib to 1.3.2, sqlite to 3.53.0, libarchive to 3.8.7, jemalloc to 5.3.1, boost to 1.91.0 (#7084)"
XRPLF/rippled,8e2aa33f6488,2026-05-06 23:31:10,mathbunnyru,maintenance,False,chore: Add IWYU pragma for `boost::optional` to fix clang-tidy (#7088)
XRPLF/rippled,8c71ec803ddc,2026-05-07 10:34:47,bthomee,fix,False,fix: Restore clang-tidy change to section name in config (#7091)
XRPLF/rippled,d67e06102a1a,2026-05-07 10:36:36,Bronek,maintenance,False,chore: Upgrade Clang sanitizer to `clang-22` and switch `gcc-15` sanitizer to Release (#7079)
XRPLF/rippled,d6c4e6cb936b,2026-05-07 12:48:55,ximinez,fix,False,fix: Cap the base fee for LoanPay (#6969) (#6970)
XRPLF/rippled,af89854a4367,2026-05-07 12:57:50,oleks-rip,fix,False,fix: Stop tx processing if failed to delete expired credentials (#6715) (#6962)
XRPLF/rippled,7afdd71a54d5,2026-05-07 17:04:30,godexsoft,maintenance,False,chore: More fixes for bad renames (#7092)
XRPLF/rippled,4a9f72c73e93,2026-05-07 17:14:01,mathbunnyru,maintenance,False,style: Make .clang-tidy style a bit more consistent with Clio (#7096)
XRPLF/rippled,4f8142fd10ae,2026-05-07 19:02:09,Tapanito,fix,False,fix: Numerically-stable (1+r)^n-1 in computePaymentFactor (#7033)
XRPLF/xrpl.js,d739d47dfa57,2026-05-07 19:53:33,cybele-ripple,unlabelled,False,Redact private key material in errors (#3327)
XRPLF/rippled,779b49cd9311,2026-05-09 14:43:56,Kassaking7,fix,False,fix: Prevent stale AuthAccounts from persisting after `tfTwoAssetIfEmpty` re-initialization (#6996)
XRPLF/clio,a1112bf31874,2026-05-11 13:13:22,kuznetsss,maintenance,False,chore: Update libxrpl to 3.1.3 (#3070)
XRPLF/XRPL-Standards,4f0c4e743798,2026-05-11 13:29:55,dependabot[bot],other,False,"deps(deps): update markdown-it-py requirement from <5.0.0,>=4.0.0 to >=4.2.0,<5.0.0 (#537)"
XRPLF/rippled,cdee9a675c0e,2026-05-11 15:39:48,godexsoft,maintenance,False,refactor: Use more scoped enums (#7086)
XRPLF/rippled,a761b0d43ccf,2026-05-11 16:32:08,a1q123456,maintenance,False,chore: Upgrade mako version (#7108)
XRPLF/rippled,c4c95dbe7659,2026-05-12 12:26:02,mvadari,maintenance,False,refactor: Replace `featureInvariantsV1_1` with `fixCleanup3_2_0` (#7116)
XRPLF/clio,d056c72212d8,2026-05-12 12:49:39,kuznetsss,maintenance,False,test: Fix integration tests (#3072)
XRPLF/XRPL-Standards,71306c8051d2,2026-05-12 15:25:35,mvadari,unlabelled,False,74 updates (#476)
XRPLF/XRPL-Standards,d5f7a67e232c,2026-05-12 15:29:34,dependabot[bot],maintenance,False,ci(deps): bump actions/github-script from 8 to 9 (#516)
XRPLF/XRPL-Standards,615082310847,2026-05-12 15:39:26,dependabot[bot],maintenance,False,ci(deps): bump actions/upload-pages-artifact from 4 to 5 (#519)
XRPLF/XRPL-Standards,647a29c3439c,2026-05-12 15:41:50,dependabot[bot],maintenance,False,ci(deps): bump actions/create-github-app-token from 2 to 3 (#534)
XRPLF/XRPL-Standards,343de701eb03,2026-05-12 15:44:04,dependabot[bot],maintenance,False,ci(deps): bump actions/setup-python from 5 to 6 (#535)
XRPLF/rippled,aa553924530a,2026-05-12 15:54:04,mathbunnyru,maintenance,False,ci: Make `Show test failure summary` work with no build dir (#7124)
XRPLF/XRPL-Standards,36b232fb3943,2026-05-12 16:47:11,mvadari,maintenance,False,ci: close discussions only on added files (#539)
XRPLF/rippled,6c2266c5c7cc,2026-05-12 19:24:05,mathbunnyru,maintenance,False,refactor: Remove erroneous base_uint ctor from container (#7123)
XRPLF/rippled,8012b5d34f53,2026-05-12 19:25:11,ximinez,fix,False,"fix: Fix touchy ""funds are conserved"" assertion in LoanPay (#6231) (#6967)"
XRPLF/rippled,45b1f4dbeb28,2026-05-12 19:27:07,rrmanukyan,maintenance,False,refactor: Fill txJson based on apiVersion (#7109)
XRPLF/rippled,448ae8b9df6a,2026-05-12 20:13:36,kuznetsss,fix,False,fix: Improve json parsing of currency issuers (#7110)
XRPLF/rippled,590906dadf15,2026-05-12 20:15:17,oleks-rip,fix,False,fix: Use transaction sequence numbers in permissioned domains (#7129)
XRPLF/rippled,170eb5e58890,2026-05-12 20:46:33,legleux,maintenance,False,ci: Limit nproc on Linux builds temporarily (#7132)
XRPLF/rippled,6340c986c90b,2026-05-13 09:42:34,Tapanito,feature,False,feat: Enable and rename fixSecurity3_1_3 to fixCleanup3_1_3 (#7128)
XRPLF/clio,dbc98894bab3,2026-05-13 11:09:06,godexsoft,maintenance,False,refactor: Rename static constants (#3073)
XRPLF/rippled,e8bdbaa1e8e7,2026-05-13 12:42:05,godexsoft,maintenance,False,refactor: Limit JSON array size (#7112)
XRPLF/rippled,411286c519e3,2026-05-13 13:22:00,vlntb,maintenance,False,refactor: Prevent dry-run transactions from being queued (#92) (#7131)
XRPLF/rippled,4ad94ae2ff5c,2026-05-13 13:53:01,vlntb,maintenance,False,refactor: Use named constant for leaf item size (#39) (#7130)
XRPLF/rippled,c8b42a7f4839,2026-05-13 14:33:49,kuznetsss,maintenance,False,refactor: Improve RPC variable naming and handling (#7103)
XRPLF/rippled,648ec747f2e5,2026-05-13 15:10:53,mathbunnyru,feature,False,feat: Implement nix-based Dockerfile for CI (#7083)
XRPLF/rippled,977e5a7dbaa1,2026-05-13 16:03:57,kuznetsss,fix,False,fix: Check network ID in `transactionSignFor` (#7102)
XRPLF/rippled,aa5e4ff89f18,2026-05-13 16:48:38,lmaisons,maintenance,False,refactor: Improve Forwarded header field parsing (#7126)
XRPLF/rippled,551f3c3b9622,2026-05-13 17:48:43,kuznetsss,maintenance,False,refactor: Move unhex lookup table out of function (#7104)
XRPLF/rippled,d4ebd6a16874,2026-05-13 19:22:29,oleks-rip,fix,False,fix: Backport Permissioned Domains fixes (#7016)
XRPLF/rippled,2f65cb561011,2026-05-13 19:34:46,legleux,maintenance,False,ci: Add Conan retry (#7147)
XRPLF/XRPL-Standards,bf3b861ad3e8,2026-05-13 20:27:11,pwang200,unlabelled,False,update host function cost (#541)
XRPLF/rippled,afbccf971a55,2026-05-13 20:46:30,bthomee,maintenance,False,chore: Consolidate fix amendments (#7134)
XRPLF/clio,3112a3d21452,2026-05-14 16:59:33,mathbunnyru,maintenance,False,ci: Fix how workflows behave in forks (#3074)
XRPLF/rippled,cce4cfef1052,2026-05-14 17:07:08,a1q123456,feature,False,feat: Add verify_endpoints to help local peer network development (#7268)
XRPLF/clio,f4dcfe20e922,2026-05-14 17:14:48,mathbunnyru,maintenance,False,ci: Run actions/configure-pages only in the main repo (#3075)
XRPLF/rippled,15b3ed1ae767,2026-05-15 11:21:29,mathbunnyru,maintenance,False,ci: Update XRPLF/actions (#7281)
XRPLF/rippled,028f0cb5da67,2026-05-15 14:00:13,mvadari,maintenance,False,refactor: Use `isFlag` where possible instead of bitwise math (#7278)
XRPLF/rippled,5b6e8b6f93b1,2026-05-15 15:32:19,godexsoft,maintenance,False,refactor: Rename static constants (#7120)
XRPLF/rippled,6809690fadbc,2026-05-15 18:04:49,ximinez,other,False,release: Set version to 3.3.0-b0 (#7280)
XRPLF/XRPL-Standards,0ba4c397a833,2026-05-15 19:07:25,mvadari,unlabelled,False,XLS-87: Token Pre-Authorization (#480)
XRPLF/XRPL-Standards,4aa595408de1,2026-05-15 19:08:58,PeterChen13579,unlabelled,False,update Confidential MPT spec (#540)
XRPLF/rippled,c7ecfc6a970b,2026-05-15 23:02:04,mvadari,maintenance,False,refactor: Clean up comments post-clang-tidy changes (#7283)
XRPLF/rippled,93836f22db8e,2026-05-16 05:08:37,legleux,maintenance,False,ci: Add Linux package builds (DEB + RPM) to CI (#6639)
XRPLF/rippled,ad7232cbc52c,2026-05-18 10:56:54,mvadari,maintenance,False,refactor: Rename `account_` to `accountID_` (#7284)
XRPLF/rippled,ad3d172a1f0a,2026-05-18 20:08:48,dangell7,fix,False,fix: Use account ledger entry when canceling token escrows (#6171)
XRPLF/rippled,1e45d363c56e,2026-05-19 06:05:47,shortthefomo,fix,False,fix: Set default peering port to 2459 (#6848)
XRPLF/rippled,8d1083e5ea7c,2026-05-19 13:15:11,mathbunnyru,maintenance,False,ci: Only run reusable package in public repos (#7293)
XRPLF/clio,cc4f204d9e78,2026-05-19 14:25:47,godexsoft,maintenance,False,style: More clang-tidy identifier renaming (#3076)
XRPLF/rippled,d9a3af82078d,2026-05-19 16:35:38,dependabot[bot],maintenance,False,ci: [DEPENDABOT] bump actions/upload-artifact from 7.0.0 to 7.0.1 (#7286)
XRPLF/rippled,93ac1aa7aa23,2026-05-19 16:38:50,Tapanito,fix,False,fix: Disable unnecessary sanity-check in VaultDeposit (#7288)
XRPLF/rippled,9cb049276dcf,2026-05-20 19:44:09,Tapanito,feature,False,feat: Propagate underlying MPT flags to vault shares (#7077)
XRPLF/rippled,a5d238e7d4fa,2026-05-20 19:46:45,box4wangjing,docs,False,docs: Fix some comments to improve readability (#7122)
XRPLF/rippled,242ce3e9e428,2026-05-20 19:47:59,mvadari,maintenance,False,refactor: Fix `sfGeneric` and `sfInvalid` field names (#7300)
XRPLF/rippled,9cb07406735a,2026-05-20 20:24:09,yinyiqian1,fix,False,fix: Fix multisign and signfor to check for delegate (#7064)
XRPLF/rippled,8c0080020f2a,2026-05-20 21:10:04,shawnxie999,fix,False,fix: Update pDEX invariant firing under a valid offer deletion (#7118)
XRPLF/rippled,a830ab10efed,2026-05-20 21:31:15,godexsoft,maintenance,False,style: More clang-tidy identifier renaming (#7290)
XRPLF/rippled,28cc20c81679,2026-05-21 06:19:04,shawnxie999,fix,False,fix: Fix wrong hybrid offer orderbook placement and update `LedgerStateFix` to amend `ExchangeRate` meta (#7087)
XRPLF/rippled,afcf6fbcdcda,2026-05-21 06:33:19,ricky122-5,docs,False,docs: Add --parallel flag to cmake build commands in BUILD.md (#7302)
XRPLF/rippled,f6fd5ddb0a08,2026-05-21 13:24:04,pratikmankawde,fix,False,fix: Add null check (#7305)
XRPLF/rippled,795dc5e3643b,2026-05-21 14:46:26,Tapanito,fix,False,fix: Avoid principal-zeroing in non-final loan payments at coarse scale (#7050)
XRPLF/rippled,7fdaa0a5efdd,2026-05-21 14:51:58,Tapanito,fix,False,fix: Fix IOU precision issues in LoanBrokerCover transactions (#7274)
XRPLF/rippled,e24de65f42af,2026-05-21 16:13:41,Tapanito,maintenance,False,chore: Revert graceful peer disconnection and follow-up fix (#7296)
XRPLF/rippled,79308705c5f9,2026-05-21 17:50:59,bthomee,other,False,release: Bump version to 3.2.0-b6 (#7311)
XRPLF/rippled,1a98182e23ec,2026-05-21 17:52:41,bthomee,maintenance,False,refactor: Remove dead `fetchBatch` code (#7309)
XRPLF/rippled,3547a9335f14,2026-05-21 18:29:53,gregtatcam,fix,False,fix: Add assorted MPT/DEX fixes (#7040)
XRPLF/rippled,a37afe13ff33,2026-05-22 11:30:37,legleux,maintenance,False,ci: Re-enable full nproc for Linux (#7315)
XRPLF/rippled,15dd653e4b2c,2026-05-22 11:30:45,legleux,fix,False,fix: Fix RPM prerelease ordering and start xrpld on DEB install (#7313)
XRPLF/rippled,179e73594ae3,2026-05-22 11:58:48,a1q123456,fix,False,fix: Check if the MPT first loss cover can be sent to the broker before deleting the broker (#7125)
XRPLF/rippled,dfb9b8ed9a0a,2026-05-22 19:32:12,bthomee,other,False,release: Bump version to 3.2.0-b7 (#7316)
XRPLF/rippled,dcd2ff0b5f20,2026-05-23 06:40:26,gregtatcam,fix,False,fix: Fix non-canonical MPT amount (#7117)
XRPLF/rippled,30de556224bd,2026-05-23 14:48:48,vlntb,fix,False,fix: Address review feedback on FD/handle guarding (#5823 follow-up) (#7310)
XRPLF/rippled,e34c2667d7b2,2026-05-24 20:37:16,PeterChen13579,fix,False,fix: Skip deleted book directories and non-root modifications in `ValidBookDirectory` invariant (#7312)
XRPLF/rippled,a911f9089e7c,2026-05-24 20:44:29,a1q123456,fix,False,fix: Use consistent scale for `debtTotal` (#7093)
XRPLF/clio,f189dbf950d2,2026-05-26 10:32:16,dependabot[bot],maintenance,False,ci: [DEPENDABOT] bump docker/login-action from 4.1.0 to 4.2.0 (#3077)
XRPLF/clio,4da9de304e64,2026-05-26 10:32:22,dependabot[bot],maintenance,False,ci: [DEPENDABOT] bump docker/setup-buildx-action from 4.0.0 to 4.1.0 (#3078)
XRPLF/clio,aed2240cbda0,2026-05-26 10:32:32,dependabot[bot],maintenance,False,ci: [DEPENDABOT] bump codecov/codecov-action from 6.0.0 to 6.0.1 (#3079)
XRPLF/clio,13f65b6c3c30,2026-05-26 10:32:40,dependabot[bot],maintenance,False,ci: [DEPENDABOT] bump docker/setup-buildx-action from 4.0.0 to 4.1.0 in /.github/actions/build-docker-image (#3080)
XRPLF/clio,43c3732116b3,2026-05-26 10:32:52,dependabot[bot],maintenance,False,ci: [DEPENDABOT] bump docker/metadata-action from 6.0.0 to 6.1.0 in /.github/actions/build-docker-image (#3081)
XRPLF/clio,8e7f07d1cfe9,2026-05-26 10:33:03,dependabot[bot],maintenance,False,ci: [DEPENDABOT] bump docker/login-action from 4.1.0 to 4.2.0 in /.github/actions/build-docker-image (#3082)
XRPLF/clio,76043d607f56,2026-05-26 10:33:12,dependabot[bot],maintenance,False,ci: [DEPENDABOT] bump docker/build-push-action from 7.1.0 to 7.2.0 in /.github/actions/build-docker-image (#3083)
XRPLF/rippled,e9d885bd9b8d,2026-05-26 13:50:18,pratikmankawde,fix,False,fix: Fix clang-tidy pre-commit hook to locate compile_commands.json from repo root (#7325)
XRPLF/rippled,22a21b175efb,2026-05-26 14:01:52,Tapanito,fix,False,fix: Include management-fee delta in doOverpayment assertion (#7039)
XRPLF/rippled,49cb3f45a42d,2026-05-26 15:45:33,mathbunnyru,maintenance,False,ci: Add clang to nix images (#7308)
XRPLF/rippled,633ef4706ffd,2026-05-26 16:32:44,Tapanito,fix,False,fix: Fix `VaultInvariant` and `VaultDeposit` precision bugs at IOU scale boundaries (#7272)
XRPLF/rippled,49567e728311,2026-05-26 18:18:40,Tapanito,fix,False,fix: Fix edge-case where vault-depositor may get stuck (#7139)
XRPLF/rippled,23d08128278a,2026-05-26 18:28:23,mathbunnyru,maintenance,False,style: Use shfmt instead of bashate (#7326)
XRPLF/rippled,ac33fb32a701,2026-05-26 18:35:38,mathbunnyru,maintenance,False,chore: Pin Python packages for codegen using uv (#7329)
XRPLF/rippled,85af406a0ff2,2026-05-26 19:35:32,andrzej-neti,fix,False,fix: Update `clang-tidy` to include `src/tests` directory header check (#7307)
XRPLF/rippled,9623e67b761f,2026-05-26 19:35:52,dependabot[bot],maintenance,False,ci: [DEPENDABOT] bump docker/login-action from 4.1.0 to 4.2.0 (#7318)
XRPLF/rippled,7c597865657c,2026-05-26 19:36:00,dependabot[bot],maintenance,False,ci: [DEPENDABOT] bump docker/metadata-action from 6.0.0 to 6.1.0 (#7319)
XRPLF/rippled,4584b01bde3d,2026-05-26 19:36:13,dependabot[bot],maintenance,False,ci: [DEPENDABOT] bump docker/build-push-action from 7.1.0 to 7.2.0 (#7320)
XRPLF/rippled,108a4c8217b5,2026-05-26 19:36:21,dependabot[bot],maintenance,False,ci: [DEPENDABOT] bump codecov/codecov-action from 6.0.0 to 6.0.1 (#7321)
XRPLF/rippled,2a0feca46b40,2026-05-26 19:36:32,dependabot[bot],maintenance,False,ci: [DEPENDABOT] bump docker/setup-buildx-action from 4.0.0 to 4.1.0 (#7322)
XRPLF/rippled,1162371def82,2026-05-26 20:03:04,mathbunnyru,maintenance,False,ci: Only push docker images in XRPLF/rippled (#7330)
XRPLF/clio,25c0dc6f1cd8,2026-05-27 13:38:37,mathbunnyru,maintenance,False,ci: Only push to DockerHub in main repo (#3084)
XRPLF/rippled,7da643d86489,2026-05-27 15:19:20,ximinez,fix,False,fix: Fix a rounding error at the `Number::maxRep` cusp (#7051)
XRPLF/rippled,1438bf1c6764,2026-05-27 17:20:57,mathbunnyru,other,False,release: Bump version to 3.2.0-rc1 (#7335)
XRPLF/rippled,396d772a15a6,2026-05-27 19:10:33,bthomee,maintenance,False,refactor: Enable support for `fixCleanup3_2_0` amendment (#7347)
XRPLF/rippled,1acc42313c01,2026-05-27 19:11:38,bthomee,other,False,release: Bump version to 3.2.0-rc2 (#7348)
XRPLF/rippled,f9551ac5ca08,2026-05-27 19:24:18,mathbunnyru,maintenance,False,"style: Run shfmt on workflows, actions and markdown bash code (#7333)"
XRPLF/XRPL-Standards,7f016858ea42,2026-05-28 08:19:29,Tapanito,unlabelled,False,adds copilot review instructions (#489)
XRPLF/clio,267fe05a8f39,2026-05-28 10:03:38,mathbunnyru,maintenance,False,style: Run shfmt on workflows and actions (#3085)
XRPLF/clio,16c0a64394ec,2026-05-28 10:20:19,mathbunnyru,maintenance,False,chore: Rewrite verify-commits script (#3086)
XRPLF/rippled,2f3558c610ee,2026-05-28 14:57:29,bthomee,maintenance,False,ci: Run PR title and description checks on staging and release branches (#7331)
XRPLF/XRPL-Standards,9ecf2b9db9cd,2026-05-28 15:12:15,Tapanito,unlabelled,False,Reformat XLS-65 specification (#463)
XRPLF/rippled,763dd503be46,2026-05-30 00:16:25,yinyiqian1,fix,False,fix: Add zero domainID check for permissionedDomain (#7362)
XRPLF/rippled,1599c1a67258,2026-05-30 18:48:59,bthomee,maintenance,False,"refactor: Revert ""perf: Remove unnecessary caches (#5439)"" (#7359)"
XRPLF/rippled,47365f42203c,2026-05-31 00:23:29,ximinez,fix,False,fix: Improve upward rounding edge cases for Number::operator/= (#7328)
XRPLF/rippled,99431d783359,2026-05-31 22:54:23,Tapanito,fix,False,fix: Pin overpayment principal reduction to exact on-grid value (#7360)
XRPLF/rippled,7e15621e7b79,2026-05-31 22:55:18,bthomee,other,False,release: Bump version to 3.2.0-rc3 (#7371)
XRPLF/rippled,0fffe23abc3a,2026-06-01 03:33:19,legleux,fix,False,fix: Adjust xrpld systemd service and update timer (#7374)
XRPLF/clio,ffca7f9de02d,2026-06-01 10:44:22,dependabot[bot],maintenance,False,ci: [DEPENDABOT] bump docker/setup-qemu-action from 4.0.0 to 4.1.0 in /.github/actions/build-docker-image (#3088)
XRPLF/clio,eaf770ccca00,2026-06-01 10:57:14,github-actions[bot],maintenance,False,style: Update pre-commit hooks (#3087)
XRPLF/rippled,109b64910616,2026-06-01 15:27:13,Tapanito,maintenance,False,refactor: Use `STLedgerEntry` type aliases instead of `std::shared_ptr` (#7282)
XRPLF/rippled,e209ee537167,2026-06-01 15:29:12,dependabot[bot],maintenance,False,ci: [DEPENDABOT] bump eps1lon/actions-label-merge-conflict from 3.0.3 to 3.1.0 (#7375)
XRPLF/rippled,d4cb68d5a190,2026-06-01 16:47:01,mathbunnyru,maintenance,False,ci: Check binaries separately from building them (#7355)
XRPLF/xrpl.js,f7212ea8bd08,2026-06-01 17:06:26,Patel-Raj11,unlabelled,False,Update definitions.json (#3344)
XRPLF/rippled,ad111bcc22d4,2026-06-02 13:51:20,mathbunnyru,maintenance,False,ci: Patch binaries in nix-based images and test in every distro (#7376)
XRPLF/rippled,225ed204ad10,2026-06-02 17:12:09,Tapanito,maintenance,False,test: Suppress invariant-failure logs in Vault and LoanBroker bug-regression tests (#7379)
XRPLF/rippled,1441d4690d91,2026-06-03 00:16:02,mathbunnyru,maintenance,False,chore: Update flake.lock to allow conan with clang-22 support (#7390)
XRPLF/rippled,96b2c0964f0d,2026-06-03 15:34:19,bthomee,maintenance,False,refactor: Replace `intr_ptr::SharedPtr<SHAMapTreeNode>` by `SHAMapTreeNodePtr` (#7396)
XRPLF/xrpl.js,8d42522abed8,2026-06-03 18:47:43,ckeshava,fix,False,fix(xrpl): infer signing algorithm from seed prefix in Wallet.fromSeed / fromSecret (#3337)
XRPLF/rippled,023bdaeeedc6,2026-06-03 19:14:17,mathbunnyru,maintenance,False,"ci: Install gcov, nettools, cacert in nix images (#7398)"
XRPLF/rippled,e5cf1a0985ee,2026-06-03 19:30:20,yinyiqian1,fix,False,fix: Add zero NFT Offer ID check for NFTokenCancelOffer (#7391)
XRPLF/rippled,6c543426c346,2026-06-03 22:19:15,mathbunnyru,maintenance,False,"ci: Fix clang asan include dirs in nix images, add curl & gnupg (#7400)"
XRPLF/rippled,12e81abef3aa,2026-06-04 14:52:42,mathbunnyru,maintenance,False,"ci: Improve sanitizer-libs, add doxygen, dpkg, rpm in nix (#7403)"
XRPLF/xrpl.js,abee9da6b802,2026-06-04 18:01:44,github-actions[bot],unlabelled,False,Release 1.0.2: release-isomorphic-1.0.2 → main (#3354)
XRPLF/rippled,5b8e6cd1dd67,2026-06-04 19:35:36,mathbunnyru,maintenance,False,test: Fix LCOV_EXCL_END -> LCOV_EXCL_STOP (#7407)
XRPLF/rippled,8abe82eefa23,2026-06-04 20:02:59,mathbunnyru,maintenance,False,ci: Redesign matrix configuration based on Nix images (#7385)
XRPLF/xrpl.js,ee87639ff746,2026-06-04 22:42:27,github-actions[bot],unlabelled,False,Release 5.0.1: release-rac-5.0.1 → main (#3358)
XRPLF/xrpl.js,52c53ac1c704,2026-06-05 01:03:08,github-actions[bot],unlabelled,False,Release 2.8.0: release-rbc-2.8.0 → main (#3362)
XRPLF/xrpl.js,8ab9da9eafa5,2026-06-05 12:43:43,dependabot[bot],maintenance,False,build(deps-dev): bump ip-address from 10.1.0 to 10.2.0 (#3333)
XRPLF/xrpl.js,ecee98d2d072,2026-06-05 12:52:41,dependabot[bot],maintenance,False,build(deps): bump tmp from 0.2.5 to 0.2.7 (#3348)
XRPLF/xrpl.js,5255aa0805ea,2026-06-05 13:02:12,dependabot[bot],maintenance,False,build(deps-dev): bump fast-uri from 3.1.0 to 3.1.2 (#3334)
XRPLF/xrpl.js,f9d0a6065767,2026-06-05 13:34:53,dependabot[bot],maintenance,False,build(deps): bump axios and nx (#3349)
XRPLF/rippled,2111bb4b9593,2026-06-05 14:11:47,mathbunnyru,maintenance,False,ci: Update clang-tidy to nix-based v22 (#7412)
XRPLF/rippled,6571f75d399e,2026-06-05 14:36:05,mathbunnyru,maintenance,False,ci: Use multiple directories in dependabot config (#7413)
XRPLF/xrpl.js,6dd16d88b46b,2026-06-05 15:18:02,github-actions[bot],unlabelled,False,Release 3.0.0: release-ripple-keypairs-3.0.0 → main (#3365)
XRPLF/xrpl.js,6c6ecd0b911d,2026-06-05 16:07:42,github-actions[bot],unlabelled,False,Release 3.0.0: release-secret-numbers-3.0.0 → main (#3366)
XRPLF/rippled,63ffdc39dc6b,2026-06-05 17:05:19,mathbunnyru,maintenance,False,ci: Refactor build-related nix / docker / workflows (#7408)
XRPLF/xrpl.js,acdc1a206412,2026-06-05 17:05:59,github-actions[bot],unlabelled,False,Release 5.0.0: release-xrpl-5.0.0 → main (#3367)
XRPLF/rippled,fc57dab78bd7,2026-06-05 17:17:47,dependabot[bot],maintenance,False,ci: [DEPENDABOT] bump actions/checkout from 6.0.2 to 6.0.3 (#7414)
XRPLF/rippled,949887feb9f3,2026-06-05 19:24:32,mathbunnyru,maintenance,False,build: Create single test binary xrpl_tests (#7327)
XRPLF/clio,c53a538a5903,2026-06-08 08:41:09,dependabot[bot],maintenance,False,ci: [DEPENDABOT] bump codecov/codecov-action from 6.0.1 to 7.0.0 (#3096)
XRPLF/clio,b8ac68c6d579,2026-06-08 08:42:04,dependabot[bot],maintenance,False,ci: [DEPENDABOT] bump actions/checkout from 6.0.2 to 6.0.3 (#3097)
XRPLF/rippled,79f4ddc4a684,2026-06-08 09:37:50,dependabot[bot],maintenance,False,ci: [DEPENDABOT] bump codecov/codecov-action from 6.0.1 to 7.0.0 (#7426)
XRPLF/rippled,a389f922ddfa,2026-06-08 13:41:08,mathbunnyru,maintenance,False,ci: Use new packaging images and don't cancel develop builds (#7417)
XRPLF/rippled,577d7457f1e8,2026-06-08 17:10:05,mathbunnyru,maintenance,False,ci: Use XRPLF/actions build-multiarch-image workflow (#7428)
XRPLF/rippled,ee9fbc4e08cd,2026-06-09 10:04:09,bthomee,maintenance,False,refactor: Use const function arguments where possible (#7423)
XRPLF/rippled,c9769d1add29,2026-06-09 13:56:32,bthomee,maintenance,False,refactor: Use `std::move` and `std::string_view` where possible (#7424)
XRPLF/rippled,c552eb333f56,2026-06-09 14:58:21,bthomee,maintenance,False,refactor: Change config section and key string literals into constants (#7095)
XRPLF/rippled,0fb1aca461c7,2026-06-09 17:02:06,Tapanito,maintenance,False,refactor: Introduce XRPL_ASSERT_IF for amendment-gated assertions (#7378)
XRPLF/rippled,fccb109e4829,2026-06-09 17:36:17,mathbunnyru,feature,False,feat: Use C++ 23 standard (#7431)
XRPLF/rippled,2cbc3c139e04,2026-06-09 17:46:56,ximinez,fix,False,fix: Fix Number comparison operator (#7406)
XRPLF/XRPL-Standards,0463d75362f3,2026-06-09 20:47:34,PeterChen13579,unlabelled,False,fix credential error code (#557)
XRPLF/XRPL-Standards,0fae09a14873,2026-06-09 20:48:32,mvadari,unlabelled,False,add limits to the wasm vm (#532)
XRPLF/rippled,8617eaeb26f0,2026-06-10 00:00:19,mathbunnyru,maintenance,False,ci: Launch upload-conan-deps on profile change (#7442)
XRPLF/rippled,742aa0878bbc,2026-06-10 09:16:53,bthomee,maintenance,False,test: Do not create data directory for memory databases (#7323)
XRPLF/rippled,8a4bf2dee60e,2026-06-10 10:16:03,pratikmankawde,maintenance,False,refactor: Retire fixUniversalNumber amendment (#5962)
XRPLF/rippled,97ca7d57bced,2026-06-10 11:44:57,Tapanito,fix,False,"perf: Dispatch ""hasInvalidAmount()"" on type tag instead of dynamic_cast (#7402)"
XRPLF/rippled,83cc5df72e9f,2026-06-10 12:05:53,Tapanito,fix,False,fix: Disable transaction invariants (#7409)
XRPLF/rippled,dd0b6754d4c3,2026-06-10 14:45:51,mathbunnyru,maintenance,False,ci: Add `gh` and `file` to nix packages (#7444)
XRPLF/rippled,1f359f719cbf,2026-06-10 17:24:44,shichengripple001,fix,False,fix: Add [[maybe_unused]] to fix320Enabled for assert=OFF builds (#7446)
XRPLF/rippled,8000adfa797f,2026-06-10 18:08:34,mathbunnyru,maintenance,False,ci: Make configurations launch on certain event types (#7447)
XRPLF/rippled,2f6b466feb71,2026-06-10 18:24:34,mathbunnyru,maintenance,False,"ci: Make sanitizer flags lists in the profile, not a string (#7449)"
XRPLF/rippled,09c36d066ec6,2026-06-10 20:42:41,Kassaking7,fix,False,fix: Correct hybrid offer deletion on credential expiry (#6843)
XRPLF/rippled,cee157485e1e,2026-06-11 12:59:22,mathbunnyru,maintenance,False,ci: Run sanitizers on release builds too (#7527)
XRPLF/rippled,8e618d68cd25,2026-06-11 17:36:33,mathbunnyru,maintenance,False,ci: Patch conan recipe for Nix to be able to use on macOS (#7532)
XRPLF/rippled,df395d685159,2026-06-11 18:05:36,pratikmankawde,maintenance,False,test: Add null check unit test for `Oracle::aggregatePrice` (#7306)
XRPLF/clio,0aa7ed49198c,2026-06-15 10:46:55,shawnxie999,feature,False,feat: Update MPToken ETL to support all transactions types (#3102)
XRPLF/rippled,4387aac1a527,2026-06-15 14:55:43,kuznetsss,maintenance,False,chore: Remove conan patch in nix (#7534)
XRPLF/rippled,f5985e73ecce,2026-06-15 14:55:56,bthomee,fix,False,fix: Always charge peer on strand (#7422)
XRPLF/rippled,b34aa84e5aa0,2026-06-15 15:31:22,Kassaking7,fix,False,fix: Check Fee-Free Division by Zero in AMMWithdraw singleWithdrawEPrice (#6989)
XRPLF/rippled,fe4c8ae82a76,2026-06-15 19:04:33,mathbunnyru,maintenance,False,build: Add ClangBuildAnalyzer to Nix (#7538)
XRPLF/rippled,2df96b155061,2026-06-15 19:25:37,pratikmankawde,fix,False,fix: Silence UBSan diagnostics in the ubsan build config (#7531)
XRPLF/rippled,9650fe8a6ecb,2026-06-15 21:22:53,a1q123456,maintenance,False,refactor: Use explicit types to help compiler
XRPLF/rippled,e29dc474b3d3,2026-06-15 21:23:28,kuznetsss,maintenance,False,refactor: Improve payment channel closing and returned error codes
XRPLF/rippled,2728e11809b3,2026-06-15 21:23:28,pratikmankawde,fix,False,fix: Set request size limits and differential pricing for get-object-by-hash calls
XRPLF/rippled,f98c251011e6,2026-06-15 21:23:38,pratikmankawde,maintenance,False,refactor: Improve tracking of book (un)subscriptions
XRPLF/rippled,82ee5b755645,2026-06-15 21:23:38,bthomee,maintenance,False,refactor: Handle int and uint API versions separately
XRPLF/rippled,5a25c9188bd5,2026-06-15 21:23:53,bthomee,other,False,release: Bump version to 3.2.0-rc4
XRPLF/rippled,47b06ecd17c3,2026-06-15 21:23:54,kuznetsss,maintenance,False,refactor: Use rocksdb includes only when it is available
XRPLF/rippled,96d0563ea644,2026-06-15 21:24:02,legleux,fix,False,fix: Adjust xrpld systemd service
XRPLF/rippled,61dae6f79249,2026-06-15 21:24:02,bthomee,other,False,release: Bump version to 3.2.0-rc5
XRPLF/rippled,fded06652ad3,2026-06-15 21:24:02,yinyiqian1,fix,False,fix: Add zero NFT Offer ID check for NFTokenCancelOffer
XRPLF/rippled,e5785c4fcbf4,2026-06-15 21:24:02,ximinez,fix,False,fix: Fix Number comparison operator
XRPLF/rippled,e833e8884d01,2026-06-15 21:24:02,vlntb,maintenance,False,"refactor: Revert ""Explicitly trim the heap after cache sweeps (#6022)"""
XRPLF/rippled,8e3eabc398f1,2026-06-15 21:24:02,legleux,maintenance,False,refactor: Remove auto-update script and update RPM version
XRPLF/rippled,781ef175c9e0,2026-06-15 21:24:03,Tapanito,fix,False,"perf: Dispatch ""hasInvalidAmount()"" on type tag instead of dynamic_cast"
XRPLF/rippled,0ac8e6cf1ebf,2026-06-15 21:24:03,bthomee,other,False,release: Bump version to 3.2.0-rc6
XRPLF/rippled,ed5f13481a44,2026-06-15 21:24:03,Tapanito,fix,False,fix: Disable transaction invariants
XRPLF/rippled,6b63f0ff614e,2026-06-15 23:46:49,dependabot[bot],maintenance,False,ci: [DEPENDABOT] bump codecov/codecov-action from 6.0.1 to 7.0.0 (#7426)
XRPLF/rippled,3c43f4614f87,2026-06-15 23:46:56,mathbunnyru,other,False,release: Bump version to 3.2.0
XRPLF/rippled,0364e4dc4197,2026-06-16 13:24:12,mathbunnyru,docs,False,docs: Rewrite build environment docs (#7533)
XRPLF/rippled,7b9d55326db2,2026-06-16 17:35:33,mathbunnyru,maintenance,False,build: Add zip to Nix images (#7551)
XRPLF/clio,e24216c8a998,2026-06-16 19:15:45,bryanjiang1,feature,False,feat: Add storage and backend for mpt_issuance_history (#3091)
XRPLF/clio,fa057bd8767f,2026-06-16 21:50:43,mathbunnyru,maintenance,False,ci: Use Nix-based images for all workflows except pre-commit (#3098)
XRPLF/rippled,45ddc1d868ca,2026-06-16 23:13:33,mathbunnyru,maintenance,False,build: Add git-lfs to Nix images (#7561)
XRPLF/rippled,5de434436e33,2026-06-17 10:02:17,mathbunnyru,maintenance,False,ci: Make clang-tidy workflow adjustments to stay in sync with Clio (#7563)
XRPLF/clio,52af23fe7742,2026-06-17 10:33:39,mathbunnyru,maintenance,False,chore: Fixes after tidy v22 update (#3108)
XRPLF/rippled,cccce1c32ebc,2026-06-17 11:53:02,pratikmankawde,unlabelled,True,Merge remote-tracking branch 'origin/release/3.2.x' into pratik/merge_3.2.x
XRPLF/rippled,044ca7719dda,2026-06-17 11:58:01,pratikmankawde,other,False,release: Bump version to 3.3.0-b0
XRPLF/rippled,7e0ff536f55b,2026-06-17 12:31:43,pratikmankawde,maintenance,False,"refactor: Rerevert ""Explicitly trim the heap after cache sweeps (#6022)"""
XRPLF/rippled,cb2642be050b,2026-06-17 13:54:46,mathbunnyru,maintenance,False,build: Add graphviz to Nix images (#7566)
XRPLF/rippled,f07de6c4540e,2026-06-17 13:54:55,legleux,maintenance,False,ci: Disable assertions on Release builds (#7443)
XRPLF/rippled,480676d0bf9e,2026-06-17 13:55:00,solunolab,docs,False,docs: Fix some comments to improve readability (#7405)
XRPLF/clio,a7502033f54f,2026-06-17 22:53:28,mathbunnyru,maintenance,False,ci: Fix docs workflow && build on PRs (#3109)
XRPLF/rippled,772ea80a2522,2026-06-17 23:20:54,yinyiqian1,fix,False,fix: Use template for granular delegation permissions (#6613)
XRPLF/xrpl.js,7791ce2f5e9e,2026-06-18 14:31:41,Patel-Raj11,unlabelled,False,add ReferenceHolding to MPTokenIssuance and vault_info shares (#3345)
XRPLF/XRPL-Standards,2c6fa2cb7f98,2026-06-18 17:52:48,mvadari,other,False,update: host function renames (#531)
XRPLF/rippled,b6a1ad5bb3ce,2026-06-18 19:21:12,legleux,fix,False,fix: Ensure xrpld service directories exist at startup (#7565)
XRPLF/clio,373a88384083,2026-06-19 16:23:03,mathbunnyru,fix,False,fix: Add pragma once checker (#3111)
XRPLF/clio,3673586be342,2026-06-22 12:41:04,dependabot[bot],maintenance,False,ci: [DEPENDABOT] bump actions/checkout from 6.0.3 to 7.0.0 (#3112)
XRPLF/rippled,b1f794f06792,2026-06-22 13:39:38,dependabot[bot],maintenance,False,ci: [DEPENDABOT] bump actions/checkout from 6.0.3 to 7.0.0 (#7585)
XRPLF/rippled,e29b523620ee,2026-06-22 17:00:40,mathbunnyru,maintenance,False,ci: Build and push docker images in forks too (#7588)
XRPLF/rippled,997267f84555,2026-06-22 17:36:06,yinyiqian1,feature,False,feat: Remove clear mutable flags for DynamicMPT XLS-94 (#7439)
XRPLF/rippled,93eab33dc23e,2026-06-22 17:45:42,Kassaking7,fix,False,fix: Improve ValidAMM invariant (#7295)
XRPLF/rippled,19a9ed776761,2026-06-22 18:42:57,Kassaking7,fix,False,fix: Move AMMInvariant weakInvariantCheck logic into the transaction (#7032)
XRPLF/rippled,dd7401fde21c,2026-06-22 18:44:42,mvadari,maintenance,False,refactor: Clean up tec object deletion logic (#6588)
XRPLF/rippled,ff02269c0dd1,2026-06-22 22:35:28,bthomee,maintenance,False,refactor: Use dispatch instead of post (#7438)
XRPLF/rippled,0b22050b5e33,2026-06-23 19:25:38,a1q123456,maintenance,False,ci: Update workflows and conan to use VS2026 and grpc 1.81.0 (#7550)
XRPLF/rippled,5a2c82f699f1,2026-06-23 19:55:23,yinyiqian1,fix,False,fix: Reject delegate permission to pseudo accounts (#7597)
XRPLF/rippled,6341e752002f,2026-06-24 12:15:11,a1q123456,maintenance,False,refactor: Refactor TaggedCache.ipp to remove const_cast in canonicalize_replace_cache (#5638)
XRPLF/rippled,69d289a388f7,2026-06-24 12:15:45,Kassaking7,fix,False,fix: AMM Quality Leak into Domain BookStep for Permissioned DEX (#6853)
XRPLF/rippled,bb7c4d1c9fdf,2026-06-24 12:23:12,TimothyBanks,fix,False,fix: Additional RPC validation checks on ammRpcInfo account and amm_account fields. (#7324)
XRPLF/rippled,b68e1f7170fd,2026-06-24 12:24:04,mathbunnyru,fix,False,fix: Add pragma once checker (#7580)
XRPLF/rippled,6736ab39df87,2026-06-24 12:24:27,mvadari,maintenance,False,test: Add test for Permissioned Domain sequence fix (#7591)
XRPLF/rippled,8bbbc2051e04,2026-06-24 12:25:03,mathbunnyru,maintenance,False,chore: Check more tools to be available (#7600)
XRPLF/rippled,4fec58251b8d,2026-06-24 13:56:18,mathbunnyru,maintenance,False,build: Patch nix binaries in CMake (#7539)
XRPLF/rippled,eef8f4a4ff29,2026-06-24 17:23:29,mathbunnyru,maintenance,False,chore: Use clang-tidy v22 new features (#7427)
XRPLF/rippled,556d62a0deee,2026-06-24 23:53:46,legleux,maintenance,False,build: Align xrpld RPM packaging with DEB package (#7529)
XRPLF/clio,9b04d64a0ec8,2026-06-25 10:19:12,kuznetsss,maintenance,False,chore: Update libxrpl to 3.2.0 (#3114)
XRPLF/rippled,3097c157b6ca,2026-06-25 12:40:06,mathbunnyru,maintenance,False,build: Switch to a new conan XRPLF remote (#7622)
XRPLF/rippled,07c64f07f02c,2026-06-25 14:47:55,mathbunnyru,maintenance,False,"chore: Revert ""build: Switch to a new conan XRPLF remote (#7622)"" (#7623)"
XRPLF/clio,0b20dc728ab4,2026-06-25 15:06:13,kuznetsss,maintenance,False,chore: Don't include fwd headers (#3117)
XRPLF/XRPL-Standards,fb50ea69662b,2026-06-25 16:28:41,PeterChen13579,unlabelled,False,change flag name and remove tmfMPTClearCanConfidentialAmount flag (#569)
XRPLF/rippled,0711a7b493c6,2026-06-25 22:06:04,mathbunnyru,maintenance,False,"build: Switch to a new conan XRPLF remote, again (#7638)"
XRPLF/rippled,b9eee1d24537,2026-06-26 10:24:12,mvadari,maintenance,False,refactor: Rename (mostly keylet) functions to more closely match the docs (#7059)
XRPLF/rippled,12a5d9014ebf,2026-06-26 10:24:25,TimothyBanks,maintenance,False,refactor: Retire Clawback amendment (#7353)
XRPLF/rippled,2ab43b6fda1d,2026-06-26 10:31:16,TimothyBanks,maintenance,False,refactor: Retire NFTokenReserve fix (#7367)
XRPLF/rippled,bb2ab4243b81,2026-06-26 10:42:24,mathbunnyru,maintenance,False,ci: Better determine when we need to run full clang-tidy (#7635)
XRPLF/rippled,50fdb38ace4f,2026-06-26 10:46:39,mathbunnyru,maintenance,False,chore: Enable groups of clang-tidy checks by default (#7637)
XRPLF/clio,87f0b480bff9,2026-06-26 11:33:27,kuznetsss,fix,False,fix: Don't cache requests with params (#3113)
XRPLF/rippled,652b5f9af1b5,2026-06-26 20:34:22,yinyiqian1,fix,False,fix: Block delegate tx from being queued (#7640)
XRPLF/rippled,3e9f1d0ab856,2026-06-26 21:38:59,Tapanito,fix,False,fix: Unify freeze checks for pseudo-account deposit/withdraw (#7382)
XRPLF/rippled,fd8a9152437c,2026-06-26 22:26:53,yinyiqian1,fix,False,fix: Use trustline balance direction to validate IOU PaymentMint/PaymentBurn (#7584)
XRPLF/rippled,768d7603b163,2026-06-27 01:20:38,shawnxie999,feature,False,feat: Confidential Transfer for MPT (#5860)
XRPLF/clio,4a51a5e8d269,2026-06-29 08:42:04,dependabot[bot],maintenance,False,ci: [DEPENDABOT] bump actions/cache/save from 5.0.5 to 6.1.0 (#3121)
XRPLF/clio,6bc8ad1def20,2026-06-29 08:42:31,dependabot[bot],maintenance,False,ci: [DEPENDABOT] bump actions/cache/restore from 5.0.5 to 6.1.0 (#3122)
XRPLF/clio,9da5f7a995e2,2026-06-29 09:57:54,mathbunnyru,maintenance,False,build: Link libatomic statically on Linux aarch64 (#3120)
XRPLF/clio,36ec74415adb,2026-06-29 10:57:24,mathbunnyru,maintenance,False,chore: Update tidy with new v22 checks (#3119)
XRPLF/clio,e8fa51c0d56b,2026-06-29 12:13:55,mathbunnyru,maintenance,False,build: Switch to new XRPLF Conan remote (#3118)
XRPLF/rippled,74b55a59b2c6,2026-06-29 13:20:17,mathbunnyru,maintenance,False,chore: Enable most bugprone checks (#7643)
XRPLF/rippled,809a6290752e,2026-06-29 13:21:14,mathbunnyru,maintenance,False,chore: Add a script to nicely format clang-tidy output (#7650)
XRPLF/clio,30732882f1b3,2026-06-29 16:34:38,mathbunnyru,fix,False,fix: Make Loan and LoanBroker filterable in account_objects/ledger_data (#3124)
XRPLF/rippled,62bfc4ca5b8e,2026-06-30 10:43:21,mathbunnyru,maintenance,False,build: Mark sec256k1 and mpt-crypto as transitive headers (#7658)
XRPLF/rippled,95d53b4d4323,2026-06-30 10:43:44,mathbunnyru,maintenance,False,ci: Use macOS 26 Tahoe with apple-clang 21 (#7601)
XRPLF/rippled,8abbd1ba3a19,2026-06-30 11:03:19,mathbunnyru,maintenance,False,chore: Use std::ranges where possible (#7634)
XRPLF/clio,c2b129b2f60e,2026-06-30 15:43:24,mathbunnyru,maintenance,False,ci: Pin scylladb docker to fix integration tests (#3126)
XRPLF/clio,d7cd049ccc01,2026-06-30 16:35:11,mathbunnyru,maintenance,False,ci: Add body for nightly issue (#3125)
XRPLF/clio,bc556fa0e76d,2026-06-30 17:13:03,mathbunnyru,maintenance,False,build: Use apple-clang 21; remove SourceLocation stub (#3123)
XRPLF/clio,9cf2d52fbb9e,2026-06-30 20:03:31,mathbunnyru,maintenance,False,build: Compile all dependencies with C++23 (#3129)
XRPLF/rippled,ecf7f805c905,2026-06-30 23:51:41,Tapanito,feature,False,feat: Introduce lending 1.1 amendment and add `MemoData` field to `VaultDelete` transaction (#6324)
XRPLF/clio,e7b3f9156a80,2026-07-01 11:31:50,github-actions[bot],maintenance,False,style: Update pre-commit hooks (#3130)
XRPLF/rippled,86d8b244d6e9,2026-07-01 12:47:14,dangell7,feature,False,feat: Add Batch (XLS-56) V1_1 (#6446)
XRPLF/rippled,ea13be81b703,2026-07-01 13:21:23,Tapanito,feature,False,feat: Add an invariant to ensure object deletion also deletes its pseudo-account (#7445)
XRPLF/rippled,6aed3bb71d28,2026-07-01 13:28:14,mathbunnyru,maintenance,False,chore: Update pre-commit hooks && actions (#7686)
XRPLF/rippled,6d0b758a12ee,2026-07-01 13:28:41,mathbunnyru,maintenance,False,build: Don't reuse binaries between different C++ versions (#7681)
XRPLF/rippled,ba739c94ce18,2026-07-01 13:29:06,dependabot[bot],maintenance,False,ci: [DEPENDABOT] bump actions/setup-python from 6.2.0 to 6.3.0 (#7657)
XRPLF/rippled,d1ff948244cb,2026-07-01 13:30:03,mathbunnyru,maintenance,False,test: Add tests for TMProofPathResponse and TMReplayDeltaResponse invalid hash/key sizes (#7593)
XRPLF/rippled,0d149ba5b621,2026-07-01 15:04:38,Tapanito,fix,False,fix: Disable AMM creation with Vault shares (#7666)
XRPLF/clio,57dc63e210de,2026-07-01 15:34:54,mathbunnyru,maintenance,False,build: Don't reuse binaries between different C++ versions (#3131)
XRPLF/rippled,c53aafa6bfeb,2026-07-01 15:36:28,TimothyBanks,maintenance,False,refactor: Retire InnerObjTemplate fix (#7368)
XRPLF/rippled,8e378c4f4727,2026-07-01 23:14:17,mathbunnyru,maintenance,False,build: Add verify-headers target to cleanup headers (#7670)
XRPLF/rippled,4c619e8a85cc,2026-07-02 14:17:32,TimothyBanks,maintenance,False,refactor: Retire DisallowIncomingV1 fix (#7364)
XRPLF/rippled,3b9e24e0e0bf,2026-07-02 15:01:30,bthomee,maintenance,False,chore: Improve pre-commit hooks (#7702)
XRPLF/rippled,6f0f5b8bb36c,2026-07-02 16:26:09,mathbunnyru,maintenance,False,chore: Make clang-tidy happy on macOS (#7701)
XRPLF/rippled,41622b87aeeb,2026-07-02 18:30:59,mathbunnyru,maintenance,False,chore: Enable modernize-unary-static-assert (#7705)
XRPLF/rippled,6003fd03fc11,2026-07-02 18:37:37,yinyiqian1,feature,False,feat: Enable ConfidentialTransfer and BatchV1_1 (#7698)
XRPLF/rippled,3d847f2a6039,2026-07-02 18:46:27,bthomee,maintenance,False,build: Add protobuf dependencies to Nix (#7706)
XRPLF/rippled,7ba1d76d0543,2026-07-02 20:02:55,mathbunnyru,maintenance,False,chore: Enable modernize-use-auto (#7707)
XRPLF/rippled,f151293e8a87,2026-07-03 11:17:03,mathbunnyru,maintenance,False,chore: Enable modernize-avoid-bind (#7711)
XRPLF/rippled,53649cc298c5,2026-07-03 14:28:15,mathbunnyru,maintenance,False,chore: Enable modernize-use-constraints (#7715)
XRPLF/rippled,c92285f10d1e,2026-07-03 15:59:20,mathbunnyru,maintenance,False,chore: Delete dead code (#7718)
XRPLF/clio,6783fd11e488,2026-07-06 10:17:58,dependabot[bot],maintenance,False,ci: [DEPENDABOT] bump docker/setup-qemu-action from 4.1.0 to 4.2.0 in /.github/actions/build-docker-image (#3136)
XRPLF/clio,ffc0298cd777,2026-07-06 10:18:25,dependabot[bot],maintenance,False,ci: [DEPENDABOT] bump docker/login-action from 4.2.0 to 4.4.0 in /.github/actions/build-docker-image (#3134)
XRPLF/clio,bace6328ecc0,2026-07-06 10:18:31,dependabot[bot],maintenance,False,ci: [DEPENDABOT] bump docker/build-push-action from 7.2.0 to 7.3.0 in /.github/actions/build-docker-image (#3133)
XRPLF/clio,c0a8e9e5ef94,2026-07-06 10:18:38,dependabot[bot],maintenance,False,ci: [DEPENDABOT] bump docker/setup-buildx-action from 4.1.0 to 4.2.0 in /.github/actions/build-docker-image (#3132)
XRPLF/rippled,d07d2aba2e3a,2026-07-06 12:19:52,mathbunnyru,maintenance,False,chore: Enable most modernize checks (#7664)
XRPLF/rippled,bfde27160939,2026-07-06 15:22:02,a1q123456,maintenance,False,chore: Fix unity build (#7730)
XRPLF/rippled,f59d5c08943b,2026-07-06 15:22:11,mathbunnyru,maintenance,False,chore: Enable most misc checks (#7663)
XRPLF/rippled,7a153a2bcee4,2026-07-06 17:26:19,marek-foss-neti,maintenance,False,"test: Migrate resource, shamap Beast tests to GTest (#7133)"
XRPLF/rippled,f5e63f8a91c8,2026-07-06 19:48:36,marek-foss-neti,maintenance,False,test: Migrate basics Beast tests to GTest (#7136)
XRPLF/xrpl.js,98c714f0b940,2026-07-07 12:29:04,ckeshava,unlabelled,False,Revert #3331: don't throw on missing network_id in getServerInfo (#3379)
XRPLF/clio,5a08158e9ca0,2026-07-07 12:53:24,dependabot[bot],maintenance,False,ci: [DEPENDABOT] bump docker/metadata-action from 6.1.0 to 6.2.0 in /.github/actions/build-docker-image (#3135)
XRPLF/rippled,c5a6de6ef751,2026-07-07 13:12:52,mathbunnyru,maintenance,False,chore: Enable most cppcoreguidelines checks (#7660)
XRPLF/clio,92bd0963e3c2,2026-07-07 15:12:40,godexsoft,fix,False,fix: Shared SSL context (#3137)
XRPLF/clio,52d28f838998,2026-07-07 15:40:06,bryanjiang1,feature,False,feat: Add ETL Indexing for mpt_issuance_history (#3104)
XRPLF/rippled,2ebc96a4a67e,2026-07-07 21:02:39,mathbunnyru,fix,False,perf: Use std::from/to_chars for JSON double parsing/formating (#7735)
XRPLF/rippled,e372c4583642,2026-07-07 21:03:56,mathbunnyru,maintenance,False,chore: Enable most performance checks (#7727)
XRPLF/rippled,58af1e6f1885,2026-07-08 12:40:24,mathbunnyru,other,False,release: Bump version to 3.3.0-b1 (#7755)
XRPLF/rippled,71ee0f400b5d,2026-07-08 14:51:39,mathbunnyru,maintenance,False,chore: Use same compiler in Nix devshell as in CI (#7751)
XRPLF/rippled,c7adb215ed6b,2026-07-08 17:28:48,kuznetsss,maintenance,False,chore: Add .envrc for automatic devshell switch by direnv (#7756)
XRPLF/XRPL-Standards,df0046d4ed1d,2026-07-09 21:55:43,PeterChen13579,unlabelled,False,update flag bit (#571)
XRPLF/rippled,fd2cc6dcb308,2026-07-10 21:58:19,oleks-rip,feature,False,"feat: XLS-68: Sponsor, #5887 continuation  (#7350)"
XRPLF/rippled,8306ac7710d8,2026-07-11 00:18:31,ximinez,fix,False,fix: Improve Number addition/subtraction rounding (#7369)
XRPLF/rippled,73b6852a1228,2026-07-13 10:40:40,mathbunnyru,maintenance,False,style: Unify style for all Doxygen comments (#7776)
XRPLF/clio,50f9bc2beac8,2026-07-13 11:45:05,mathbunnyru,maintenance,False,style: Unify style for all Doxygen comments (#3142)
XRPLF/rippled,62634463f4ad,2026-07-13 13:27:14,mathbunnyru,maintenance,False,style: Add pre-commit hook to check doxygen style (#7794)
XRPLF/rippled,2b4d067aceba,2026-07-13 14:38:33,mathbunnyru,maintenance,False,test: Add tests for check doxygen style (#7795)
XRPLF/rippled,86583bc34e89,2026-07-13 17:44:47,mvadari,maintenance,False,refactor: Move `jss.h` `include` out of `Indexes.h` (#7799)
XRPLF/XRPL-Standards,b64b6c0bfb27,2026-07-13 18:01:27,yinyiqian1,unlabelled,False,XLS-94 Update: remove clear mutable flags for dynamic MPT (#562)
XRPLF/rippled,752dab8b308d,2026-07-13 18:44:59,PeterChen13579,feature,False,feat: Add delegate filter param for account_tx RPC (#6126)
XRPLF/rippled,cd06ee221d69,2026-07-13 19:19:18,mathbunnyru,maintenance,False,chore: Run clang_tidy_check with `pass_filenames: false` from pre-commit (#7800)
XRPLF/xrpl.js,55764b0bea72,2026-07-13 19:42:45,pdp2121,feature,False,feat: Support BatchV1_1 (#3371)
XRPLF/rippled,acd54fd6275f,2026-07-14 10:22:49,bthomee,maintenance,False,ci: Do not run conflict checker when label is applied (#7774)
XRPLF/rippled,e1d4f357dc58,2026-07-14 12:21:40,mathbunnyru,maintenance,False,chore: Enable most readability checks (#7772)
XRPLF/rippled,73e97b8b843d,2026-07-14 12:35:04,godexsoft,maintenance,False,test: Add JSON array size tests (#7592)
XRPLF/rippled,ab3ff66cd9a4,2026-07-14 12:55:34,mathbunnyru,docs,False,docs: Add more information about pre-commit hooks and how to set them up (#7802)
XRPLF/rippled,2e25435a4a16,2026-07-14 13:28:55,kuznetsss,maintenance,False,ci: Add Rust to Nix docker image (#7571)
XRPLF/rippled,c6211367483d,2026-07-14 14:29:18,a1q123456,maintenance,False,test: Add unit tests for IP address related functions (#7744)
XRPLF/rippled,2403670da94e,2026-07-14 14:31:06,gregtatcam,fix,False,fix: Strengthen Clawback invariant checks for MPT balances (#7285)
XRPLF/rippled,0dc942508e20,2026-07-14 16:09:20,mathbunnyru,maintenance,False,ci: Run full matrix only on `Ready to merge` or `Full CI build` labeled PRs (#7689)
XRPLF/rippled,0a4676d947d1,2026-07-14 18:16:46,ximinez,fix,False,"fix: Document and assert ""after"" is never null in invariants (#7354)"
XRPLF/rippled,f10dd7b450b5,2026-07-14 18:47:41,ximinez,fix,False,fix: Handle rounding just above kMaxRep more accurately (#7389)
XRPLF/rippled,530e09dbe898,2026-07-14 18:48:10,ximinez,fix,False,fix: Update base_uint and test changes released in 3.1.3 (#7570)
XRPLF/rippled,cda63d00a29e,2026-07-14 19:41:53,Kassaking7,fix,False,fix: Add amendment sponsor for AccountRootsDeletedClean (#7801)
XRPLF/XRPL-Standards,912fe7df74cf,2026-07-14 22:05:36,mvadari,unlabelled,False,Smart Escrow spec updates (#579)
XRPLF/rippled,a0fd1cce542f,2026-07-14 23:42:40,sophiax851,fix,False,fix: Re-store nodes missing from both backends during online_delete rotation (#7763)
XRPLF/rippled,a24e543af3b1,2026-07-15 13:30:20,ximinez,fix,False,fix: Allocate TaggedCache::getKeys() memory outside of lock (#7567)
XRPLF/xrpl.js,14064ddc091a,2026-07-15 17:21:37,ckeshava,unlabelled,False,Support for Dynamic MPTs (XLS-94D) (#3081)
XRPLF/rippled,781ab723afb1,2026-07-15 18:24:31,mathbunnyru,maintenance,False,ci: Fix workflow launch on matrix-unrelated labels (#7812)
XRPLF/rippled,433e5f68968e,2026-07-15 22:08:45,vvysokikh1,fix,False,fix: Reject zero CheckID in CheckCancel and CheckCash (#7685)
XRPLF/rippled,cd38c0e800fe,2026-07-15 23:47:22,PeterChen13579,maintenance,False,chore: Update mpt-crypto-lib to 0.4.0-rc4 (#7813)
XRPLF/XRPL-Standards,22a2f54c0507,2026-07-16 02:20:05,dependabot[bot],maintenance,False,ci(deps): bump actions/cache from 5 to 6 (#573)
XRPLF/XRPL-Standards,ca5391781a17,2026-07-16 02:23:12,dependabot[bot],maintenance,False,ci(deps): bump actions/checkout from 6 to 7 (#567)
XRPLF/rippled,b42cde3e8598,2026-07-16 09:51:19,mvadari,maintenance,False,refactor: Remove redundant enable checks in ConfidentialMPT txs (#7809)
XRPLF/rippled,69b70d7a0d46,2026-07-16 13:15:59,dangell7,fix,False,fix: Refactor Batch Transaction IDs (#7736)
XRPLF/XRPL-Standards,3f2778e49a54,2026-07-16 13:42:19,Tapanito,other,False,update: minor reword for cash-basis vault (#581)
XRPLF/rippled,18e311e1e245,2026-07-16 13:54:12,bthomee,maintenance,False,chore: Bump version to 3.3.0-rc1 (#7806)
XRPLF/rippled,a12ab0496cb4,2026-07-16 15:18:26,mvadari,fix,False,fix: Add missing pseudo-account checks
XRPLF/rippled,b1a670c46e5d,2026-07-16 15:28:04,kuznetsss,maintenance,False,ci: Add Rust to CI (#7808)
XRPLF/rippled,d569f7db9e58,2026-07-16 15:42:27,mvadari,fix,False,fix: Prevent credentials from being created for pseudo-accounts
XRPLF/rippled,701311f27e19,2026-07-16 15:44:43,andrzej-neti,maintenance,False,test: Add google benchmark dependency and migrate `nodestore` timing test as a benchmark (#7317)
XRPLF/rippled,5ce0b1c2c7cc,2026-07-16 15:47:56,Tapanito,maintenance,False,refactor: Restructure LendingHelpers to improve readability (#7807)
XRPLF/rippled,846369cbe793,2026-07-16 16:16:09,TimothyBanks,fix,False,fix: Use hashmap for quicker lookup in assembleAdd
XRPLF/rippled,d60955e2fc44,2026-07-16 16:41:34,TimothyBanks,fix,False,fix: Acquire lock on getClosedLedgerHash
XRPLF/rippled,6c793edf72c8,2026-07-16 19:07:36,TimothyBanks,fix,False,fix: Reject oversized TMPing messages
XRPLF/rippled,e1dae5f775fc,2026-07-16 20:32:54,bthomee,maintenance,False,refactor: Use `tecPSEUDO_ACCOUNT` instead of `tecNO_PERMISSION` where relevant
XRPLF/rippled,a5af6b4e4aa4,2026-07-16 20:33:03,bthomee,fix,False,fix: Charge kFeeHeavyBurdenRpc in doChannelVerify
XRPLF/rippled,4a9ee54c8811,2026-07-16 20:33:03,bthomee,fix,False,fix: Handle malformed ledger replay responses
XRPLF/rippled,5ab95748d49a,2026-07-16 20:33:03,bthomee,maintenance,False,refactor: Clean up pong replies
XRPLF/rippled,1dcaf4b54eaf,2026-07-16 20:33:03,bthomee,fix,False,fix: Bound and offload per-connection subscription cleanup
XRPLF/rippled,7877ee42a0fa,2026-07-16 20:33:03,bthomee,fix,False,fix: Reject oversized validator manifest before decoding
XRPLF/rippled,981c2569333f,2026-07-16 20:33:03,bthomee,fix,False,fix: Use weighted median for close-time offset aggregation
XRPLF/rippled,7d3611df2ab3,2026-07-17 11:33:44,a1q123456,fix,False,fix: Compute validation suppression key over canonical serialisation
XRPLF/rippled,06a9b1b61762,2026-07-17 12:07:01,mathbunnyru,maintenance,False,chore: Update mpt-crypto to 1.0.2
XRPLF/rippled,90b2a68da896,2026-07-17 12:07:42,vlntb,fix,False,fix: Reject oversized SHAMap nodes in gotStaleData and fetch-pack path
XRPLF/rippled,bf65e5fa7ba4,2026-07-17 15:20:28,mathbunnyru,maintenance,False,chore: Upload codecov for whole XRPLF org
XRPLF/rippled,033dca2f0e70,2026-07-17 18:02:35,yinyiqian1,feature,False,feat: Make DynamicMPT opt-in-immutable
XRPLF/rippled,68a765d92946,2026-07-17 18:07:57,pratikmankawde,fix,False,fix: Bound untrusted manifest cache
XRPLF/rippled,6b3eaf091b64,2026-07-17 20:06:17,shawnxie999,fix,False,fix: Change ConfidentialMPTConvert to no delegate
XRPLF/rippled,faca302adfb4,2026-07-17 21:08:57,dangell7,fix,False,fix: Check transaction type before RawTransactions
XRPLF/rippled,982bf36dd8f1,2026-07-17 21:09:13,bthomee,maintenance,False,chore: Bump version to 3.3.0-rc2
XRPLF/rippled,b2f45813e072,2026-07-20 14:04:08,mathbunnyru,maintenance,False,chore: Workaround boost compiler resolution inside Nix environment (#7826)
XRPLF/XRPL-Standards,a91c9194774e,2026-07-20 15:38:15,dependabot[bot],maintenance,False,ci(deps): bump actions/setup-python from 6 to 7 (#585)
XRPLF/rippled,4c869ee16c33,2026-07-20 17:40:38,mathbunnyru,maintenance,False,ci: Build separate pre-commit docker image (#7831)
XRPLF/rippled,60b49f3fe0d2,2026-07-20 19:11:09,mathbunnyru,maintenance,False,ci: Use in-house image for pre-commit (#7610)
XRPLF/clio,0b15620d8720,2026-07-20 19:19:16,mathbunnyru,maintenance,False,chore: Use libxrpl 3.3.0-rc1 (#3144)
XRPLF/clio,a0dc98e5e1f1,2026-07-20 20:24:41,bthomee,maintenance,False,chore: Add CODEOWNERS for CI-related changes (#3145)
XRPLF/rippled,042c9660cd13,2026-07-20 21:06:24,bthomee,maintenance,False,chore: Add CODEOWNERS for CI-related changes (#7832)
XRPLF/rippled,ee0a3dfad77a,2026-07-21 13:14:40,mvadari,maintenance,False,ci: Improve test debuggability (#7619)
XRPLF/rippled,4918f3bb200c,2026-07-21 13:38:26,mathbunnyru,maintenance,False,chore: Add doxygen in pre-commit image (#7836)
XRPLF/rippled,f56b79f00d0c,2026-07-21 13:39:37,kuznetsss,maintenance,False,ci: Add cargo to pre-commit image (#7835)
XRPLF/clio,2bd9d63f0793,2026-07-21 14:59:10,mathbunnyru,maintenance,False,ci: Use in-house image for pre-commit (#3147)
XRPLF/clio,aaf741673084,2026-07-21 15:30:06,dependabot[bot],maintenance,False,ci: [DEPENDABOT] bump actions/checkout from 7.0.0 to 7.0.1 (#3146)
XRPLF/rippled,c414e1877d52,2026-07-21 15:37:47,kuznetsss,maintenance,False,ci: Update pre-commit image (#7838)
XRPLF/rippled,ba01b05f33d4,2026-07-21 16:04:45,dependabot[bot],maintenance,False,ci: [DEPENDABOT] bump actions/setup-python from 6.3.0 to 7.0.0 (#7830)
XRPLF/clio,c073c4dfd38a,2026-07-21 17:20:00,mathbunnyru,maintenance,False,ci: Update XRPLF/actions (#3148)
XRPLF/clio,30f8a227b157,2026-07-22 12:31:21,ckeshava,fix,False,fix: Serialize MPToken UInt64 amounts as base-10 strings (#3139)
XRPLF/rippled,7edf39e62223,2026-07-22 14:00:17,kuznetsss,maintenance,False,ci: Use rust-overlay to bring Rust into nix (#7837)
XRPLF/clio,55657fd1e942,2026-07-22 15:13:47,godexsoft,fix,False,fix: Amendment block initial ledger load and cache load (#3149)
XRPLF/rippled,3122de86bfd3,2026-07-22 17:04:02,mathbunnyru,maintenance,False,build: Create versioned compiler/tooling symlinks in nix environments (#7844)
XRPLF/rippled,12ed506565d3,2026-07-22 18:50:10,mvadari,maintenance,False,chore: Clean up grammar in PR template (#7846)
XRPLF/rippled,0072ced94c73,2026-07-23 10:22:18,mathbunnyru,maintenance,False,ci: Update XRPLF/actions (#7849)
XRPLF/rippled,74cfb3586a9b,2026-07-23 11:21:49,kuznetsss,maintenance,False,ci: Update CI image (#7850)
XRPLF/xrpl.js,d272a9c36762,2026-07-23 13:57:03,rrmanukyan,maintenance,False,ci: support private xrpld images (#3416)
XRPLF/rippled,95e1ffea6e7a,2026-07-23 16:49:44,kuznetsss,maintenance,False,ci: Add llvm-tools-preview to rust toolchain (#7853)
XRPLF/rippled,38c54c3f36be,2026-07-23 18:50:59,mvadari,feature,False,feat: Add fixCleanup3_4_0 amendment (no functionality yet) (#7854)
XRPLF/rippled,9cd531659ad1,2026-07-23 18:53:15,vlntb,fix,False,"fix: Revert ""fix: Reject oversized SHAMap nodes in gotStaleData and fetch-pack path"""
XRPLF/rippled,40cdf49d1553,2026-07-23 19:05:24,mathbunnyru,maintenance,False,build: Use custom libc in a devshell by default (#7852)
XRPLF/rippled,c50edf507c3d,2026-07-23 20:27:45,pratikmankawde,fix,False,fix: Reduce untrusted manifest cache cap to 100
XRPLF/rippled,1653f0c80ffe,2026-07-23 20:39:50,bthomee,maintenance,False,chore: Bump version to 3.3.0-rc3
XRPLF/rippled,b89d75a2d504,2026-07-23 20:57:00,ximinez,maintenance,False,test: Add an RAII class to manage the env.parseFailureExpected flag (#7669)
XRPLF/rippled,4acccfeda8a0,2026-07-23 21:00:06,marek-foss-neti,maintenance,False,test: Modularize Peerfinder component and migrate Peerfinder tests from Beast to GTest and GMock (#7054)
XRPLF/rippled,4c0180b3dbb6,2026-07-23 21:38:21,marek-foss-neti,maintenance,False,test: Migrate csf and xrpld-consensus Beast non-JTx tests to GTest (#7046)
XRPLF/rippled,7908aec2ec34,2026-07-23 21:39:11,ximinez,feature,False,feat: Check default fields are not default when serializing (#6267)
XRPLF/rippled,9afa1cf4d156,2026-07-23 21:40:21,Kassaking7,fix,False,fix: Update PermissionedDEX invariant domain tracking for valid offer replacement (#7387)
XRPLF/clio,24ce768ba887,2026-07-23 22:31:15,PeterChen13579,feature,False,feat: Support Confidential Transfer Fields (#3152)
XRPLF/rippled,29d74142aee0,2026-07-24 14:59:24,mathbunnyru,maintenance,False,build: Patсh binary in local Linux nix environment (#7859)
XRPLF/rippled,ea0a6904f0c0,2026-07-24 15:52:45,mathbunnyru,maintenance,False,chore: Verify tooling version for Nix-managed environments (#7862)
XRPLF/rippled,fecfc0cf3faf,2026-07-24 17:30:20,kuznetsss,maintenance,False,chore: Fix clang version in devshell (#7860)
XRPLF/rippled,a5cc339d7b8d,2026-07-24 22:39:35,bthomee,fix,False,"fix: Revert ""fix: Set request size limits and differential pricing for get-object-by-hash calls"""
XRPLF/rippled,6668b7e8d05c,2026-07-24 22:40:02,bthomee,maintenance,False,chore: Bump version to 3.3.0-rc4
XRPLF/rippled,b878818e8094,2026-07-27 09:55:01,dependabot[bot],maintenance,False,ci: [DEPENDABOT] bump actions/checkout from 7.0.0 to 7.0.1 (#7871)
XRPLF/rippled,20801d98acd3,2026-07-27 11:58:15,andrzej-neti,maintenance,False,test: Improve the server status test to not race and randomly fail (#7304)
XRPLF/rippled,29120dfcbd1a,2026-07-27 13:00:14,andrzej-neti,maintenance,False,test: Migrate `nodestore` tests from Beast to GTest (#7292)
XRPLF/rippled,e0aa50c4bee5,2026-07-27 14:18:01,kuznetsss,maintenance,False,ci: Update CI image and prepare-runner action (#7874)
XRPLF/rippled,9466ecb5c222,2026-07-27 14:32:53,mathbunnyru,maintenance,False,ci: Group github-actions dependabot updates (#7876)
XRPLF/rippled,6c9c7f0555ce,2026-07-27 16:34:53,godexsoft,maintenance,False,chore: Trivial gtest migrations (#7865)
XRPLF/rippled,2db631c915d6,2026-07-27 17:42:07,mvadari,maintenance,False,ci: Change `server_definitions` upload config name (#7878)
XRPLF/rippled,ff7fff2cf2e9,2026-07-27 18:39:53,mathbunnyru,maintenance,False,style: Make clang-tidy format files using clang-format rules (#7880)
XRPLF/rippled,86832edc70af,2026-07-27 18:48:53,godexsoft,maintenance,False,chore: Move semantic version tests to gtest (#7872)
XRPLF/clio,84697ea51cfb,2026-07-28 14:31:35,dependabot[bot],maintenance,False,ci: [DEPENDABOT] bump docker/login-action from 4.4.0 to 4.5.1 in /.github/actions/build-docker-image (#3155)
XRPLF/rippled,e290005db5a4,2026-07-28 18:02:49,bthomee,fix,False,"fix: Re-revert ""fix: Set request size limits and differential pricing for get-object-by-hash calls"""
XRPLF/rippled,24b6dad287dd,2026-07-29 18:24:55,mvadari,fix,False,fix: Switch SponsorshipSet to use a delta for sfFeeAmount
XRPLF/rippled,ccb9db0bc715,2026-07-29 18:25:13,bthomee,maintenance,False,chore: Bump version to 3.3.0-rc5
XRPLF/rippled,6ddad54985b8,2026-07-29 22:54:46,godexsoft,maintenance,False,chore: Move lexical cast tests to gtest (#7873)
XRPLF/rippled,8a5eded4f10e,2026-07-30 11:55:39,Tapanito,feature,False,feat: Implement LoanBroker cash-basis accounting (#7817)
XRPLF/rippled,532506541ff5,2026-07-30 12:17:32,Copilot,fix,False,fix: Apply asfDisallowIncomingTrustline blocker to OfferCreate (#6307)
XRPLF/rippled,3c0659d26b6b,2026-07-30 12:18:33,oleks-rip,maintenance,False,test: Add confidential mpt bulletproof tests (#7816)
XRPLF/rippled,21cd6154076a,2026-07-30 15:02:05,bthomee,fix,False,perf: Replace node ID by depth in `TMLedgerNode` (#6353)
XRPLF/rippled,3ad6ce236eee,2026-07-30 15:29:37,mathbunnyru,feature,False,feat: Package validator-keys inside rippled
XRPLF/rippled,4eece4003d7d,2026-07-30 15:34:46,bthomee,maintenance,False,chore: Bump version to 3.3.0-rc6
XRPLF/clio,94c877b5efe0,2026-07-30 16:13:32,mathbunnyru,maintenance,False,chore: Update libxrpl to 3.3.0-rc1-custom (#3160)
XRPLF/rippled,85e73cbd32b9,2026-07-30 19:28:31,mathbunnyru,maintenance,False,ci: Run coverage first in CI (#7917)
XRPLF/rippled,ecdd457f3598,2026-07-30 23:04:38,godexsoft,maintenance,False,chore: Gtest migration followups first pass (#7884)
XRPLF/rippled,587505ef186c,2026-07-31 23:43:04,pratikmankawde,fix,False,fix: Bound untrusted manifest cache
XRPLF/rippled,32a9cc4038e6,2026-07-31 23:43:15,pratikmankawde,fix,False,fix: Reduce untrusted manifest cache cap to 100
XRPLF/rippled,0cce5a06d994,2026-07-31 23:43:18,bthomee,fix,False,fix: Reject oversized validator manifest before decoding
XRPLF/rippled,4bd1d1ca2f01,2026-07-31 23:43:18,vlntb,fix,False,fix: Cap untrusted manifests per message and drop oversized ones
XRPLF/rippled,a88ba66fcea9,2026-07-31 23:43:19,bthomee,maintenance,False,chore: Bump version to 3.2.1-rc1
XRPLF/rippled,d4c1359921f3,2026-07-31 23:46:17,ximinez,maintenance,False,chore: Bump version to 3.2.1
XRPLF/clio,c29c4f0a629b,2026-08-03 10:13:04,dependabot[bot],maintenance,False,ci: [DEPENDABOT] bump docker/login-action from 4.5.1 to 4.6.0 in /.github/actions/build-docker-image (#3163)
XRPLF/xrpl.js,0abda775a5ba,2026-08-03 14:29:40,pdp2121,feature,False,feat: Support new updates to DynamicMPT (xls-0094) (#3417)
XRPLF/rippled,8461ded0d8a1,2026-08-03 16:00:11,pratikmankawde,fix,False,fix: Cap untrusted manifests per message and drop oversized ones
XRPLF/XRPL-Standards,9b2e332d97d6,2026-08-03 19:55:40,dependabot[bot],other,False,"deps(deps): update markdown requirement from <4.0.0,>=3.10.2 to >=3.10.3,<4.0.0 (#591)"
XRPLF/rippled,97f35add2e53,2026-08-03 21:08:42,BraedonKlock,fix,False,fix: Add null check for account object reads (#7717)
XRPLF/rippled,765babb20dac,2026-08-03 21:11:33,tyalymov,fix,False,fix: Add VaultInvariant check that lossUnrealized is non-negative (#7863)
XRPLF/rippled,b8451ffa325d,2026-08-03 21:17:23,lmaisons,fix,False,fix: Add missing value_type to JSON iterators (#7907)
XRPLF/rippled,06488c1318d9,2026-08-04 13:46:55,godexsoft,maintenance,False,chore: Rename CamelCase namespaces to snake_case (#7933)
XRPLF/clio,d2d0f39614cf,2026-08-04 13:48:51,mathbunnyru,maintenance,False,chore: Update pre-commit hooks (#3164)
XRPLF/rippled,e0de716ee6e0,2026-08-04 13:49:18,Tapanito,fix,False,fix: Watch nix/*.nix files for direnv cache invalidation (#7948)
XRPLF/clio,6ce668f49316,2026-08-04 13:52:29,godexsoft,maintenance,False,chore: Add clang-tidy rules for lower_case namespaces (#3165)
XRPLF/XRPL-Standards,64805058ec4e,2026-08-04 13:54:52,Tapanito,other,False,spec(XLS-65): Update VaultSet failure conditions and state changes (#550)
XRPLF/rippled,c3ee602002e1,2026-08-04 15:43:59,Tapanito,maintenance,False,test: Split Loan_test.cpp into topical suites (#7864)
XRPLF/rippled,a75488e5ff14,2026-08-04 16:17:41,mathbunnyru,docs,False,docs: Add a fix for `command not found: nix` on macOS (#7951)
XRPLF/clio,466b60f8eac9,2026-08-04 16:22:43,PeterChen13579,feature,False,feat: Support filtering txns by mpt_issuance_id (#3153)
XRPLF/rippled,15d08770bfca,2026-08-04 17:28:52,ximinez,unlabelled,True,Merge branch 'release/3.2.x' into ximinez/merge-321-to-330
XRPLF/rippled,54cfdda00b64,2026-08-04 21:08:43,pratikmankawde,fix,False,fix: Increase manifest protocol message size cap and fix manifests relay
XRPLF/rippled,39c8c293b32e,2026-08-04 21:11:00,bthomee,maintenance,False,chore: Bump version to 3.3.0-rc7
XRPLF/rippled,41d6bb5f7364,2026-08-04 23:27:23,mathbunnyru,maintenance,False,build: Fix build on macOS 15 and Nix environment (#7953)
XRPLF/clio,f490117cfb36,2026-08-05 14:57:31,PeterChen13579,fix,False,fix: Remove clio_etl from rpc cmake (#3166)
XRPLF/rippled,8d7524f03b62,2026-08-05 17:54:44,gregtatcam,fix,False,fix: Use consistent endianness serializing MPT STIssue sequence (#7429)
XRPLF/rippled,5bf24c40456d,2026-08-06 11:04:41,mathbunnyru,maintenance,False,ci: Use a separate benchmark filter (#7919)
XRPLF/rippled,cb425647a45d,2026-08-06 13:25:28,mathbunnyru,maintenance,False,ci: Generate protocol_autogen only once in CI (#7918)
XRPLF/XRPL-Standards,c6cc032c94ab,2026-08-06 14:50:07,Tapanito,other,False,spec(XLS-65): Update VaultDelete failure conditions and state changes (#551)
XRPLF/rippled,00a178fb92ca,2026-08-06 16:34:39,mathbunnyru,maintenance,False,chore: Bump version to 3.3.0
XRPLF/rippled,9859e5cedaff,2026-08-07 15:00:25,mathbunnyru,unlabelled,True,Merge remote-tracking branch 'upstream/release/3.3.x' into mathbunnyru/merge-3.3.0-to-develop
XRPLF/XRPL-Standards,b08fc8b248f2,2026-08-07 16:10:40,yinyiqian1,unlabelled,False,update XLS-75 for PermissionDelegationV1_1 (#580)
XRPLF/rippled,a0e78b286fbb,2026-08-07 16:56:46,mathbunnyru,maintenance,False,chore: Bump version to 3.4.0-b0 (#7976)
XRPLF/rippled,abf5511d07bd,2026-08-07 19:41:23,tyalymov,fix,False,fix: Correct sign-check wording in lending protocol messages (#7913)
XRPLF/rippled,798e889ec467,2026-08-07 20:24:45,mvanhorn,fix,False,fix: Deduplicate oracle entries in get_aggregate_price RPC (#6586)
XRPLF/rippled,0fb92c319421,2026-08-07 21:29:11,mvadari,maintenance,False,refactor: Use SeqProxy instead of uint32 for all sequence-based keylets (#7890)
XRPLF/rippled,94bccb3a5a78,2026-08-07 21:53:54,gregtatcam,fix,False,fix: Fix MPT/DEX Audit/Attackathon reports (Phase 2) (#7537)
XRPLF/rippled,63d8772f69fc,2026-08-10 11:58:49,kuznetsss,maintenance,False,chore: Remove corrosion from nix (#7982)
XRPLF/rippled,07b9c59b89aa,2026-08-10 13:08:15,mathbunnyru,maintenance,False,build: Remove protobuf dependencies from Nix (#7984)
XRPLF/clio,dbdbe4ea1f49,2026-08-10 13:39:15,godexsoft,fix,False,fix: Introduce retry for transient errors from DB (#3167)
XRPLF/rippled,a24caaa6eae9,2026-08-10 15:00:30,mathbunnyru,docs,False,docs: Rearrange & simplify build/nix/environment docs (#7985)
XRPLF/rippled,71e972cbed90,2026-08-10 17:05:18,mvadari,maintenance,False,refactor: Act on TODOs that are unblocked by C++23 (#7990)
XRPLF/rippled,2967f1f0ccac,2026-08-10 17:06:29,mvadari,maintenance,False,chore: Remove unreferenced legacy documents (#7989)
XRPLF/rippled,6580b200db70,2026-08-10 17:10:18,mvadari,maintenance,False,refactor: Replace boost::lexical_cast with existing alternatives (#7991)
XRPLF/rippled,4f8819565a8b,2026-08-10 17:18:22,mvadari,fix,False,fix: Assorted cleanup fixes (#7988)
XRPLF/rippled,07aa97fda4aa,2026-08-10 17:22:40,mvadari,maintenance,False,test: Use std::string::starts_with/ends_with instead of Boost (#7992)
XRPLF/rippled,a0e1e578a0a3,2026-08-10 17:23:02,mvadari,maintenance,False,refactor: Remove operator!= overloads that C++20 synthesizes (#7994)
XRPLF/rippled,b19c3c64f24a,2026-08-10 17:47:16,yinyiqian1,fix,False,fix: Add zero keylet check in credential (#7971)
XRPLF/rippled,9c292fbe4fbd,2026-08-10 17:49:29,mathbunnyru,maintenance,False,build: Install conan configuration/profiles inside Nix devshell (#7997)
XRPLF/XRPL-Standards,9fbf7ef8eb69,2026-08-10 19:16:47,yinyiqian1,unlabelled,False,flag update for confidential mpt (#592)
XRPLF/rippled,4173f7e499e3,2026-08-10 21:30:06,BraedonKlock,fix,False,fix: Validate account_lines peer field type (#7728)
XRPLF/rippled,60291c3ed613,2026-08-10 21:34:28,Kassaking7,fix,False,fix: Allow OverrideFreeze to bypass individual/deep freeze on AMM trust lines (#6959)
XRPLF/rippled,6f5de9067aed,2026-08-10 21:37:38,PeterChen13579,maintenance,False,chore: Mark unreachable branches in Confidential Transfer with UNREACHABLE (#7903)
XRPLF/rippled,909cc5bba908,2026-08-10 21:37:53,bryanjiang1,fix,False,fix: Prevent silent zero AMM clawbacks due to integer MPT rounding (#7704)
XRPLF/rippled,639943123cce,2026-08-11 00:49:02,ckeshava,fix,False,fix: Validate buy/sell flag in nft RPC input (#7725)
XRPLF/rippled,0a572833eae9,2026-08-11 12:38:40,godexsoft,maintenance,False,chore: Gtest migration followups second pass (#7888)
XRPLF/rippled,c74724a7197d,2026-08-11 12:44:01,mathbunnyru,maintenance,False,build: Reimagine linker warnings in different scenarios (#7974)
XRPLF/rippled,d43e5acaa70f,2026-08-11 13:23:07,luisfernandomendozav,fix,False,fix: Validate account/ident type in gateway_balances (#7655)
XRPLF/rippled,a3147740f2f6,2026-08-11 13:24:56,klemenfn,maintenance,False,build: Fix GCC 14 compilation (#7981)
XRPLF/rippled,6ca2fb84d4da,2026-08-11 18:15:35,mvadari,maintenance,False,refactor: Replace Boost trim and to_lower with libxrpl helpers (#7995)
XRPLF/rippled,26cc683ec143,2026-08-11 18:15:51,gregtatcam,fix,False,fix: Assorted MPT/DEX fixes (#7299)
XRPLF/clio,62428a2d9140,2026-08-12 08:57:52,mathbunnyru,maintenance,False,chore: Update libxrpl to 3.3.0 (#3170)
XRPLF/rippled,153b7839a758,2026-08-12 13:40:39,Copilot,maintenance,False,refactor: Replace `boost::filesystem` with `std::filesystem` across the codebase (#7012)
XRPLF/rippled,1281c7a222f3,2026-08-12 16:10:17,tyalymov,maintenance,False,refactor: Drop unnecessary associateAsset calls from loan delete paths (#7986)
XRPLF/rippled,91360c5126ef,2026-08-12 16:11:28,Tapanito,maintenance,False,test: Fix LoanBatch broker cover rates and schedule overflow (#7967)
XRPLF/rippled,af36890c1113,2026-08-12 16:11:28,tyalymov,maintenance,False,test: Verify private-vault DEX permissions survive domain loss (#7937)
XRPLF/rippled,946827b9bd55,2026-08-12 16:11:28,mathbunnyru,maintenance,False,build: Respect lld linker if it gets auto-selected (#8011)
XRPLF/rippled,8e9b1791c5ee,2026-08-12 17:07:43,a1q123456,feature,False,feat: Add a new closed ended vault to extend SAV (#7921)
XRPLF/rippled,df85d43d8a57,2026-08-13 16:54:58,pratikmankawde,maintenance,False,test: Make Drop50 message drop deterministic in LedgerReplayer test (#7964)
XRPLF/xrpl.js,21a233d8a550,2026-08-13 17:09:07,kuan121,unlabelled,False,Updated ripple-binary-codec definitions (#3441)
XRPLF/rippled,028ccea7a141,2026-08-13 17:48:35,mathbunnyru,maintenance,False,build: Add curl to packaging images (#8024)
XRPLF/xrpl.js,eb42aafb3779,2026-08-13 19:34:04,arshjafri-ripple,docs,False,docs: add .ai-review/instructions.md for repo-specific review context (#3411)
XRPLF/xrpl.js,d3c277a74381,2026-08-14 02:18:02,shichengripple001,unlabelled,False,Expand team required-reviewers into individual member logins for Slack notifications (#3440)
XRPLF/rippled,a0074f83d35f,2026-08-14 10:06:49,mathbunnyru,maintenance,False,build: Fix versioned tools for exec wrappers (#8027)
XRPLF/rippled,d34aa37b3c9e,2026-08-14 13:49:08,mvadari,maintenance,False,refactor: Use std::format instead of boost::format where it fits (#7996)
XRPLF/rippled,bd87edfc75f1,2026-08-14 14:07:55,mathbunnyru,maintenance,False,test: Check versioned tools in check-tools & print nicely (#8030)
XRPLF/rippled,2adffaef724f,2026-08-14 15:36:47,bthomee,maintenance,False,refactor: Remove support for protocol version 2.1 (#7432)
XRPLF/XRPL-Standards,36b765ad3eb0,2026-08-14 17:22:42,mvadari,other,False,update: make spec changes from BatchV1_1 (#563)
XRPLF/rippled,43d842926a8c,2026-08-14 20:18:33,ximinez,maintenance,False,refactor: Rewrite Transactor::operator() to early return (#8003)
XRPLF/rippled,5337d028a255,2026-08-17 10:07:14,bthomee,maintenance,False,refactor: Use unsigned int for branch-related operations (#7938)
XRPLF/rippled,c49789086ad3,2026-08-17 12:52:20,gregtatcam,fix,False,fix: Extend locked-MPToken unauthorize check to fixCleanup3_4_0 (#8004)
XRPLF/rippled,ca6121c5b345,2026-08-17 20:58:46,gregtatcam,feature,False,feat: Enforce MPT CanTransfer on AMM LPTokens transfers (#7418)
XRPLF/rippled,1b226c8b2eb3,2026-08-17 21:15:16,gregtatcam,fix,False,perf: Optimize MPT freeze checks to reduce redundant state reads (#7411)
XRPLF/rippled,820ca5b33201,2026-08-17 23:19:56,Copilot,maintenance,False,refactor: Convert boost::beast::string_view to std::string_view (#6306)
XRPLF/rippled,dd0edc19a05b,2026-08-18 11:09:33,Tapanito,fix,False,fix: Conserve funds correctly when LoanPay fee payee is below reserve (#7843)
XRPLF/rippled,ca39bff3c829,2026-08-18 12:35:32,bthomee,maintenance,False,refactor: Add `SHAMapNodeID::isPrefixOf` (#7939)
XRPLF/rippled,f5f47f1cf559,2026-08-18 15:03:45,mathbunnyru,maintenance,False,chore: Publish debian/rpm packages from GitHub directly (#8031)
XRPLF/clio,e8e0478333c8,2026-08-18 16:43:06,bryanjiang1,feature,False,feat: Add mptoken_issuance_history RPC (#3141)
XRPLF/rippled,b21fd86f6ec8,2026-08-18 17:56:33,shawnxie999,fix,False,fix: Fix assorted NFT and pDEX bugs (#7749)
XRPLF/rippled,8c12de6c5624,2026-08-18 17:57:12,Tapanito,maintenance,False,test: Split Vault_test into topical suites under src/test/app/vault/ (#8041)
XRPLF/rippled,666e77b22c0c,2026-08-18 21:08:02,Kassaking7,fix,False,fix: Add ValidPermissionedDEX invariant track for fully consumed offer (#6736)
XRPLF/rippled,7442ff2dec1a,2026-08-18 22:39:32,oleks-rip,fix,False,fix: Enable reserve checking on ending sponsorship (#8044)
XRPLF/rippled,4113b105a574,2026-08-18 23:34:16,mathbunnyru,maintenance,False,build: Run nix macos builds in CI; deny nix store references (#8023)
XRPLF/rippled,a6983f8bf3ff,2026-08-19 00:25:46,mathbunnyru,maintenance,False,build: Use AlmaLinux for the RHEL packaging image (#8045)
XRPLF/rippled,3adf2d40b560,2026-08-19 13:09:38,Tapanito,fix,False,fix: Reject VaultWithdraw fixed-share amounts that round to zero (#7950)
XRPLF/rippled,368ff1afce19,2026-08-19 13:43:40,tyalymov,fix,False,fix: Exempt loan default from asset freeze (#7932)
XRPLF/rippled,1be48688755d,2026-08-19 13:46:11,mathbunnyru,maintenance,False,build: Sign RPM packages (#8046)
XRPLF/rippled,563986371564,2026-08-19 14:02:42,mathbunnyru,docs,False,docs: Rewrite the install guide (#8048)
XRPLF/rippled,d1dc7a6ccf75,2026-08-19 14:10:11,Tapanito,maintenance,False,refactor: Extract invariant invocation into free checkInvariants runner (#7404)
XRPLF/rippled,f370289733cb,2026-08-19 14:30:06,kuznetsss,maintenance,False,chore: Rust-C++ cmake and CI integration (#7034)
XRPLF/rippled,da57183e0c26,2026-08-19 15:05:04,mathbunnyru,maintenance,False,build: Compress the RPM payload with zstd (#8047)
XRPLF/xrpl.js,c198cafa10b1,2026-08-19 20:16:24,cybele-ripple,unlabelled,False,Sponsorship xls 68 (#3238)
XRPLF/rippled,b1ac8912101f,2026-08-20 11:47:27,mathbunnyru,maintenance,False,ci: Do not cache cargo binaries (#8062)
XRPLF/rippled,a3a2c85c41e4,2026-08-20 13:05:18,mathbunnyru,maintenance,False,build: Use debian `any` distribution & signed (hosted) rpm repo (#8053)
XRPLF/rippled,3b1c9e4320f0,2026-08-20 13:12:14,dependabot[bot],maintenance,False,chore: [DEPENDABOT] Bump cxx from 1.0.198 to 1.0.199 in /crates in the rust-dependencies group across 1 directory (#8050)
XRPLF/rippled,959a186a0f05,2026-08-20 13:19:07,a1q123456,maintenance,False,build: Suppress MSVC linker warning LNK4099 (#8049)
XRPLF/clio,8e091871cba9,2026-08-20 14:42:22,mathbunnyru,maintenance,False,"chore: Revert ""feat: Add mptoken_issuance_history RPC"" (#3183)"
XRPLF/clio,4f884e3b4ba2,2026-08-20 14:57:46,godexsoft,fix,False,fix: Better validator for issuer (#3184)
XRPLF/clio,e6c91a15721b,2026-08-20 14:57:56,mathbunnyru,fix,False,fix: Use credentialTypeValidator in LedgerEntry (#3185)
XRPLF/rippled,e3ba569187c7,2026-08-20 15:33:46,shawnxie999,fix,False,fix: Check credential for LoanBrokerCoverWithdraw and VaultWithdraw (#7107)
XRPLF/rippled,422e5245e4a6,2026-08-20 16:02:26,kuznetsss,maintenance,False,ci: Save cargo cache only from develop by default (#8063)
XRPLF/rippled,cc767085633a,2026-08-20 16:05:18,tyalymov,fix,False,fix: Return specific and consistent errors from vault_info (#8015)
XRPLF/rippled,a1478fac3908,2026-08-20 16:28:43,mathbunnyru,docs,False,docs: Fix yum installation baseurl (#8066)
XRPLF/xrpl.js,519cfaa9a04b,2026-08-20 16:41:33,kuan121,unlabelled,False,Support for Confidential MPT (XLS-0096) (#3364)
XRPLF/rippled,d0dbf9163c66,2026-08-20 19:04:04,Kassaking7,fix,False,fix: Prevent AMM auction slots from being acquired at zero cost when trading fee is zero (#7430)
XRPLF/rippled,3ab5288ef24e,2026-08-20 19:05:28,gregtatcam,fix,False,fix: Enforce MPT balance invariants under the latest cleanup amendment (#7889)
XRPLF/rippled,85512541ad78,2026-08-20 19:25:27,mvadari,maintenance,False,refactor: Collapse transactions.macro settings into a TxSettings struct (#8001)
XRPLF/rippled,d27beef50094,2026-08-20 19:40:42,ximinez,fix,False,perf: Speed up addition time for drastically different exponents (#7825)
XRPLF/xrpl.js,cb667bbb82ca,2026-08-20 20:46:13,github-actions[bot],unlabelled,False,Release 2.9.0: release/ripple-binary-codec@2.9.0 → main (#3442)
XRPLF/rippled,046d4dd4afca,2026-08-21 12:30:17,tyalymov,fix,False,fix: Reject vault deposits that move nothing from the depositor (#8014)
XRPLF/rippled,fe4ccdf7500d,2026-08-21 15:20:44,mvadari,fix,False,fix: Add assert for account_info flags (#7987)
XRPLF/clio,10b3eee5115a,2026-08-24 11:04:15,dependabot[bot],maintenance,False,ci: [DEPENDABOT] bump docker/setup-buildx-action from 4.2.0 to 4.3.0 in /.github/actions/build-docker-image (#3189)
XRPLF/rippled,a097ccebae3c,2026-08-24 12:50:57,tyalymov,fix,False,fix: Tighten destination checks on vault withdrawal (#7977)
XRPLF/rippled,520650081bda,2026-08-24 13:06:44,tyalymov,fix,False,"fix: Remove credentials pinned to Vault, LoanBroker, and AMM pseudo-accounts (#7877)"
XRPLF/clio,74f5dcc95efc,2026-08-24 14:15:01,godexsoft,maintenance,False,chore: Add back reverted feature adding mptoken_issuance_history RPC (#3188)
XRPLF/clio,bdfbb78115f2,2026-08-24 14:15:26,godexsoft,fix,False,fix: Fiber suspension during exception (#3187)
XRPLF/clio,3ad2ccddaaa8,2026-08-24 14:15:50,godexsoft,fix,False,fix: Output format for MPT Issuance ID (#3178)
XRPLF/rippled,764cbe7c2956,2026-08-24 14:16:03,ximinez,fix,False,perf: Pause online delete if there any gaps in recent ledger history (#5531)
XRPLF/clio,292d55aa1c99,2026-08-24 16:00:09,godexsoft,fix,False,fix: Rare deadlock in subscriptions (#3176)
XRPLF/rippled,8bc6e81c5f0d,2026-08-24 16:17:12,bthomee,fix,False,fix: Reject an inner node claimed at leaf depth in `verifyProofPath` (#7940)
XRPLF/rippled,f137d7151059,2026-08-24 16:17:33,a1q123456,maintenance,False,test: Split Invariants_test.cpp into per-topic files (#8077)
XRPLF/rippled,9d41b1bd1c53,2026-08-24 16:23:43,tyalymov,fix,False,fix: Exempt vault and loan broker accounts from IOU authorization (#8013)
XRPLF/clio,2e7f303b7a8f,2026-08-24 17:03:55,godexsoft,fix,False,fix: WebServer NG send queue (#3181)
XRPLF/clio,96f56edb014c,2026-08-24 17:49:55,PeterChen13579,feature,False,feat: Add delegate filter param's to account_tx RPC (#2827)
XRPLF/rippled,0fdaf69e2c2e,2026-08-24 20:41:58,bthomee,maintenance,False,chore: Bump version to 3.4.0-b1 (#8102)
XRPLF/clio,b0a3f85f0854,2026-08-25 11:24:13,mathbunnyru,maintenance,False,chore: Update XRPLF/actions (#3191)
XRPLF/clio,f41d533cf700,2026-08-25 12:19:57,godexsoft,fix,False,fix: Internal error on warning injection (#3177)
XRPLF/clio,7d33ecac0f02,2026-08-25 12:20:55,mathbunnyru,feature,False,feat: Accept MPT issuance IDs in book_offers (MPTokensV2) (#3190)
XRPLF/rippled,473fe44a85c8,2026-08-25 13:48:26,kuznetsss,maintenance,False,chore: Upgrade rust toolchain to 1.97.1 (#8105)
XRPLF/rippled,c5dc4085969f,2026-08-25 14:13:02,a1q123456,fix,False,fix: Remove `explicit` from std/boost hash specialisation default constructors (#8100)
XRPLF/rippled,45e4b8899df3,2026-08-25 14:34:41,mathbunnyru,maintenance,False,build: Update packaging images; add Python (#8106)
XRPLF/rippled,ec042fefeeca,2026-08-25 17:07:58,Tapanito,fix,False,fix: Absorb Vault invariant rounding noise (#8055)
XRPLF/rippled,9e2aaf6f60aa,2026-08-25 17:09:03,mathbunnyru,maintenance,False,build: Add rust-toolchain.toml to .envrc (#8107)
XRPLF/rippled,5e3d20b3ed7b,2026-08-25 17:59:37,Tapanito,fix,False,fix: Prevent vault clawback and withdraw overrun (#8075)
XRPLF/xrpl.js,882db9fa600e,2026-08-25 18:03:49,github-actions[bot],unlabelled,False,Release 2.10.0: release/ripple-binary-codec@2.10.0 → main (#3451)
XRPLF/xrpl.js,4d9fc9b8e714,2026-08-25 18:31:40,github-actions[bot],unlabelled,False,Release 0.1.1: release-mpt-crypto-0.1.1 → main (#3449)
XRPLF/xrpl.js,59a135427497,2026-08-25 18:55:29,github-actions[bot],unlabelled,False,Release 5.1.0: release/xrpl@5.1.0 → main (#3453)
XRPLF/rippled,fee4bfc22e9a,2026-08-25 19:32:03,mathbunnyru,maintenance,False,build: Implement packaging in Python (#8109)
XRPLF/rippled,421af6db7966,2026-08-26 00:08:25,Tapanito,fix,False,fix: Reject open-ended vaults at LoanBrokerSet (#8076)
XRPLF/clio,8a91ba85c4a1,2026-08-26 13:07:58,godexsoft,maintenance,False,refactor: Separate handler registry (#3169)
XRPLF/rippled,50527485d3c3,2026-08-26 13:13:59,mathbunnyru,maintenance,False,"build: Rename release channels: unstable->rc, experimental->beta (#8116)"
XRPLF/rippled,f7ea645bf4d4,2026-08-26 13:14:53,PeterChen13579,fix,False,fix: AMMClawback exact LP token boundary (#7373)
XRPLF/rippled,36c165f74df1,2026-08-26 13:38:24,Tapanito,fix,False,fix: Prevent early loan impairment and due-date manipulation (#6557)
XRPLF/rippled,42502e4263f7,2026-08-26 13:42:19,kuznetsss,maintenance,False,ci: Update CI image (#8121)
XRPLF/rippled,f8fba079fe8d,2026-08-26 13:55:04,tyalymov,fix,False,fix: Refuse a pseudo-account as the vault clawback holder (#8111)
XRPLF/rippled,d83a84510e2a,2026-08-26 14:03:01,mathbunnyru,maintenance,False,chore: Bump version to 3.4.0-b2 (#8120)
XRPLF/rippled,c28d389e0e3b,2026-08-26 14:04:58,mathbunnyru,maintenance,False,build: Refactor generate.py to make packaging_config part of config (#8115)
XRPLF/clio,4afc3fdb76bd,2026-08-26 15:20:30,godexsoft,maintenance,False,chore: Introduce `xrpl-rpc-spec` 0.1.6 dependency (#3171)
XRPLF/rippled,3c47af779ca7,2026-08-26 17:02:05,Tapanito,fix,False,"fix: Clamp Vault Deposit, Withdraw, and Clawback to assetsTotal grid (#8057)"
XRPLF/rippled,1e8b136bfb6c,2026-08-26 17:35:54,Tapanito,feature,False,feat: Enable LendingProtocolV1_1 amendment (#8125)
XRPLF/rippled,dc3bd9cf00b5,2026-08-26 18:09:46,gregtatcam,fix,False,fix: Fix MPT/DEX Audit/Attackathon reports (Phase 1) (#7334)
XRPLF/rippled,b6a899583b2d,2026-08-26 19:44:31,mathbunnyru,maintenance,False,build: Make packaging reusable (#8126)
XRPLF/rippled,e0151229b647,2026-08-27 08:15:38,Tapanito,fix,False,fix: Waive unrealized-loss discount on sole-holder VaultClawback (#8119)
XRPLF/clio,8ee9bb92ae66,2026-08-27 12:00:49,mathbunnyru,maintenance,False,build: Publish Clio to packages.xrplf.org (#3192)
XRPLF/clio,bab8789bbb7e,2026-08-27 13:03:04,mathbunnyru,maintenance,False,ci: Fix when dry-run flag is applied (#3193)
XRPLF/rippled,3967ed6d54b4,2026-08-27 13:34:38,mathbunnyru,maintenance,False,build: Update release-info to get better pkg_release (#8131)
XRPLF/rippled,71f555587314,2026-08-27 13:52:23,a1q123456,feature,False,feat: Remove pseudo account field filter (#8042)
XRPLF/clio,58d8f12ba32c,2026-08-27 15:40:19,mathbunnyru,maintenance,False,test: Use credentialTypeValidator in LedgerEntry (#3195)
XRPLF/rippled,7281e0606ab0,2026-08-27 17:15:17,a1q123456,feature,False,feat: Add vault invariants (#7732)
XRPLF/rippled,9a7c5ea593fa,2026-08-27 17:26:55,mathbunnyru,maintenance,False,chore: Bump version to 3.4.0-b3 (#8132)
XRPLF/xrpl.js,d23b2bf5aebe,2026-08-27 21:31:01,arshjafri-ripple,maintenance,False,chore(coderabbit): reduce review noise and load .ai-review/instructions.md (#3422)
XRPLF/clio,e5f11df558c2,2026-08-28 15:32:29,godexsoft,fix,False,fix: Rare race in cluster tests (#3194)
XRPLF/clio,9cd44a06dd3e,2026-08-28 15:32:50,godexsoft,fix,False,fix: Internal error in `account_info` with pseudo account (#3196)
XRPLF/rippled,fac20a06f334,2026-08-31 17:21:25,Copilot,maintenance,False,refactor: Add common helper function for injected metadata fields in RPCs (#5706)
